x,y,outcome
2.92,103.2,0
20.22,137.0,1
14.85,253.7,0
5.14,249.7,0
28.79,243.1,0
8.04,220.3,0
6.53,274.7,1
12.92,150.2,0
16.94,276.8,0
37.94,150.1,0
31.70,135.7,1
19.34,254.2,0
27.36,210.0,0
6.27,244.8,0
3.26,173.4,1
33.07,295.9,0
35.41,154.2,0
17.16,273.3,1
4.36,286.1,0
4.71,215.8,0
8.86,299.1,0
18.21,179.2,0
5.60,106.5,1
25.64,182.1,0
30.89,162.4,0
20.59,279.9,0
17.00,161.3,0
6.77,179.5,0
32.68,299.4,1
19.69,136.9,0
24.22,104.3,0
10.48,207.7,0
19.89,287.5,0
12.47,216.9,1
30.93,213.1,0
13.36,104.6,0
14.11,259.0,0
22.10,197.4,0
16.84,281.4,0
20.64,291.6,0
15.47,172.9,0
29.39,272.9,0
4.77,258.9,1
33.19,281.0,0
6.03,265.5,0
30.59,255.3,1
2.07,128.8,1
15.03,156.7,1
7.10,243.9,0
4.42,113.6,0
39.87,246.2,1
22.72,205.8,1
15.63,255.4,0
37.65,280.9,1
34.54,230.4,0
39.20,121.7,0
0.92,278.7,0
1.06,242.5,0
31.28,249.4,0
24.89,192.8,0
7.48,103.2,1
11.80,251.8,0
16.45,129.1,0
37.21,110.6,1
25.07,269.6,0
4.61,285.1,0
36.67,257.0,0
19.75,180.2,0
11.13,250.1,1
6.23,285.1,0
24.63,218.5,0
21.23,192.7,1
23.22,293.3,0
26.88,235.5,1
30.90,194.1,0
18.39,275.3,0
38.00,152.9,0
38.48,157.0,0
8.19,256.1,0
10.08,156.5,0
31.26,100.2,0
31.15,289.8,0
4.30,227.9,0
27.55,121.8,1
2.07,197.0,0
17.76,213.1,0
28.66,146.6,0
27.40,122.0,0
36.58,104.0,0
16.68,280.7,0
5.97,271.1,0
24.57,200.7,0
18.07,166.8,0
38.23,282.5,0
35.50,206.6,0
6.09,167.2,0
20.55,160.4,0
15.48,252.1,0
39.35,279.2,1
10.04,172.2,0
22.88,298.3,0
12.64,155.6,0
10.37,102.2,1
20.60,141.2,1
37.13,138.4,0
12.31,230.7,0
0.45,134.3,1
28.01,253.3,1
3.50,136.0,0
23.99,245.6,0
19.52,161.1,1
15.70,256.5,0
26.38,119.8,1
8.44,140.2,0
30.85,186.7,0
27.31,167.3,0
39.06,270.2,0
38.27,239.1,0
12.60,233.8,0
14.88,200.8,0
1.53,258.3,1
8.30,142.5,0
19.23,198.1,0
7.09,272.4,0
31.20,252.0,0
17.98,240.4,0
28.23,219.2,0
18.06,285.8,0
37.78,291.2,0
38.78,245.4,0
32.01,259.6,0
28.11,146.3,0
3.67,224.2,0
6.96,264.4,1
38.75,266.5,0
16.37,215.9,0
3.85,179.3,0
7.05,138.1,0
32.28,123.7,1
12.82,183.6,0
4.29,118.5,0
8.55,274.3,0
13.08,147.4,1
1.90,171.0,0
31.05,107.4,1
11.38,167.0,0
39.26,294.0,0
4.53,191.4,0
31.19,226.5,1
6.61,111.8,0
32.14,113.3,1
27.68,167.6,1
5.71,289.2,0
15.29,139.2,0
24.29,207.8,0
35.96,131.6,1
14.06,192.8,0
16.92,236.6,0
21.71,141.6,0
32.61,242.5,1
3.82,229.8,0
16.59,247.0,0
15.30,206.7,1
39.69,145.5,1
12.08,253.7,0
39.55,165.2,1
34.62,247.9,1
35.33,279.9,0
4.67,253.9,0
24.03,178.4,0
11.34,171.2,0
32.44,192.8,0
29.15,169.8,0
30.99,123.4,0
19.28,279.2,0
36.78,243.4,0
20.24,237.2,0
30.05,113.5,0
24.57,149.7,1
5.42,296.1,0
0.81,113.8,0
0.04,102.6,1
33.63,232.4,0
28.94,121.7,1
23.65,251.9,0
26.20,255.6,0
19.30,239.7,0
16.15,156.6,0
5.92,259.8,0
6.37,145.8,0
39.91,218.3,0
37.30,143.4,1
38.14,217.1,0
12.16,185.7,0
32.05,260.6,1
32.50,105.2,0
19.32,119.5,0
16.96,182.6,0
30.60,261.5,0
37.99,255.8,0
15.52,248.3,0
18.06,284.7,0
39.09,227.2,0
0.70,118.3,0
39.26,261.1,1
4.05,264.6,1
3.14,118.6,0
25.94,260.5,0
30.29,199.1,0
15.67,233.9,0
4.04,228.2,1
14.97,112.9,0
14.19,133.8,1
12.39,180.4,1
35.74,230.4,1
0.19,120.6,0
12.52,242.7,0
16.79,270.4,0
5.52,106.0,0
15.92,172.9,0
30.80,240.7,0
38.76,104.9,1
27.73,146.2,1
29.29,106.1,1
15.12,215.9,1
16.65,278.6,0
25.11,221.3,1
26.39,193.4,0
7.04,101.0,0
36.32,152.5,0
21.37,219.3,0
9.39,225.2,0
39.28,232.2,0
20.21,299.3,0
29.71,122.1,1
1.52,183.6,0
25.29,179.6,0
27.44,178.5,0
21.11,280.6,1
13.44,209.8,1
14.87,157.4,0
17.69,257.3,1
8.84,146.7,0
26.47,277.7,0
15.54,225.3,0
32.00,287.5,0
14.40,142.4,0
32.23,222.4,0
36.08,152.5,0
10.90,191.0,0
9.32,227.5,0
8.25,162.0,0
9.02,150.5,0
39.65,215.5,1
1.85,152.8,0
25.73,240.8,0
21.03,179.0,1
28.37,279.4,0
15.30,148.8,1
30.51,184.1,0
25.55,219.4,0
32.92,175.6,0
11.17,292.6,0
10.64,126.0,0
11.76,205.4,0
23.37,169.2,0
6.92,242.6,0
34.69,262.1,0
28.70,198.4,1
28.57,119.4,0
28.81,251.3,0
3.47,146.8,1
9.91,249.7,0
26.72,207.9,0
15.04,193.0,0
7.71,138.8,0
37.91,208.7,1
27.05,206.6,0
24.86,144.3,0
18.74,169.6,0
0.30,266.0,0
9.45,194.9,0
9.16,281.2,0
29.31,220.4,0
35.68,150.9,0
13.62,171.6,0
8.00,182.0,0
3.61,175.5,1
32.63,251.1,0
23.98,217.6,1
2.44,225.3,0
19.10,154.3,0
39.75,153.0,1
34.95,148.6,1
38.81,104.2,1
6.60,243.7,0
29.82,143.7,0
10.92,116.9,0
8.53,151.9,1
35.71,254.4,0
20.60,189.1,0
20.62,264.0,0
2.11,131.9,0
5.97,276.4,0
20.80,114.0,0
14.24,197.4,1
8.96,163.8,0
31.49,236.2,0
21.63,221.5,0
18.60,295.3,0
5.13,269.7,0
26.76,177.0,1
18.27,123.6,1
22.29,274.5,0
11.62,111.8,0
25.32,191.0,1
39.31,220.5,1
3.28,291.4,0
13.64,293.4,0
29.29,142.3,0
15.46,100.6,0
6.52,226.5,0
7.64,295.4,0
10.65,282.4,0
27.79,112.4,0
0.75,231.6,0
28.26,273.0,1
12.74,167.0,0
34.32,295.3,0
15.97,249.9,0
0.09,113.2,0
7.34,283.5,0
22.90,157.1,0
23.94,270.4,0
31.55,191.7,1
24.31,169.0,0
39.70,121.5,0
16.76,108.6,1
2.79,125.7,0
19.05,199.4,1
26.72,171.3,1
8.75,188.6,0
26.56,207.8,1
25.65,287.1,0
7.99,280.2,0
38.52,221.8,1
22.67,254.9,0
23.54,251.3,0
24.94,116.0,0
33.91,175.5,1
2.30,198.6,0
35.79,221.3,1
29.85,216.0,1
7.23,166.8,0
33.95,100.9,0
28.16,172.0,0
39.78,219.8,0
27.74,216.6,1
21.30,208.2,0
29.88,163.8,1
0.58,172.9,0
17.90,172.9,0
19.36,194.0,0
10.17,200.1,1
14.67,179.9,0
12.68,147.4,0
26.38,218.1,1
37.25,179.2,1
10.38,139.3,0
7.68,114.6,0
38.15,238.8,0
2.76,170.2,0
32.05,217.3,1
35.84,265.9,0
39.20,122.6,1
13.66,264.5,0
18.39,189.0,0
36.66,233.2,0
2.36,123.4,0
25.18,217.1,0
19.65,244.3,0
33.77,128.0,0
29.98,207.3,0
21.15,298.5,1
24.58,241.2,1
39.60,119.7,1
39.94,132.1,1
4.60,228.9,0
21.97,255.3,0
33.27,217.7,0
24.02,251.2,0
26.55,279.7,0
27.45,148.6,0
20.61,156.7,0
33.68,172.6,0
12.90,208.4,0
12.02,209.1,0
9.20,110.6,0
25.99,151.1,0
14.03,213.2,0
26.31,165.1,0
2.57,110.6,0
30.09,279.3,1
23.89,190.7,0
9.72,184.4,0
26.81,135.2,1
6.58,227.2,0
0.96,175.5,0
7.58,135.3,0
35.56,104.6,1
36.77,162.9,1
29.01,204.3,0
2.22,156.9,1
4.46,163.3,0
2.69,274.5,1
13.80,227.6,1
3.75,209.9,0
27.82,203.2,1
27.95,124.0,1
11.70,243.5,0
28.45,182.5,0
13.87,199.5,1
6.40,277.7,0
22.56,153.5,0
19.72,241.2,0
29.51,136.9,1
38.75,217.9,1
27.87,276.2,0
28.25,274.7,1
17.11,220.2,0
3.02,236.2,0
2.50,268.4,0
2.45,280.0,0
14.13,106.9,0
36.81,236.6,1
34.39,282.0,1
18.20,156.5,0
30.41,178.8,1
20.35,221.7,0
17.06,215.6,0
15.32,105.4,0
1.31,188.3,0
18.16,218.9,0
18.79,225.4,0
24.44,250.5,0
25.25,178.1,0
30.85,182.9,0
7.82,108.3,0
2.00,272.2,1
30.18,213.0,1
22.69,288.8,0
15.54,269.6,0
38.76,152.0,0
1.73,193.5,0
24.41,268.4,0
1.35,258.6,0
2.98,188.4,0
28.41,288.9,1
34.68,170.4,1
28.22,270.3,0
12.28,194.8,0
39.81,240.2,0
36.80,122.6,0
32.94,283.6,0
9.35,131.8,0
10.10,159.8,0
4.77,130.2,0
7.55,269.7,0
10.08,157.0,0
3.11,217.2,1
16.91,202.4,0
36.15,152.7,0
11.08,225.8,0
17.10,153.2,0
28.94,228.5,1
8.91,155.7,0
0.46,128.4,0
21.71,218.0,0
20.91,231.7,0
38.38,142.5,0
7.10,169.3,0
39.11,244.5,1
27.66,237.1,1
23.70,219.4,0
4.82,239.5,0
39.28,295.0,0
2.68,115.7,0
25.38,205.4,0
3.29,288.6,0
16.12,212.9,0
26.68,293.2,0
14.48,215.2,0
12.77,139.0,0
3.24,180.5,0
1.72,261.1,0
26.33,141.3,1
12.30,221.3,1
23.95,165.0,0
34.54,233.4,1
11.06,167.0,0
30.67,142.7,1
1.53,126.5,1
12.33,168.1,0
37.20,111.6,1
24.37,266.2,0
11.58,119.3,0
28.47,108.0,0
39.77,288.2,0
18.14,147.3,1
16.64,165.0,0
20.23,184.1,0
26.60,119.4,0
6.19,231.9,0
34.26,238.8,1
3.98,186.1,0
16.73,253.0,0
15.04,219.8,0
36.69,207.6,0
15.92,152.2,0
35.83,297.2,0
23.30,273.7,0
19.74,169.6,1
37.11,179.1,0
16.35,171.8,1
15.48,147.1,0
21.37,241.7,1
24.17,139.1,0
9.05,255.1,0
20.22,286.2,0
17.27,276.9,0
13.83,195.6,0
31.41,220.1,1
17.04,112.4,0
0.90,295.4,0
38.95,284.0,0
7.33,293.2,0
15.24,138.4,0
22.20,280.5,0
13.42,206.5,1
38.34,170.3,1
10.09,215.5,0
13.90,119.3,0
6.67,167.6,0
4.22,262.7,0
16.33,278.6,0
2.24,149.0,1
27.16,230.9,0
17.43,171.3,1
24.55,203.2,0
19.59,282.6,0
16.13,125.4,0
6.22,149.9,0
37.67,249.2,1
14.31,177.6,0
7.78,108.7,1
29.63,267.0,0
36.28,180.0,1
34.59,130.0,0
12.92,292.5,0
30.91,103.5,0
13.14,269.9,0
16.29,168.0,0
13.38,176.0,0
14.25,276.2,0
26.87,118.0,0
18.67,181.7,0
19.99,270.1,0
28.62,167.4,0
3.02,233.9,0
18.81,120.0,0
21.26,267.6,0
29.44,127.4,0
10.15,168.4,0
25.53,150.4,0
37.87,166.2,1
2.38,213.1,0
19.03,150.6,0
14.51,172.6,0
7.85,146.9,0
31.70,201.3,0
18.93,293.5,0
7.77,114.8,0
16.45,134.0,0
32.45,235.1,0
23.60,111.4,1
34.62,131.0,1
7.61,229.4,1
26.54,125.1,0
17.67,177.4,1
10.90,122.2,0
35.81,185.1,0
17.11,158.7,1
18.36,103.2,1
36.28,121.1,0
24.65,189.4,0
34.74,250.5,0
6.24,130.2,0
39.88,219.4,0
38.91,226.5,0
1.95,251.6,0
33.76,240.2,0
8.41,214.7,0
30.38,188.1,0
3.27,194.6,0
35.24,186.9,1
22.37,108.8,0
12.74,240.3,0
23.00,108.2,0
10.37,296.9,0
35.37,208.9,1
2.81,201.5,0
39.90,220.8,1
31.87,123.2,0
32.38,176.9,0
24.89,120.0,0
33.58,281.7,1
17.33,272.5,0
26.83,241.8,0
10.48,281.4,0
15.56,150.1,0
24.71,152.7,1
0.84,215.0,0
4.48,205.2,0
14.54,115.6,0
13.40,110.2,0
13.18,219.5,0
27.19,145.7,0
3.97,159.9,0
11.10,250.6,0
7.39,268.4,0
21.56,122.4,1
22.67,246.8,0
31.60,126.8,0
33.41,250.8,1
39.58,198.7,1
7.51,125.9,0
0.37,189.2,0
8.07,184.4,0
15.49,239.2,0
23.78,223.9,0
20.90,152.2,0
16.01,247.7,0
14.50,201.9,0
14.52,207.2,1
32.01,225.4,0
13.43,106.5,0
21.99,216.1,0
37.12,267.4,0
34.01,287.9,0
5.82,289.3,1
33.97,165.5,0
30.42,258.6,0
7.57,165.4,0
29.73,275.4,1
29.17,290.5,0
17.68,111.9,0
8.88,185.5,0
25.70,189.0,0
28.98,241.6,0
22.38,177.3,0
18.24,135.0,0
29.47,229.5,1
34.31,134.9,1
2.86,236.0,0
36.93,124.3,0
31.19,270.6,0
33.42,104.5,1
16.10,119.2,0
37.50,201.5,0
25.81,108.5,0
24.42,165.6,1
16.41,216.5,1
16.88,107.7,1
29.35,165.3,0
15.95,185.5,0
4.44,132.4,0
37.46,275.9,0
28.42,248.2,0
18.20,128.4,0
34.41,283.6,1
16.38,291.4,0
6.35,116.6,0
20.76,120.9,0
2.81,189.4,0
32.46,246.4,1
32.11,237.3,0
21.23,193.1,0
24.74,201.4,1
9.62,168.9,0
34.18,265.8,0
36.56,293.5,0
38.03,103.2,0
38.05,196.4,1
19.17,232.8,0
3.25,110.0,0
36.17,260.7,0
16.99,299.5,1
25.70,228.8,1
37.77,285.1,0
2.34,245.4,0
33.27,110.8,1
20.05,183.8,0
23.19,270.8,0
12.19,128.7,0
19.18,233.6,0
26.75,115.2,0
30.62,137.0,1
37.14,273.0,1
34.89,189.9,0
30.11,270.2,0
17.95,275.6,0
35.64,247.8,1
27.25,165.6,0
28.72,280.2,0
27.03,231.7,1
31.02,278.9,0
25.19,270.9,0
13.68,257.7,0
34.05,295.9,1
12.93,139.7,0
25.25,265.0,0
39.69,143.7,0
17.43,158.8,0
19.28,214.1,0
0.28,292.7,0
15.51,287.2,0
11.67,261.2,0
11.76,299.4,0
38.31,216.6,0
35.22,280.8,0
4.08,287.6,0
0.76,130.9,0
24.98,166.5,1
8.53,274.0,0
11.14,295.1,1
33.57,142.8,0
16.18,201.8,0
15.09,268.6,1
36.92,229.8,0
35.14,179.4,0
3.27,299.1,0
28.05,117.1,1
3.08,207.6,0
28.21,290.4,0
28.51,192.9,1
8.29,287.4,0
27.59,231.9,0
36.78,105.0,0
16.72,224.8,0
33.29,245.2,1
35.28,120.8,1
28.54,105.5,0
24.14,115.5,1
17.89,192.6,0
25.85,296.6,0
31.12,250.6,0
24.33,243.9,0
34.78,145.3,0
37.27,264.6,0
3.54,241.6,0
14.65,270.4,0
19.68,202.1,0
9.21,135.6,0
34.51,211.4,0
21.61,203.1,0
30.31,290.4,0
2.95,254.1,0
16.51,268.3,0
16.22,282.5,0
10.93,279.7,0
2.69,276.2,0
35.05,176.3,1
6.75,279.0,0
19.73,142.5,0
37.02,125.3,0
31.74,218.7,0
32.89,174.2,0
24.13,221.8,0
9.21,155.6,0
19.05,129.5,0
19.10,244.6,0
26.84,265.8,1
31.29,290.4,0
12.38,236.0,0
22.95,260.9,0
35.18,110.5,1
10.86,176.2,1
11.79,238.4,0
27.33,169.5,1
10.12,287.2,0
12.82,223.1,0
7.07,299.4,0
22.19,162.1,0
15.90,155.7,0
29.98,155.6,1
30.92,129.7,1
13.83,192.5,0
10.69,103.0,0
20.00,187.1,0
37.68,108.3,0
23.54,136.9,0
17.54,149.4,0
28.57,217.7,0
36.89,248.9,0
10.50,240.5,0
6.72,138.1,1
14.75,249.5,0
24.45,190.4,0
8.04,148.3,0
35.51,126.2,0
36.39,270.6,1
19.56,256.9,0
38.18,119.2,1
23.08,168.2,1
7.67,276.6,0
3.91,287.4,0
12.27,281.9,0
1.54,251.6,0
6.64,288.4,0
32.68,193.1,1
31.74,268.2,1
12.22,168.0,0
39.52,160.2,0
0.61,251.8,0
22.87,275.3,0
36.88,180.4,0
30.83,299.3,1
12.48,285.5,0
35.64,131.4,1
14.44,197.5,0
24.92,120.8,0
22.95,209.7,0
12.86,208.4,0
26.00,205.3,0
4.47,158.7,0
4.25,139.6,0
35.22,293.9,0
19.25,206.8,1
19.21,283.0,0
14.93,136.8,0
16.44,139.0,0
12.41,277.6,0
31.09,272.1,1
3.24,202.2,0
1.27,145.0,1
2.63,107.5,1
29.09,286.7,0
25.34,299.8,0
33.52,244.9,0
26.34,148.2,0
25.93,174.5,0
32.99,149.5,1
6.98,294.6,0
6.41,237.5,0
22.25,246.0,0
30.78,164.4,1
32.50,191.2,0
25.91,208.5,1
26.00,116.9,0
38.85,241.7,1
20.10,151.6,0
19.55,225.1,0
12.43,245.0,0
16.82,282.7,0
37.09,241.2,0
24.76,188.9,0
7.10,191.4,0
25.87,255.0,1
16.24,147.8,0
2.88,275.8,0
18.41,204.9,0
17.17,279.5,1
6.13,291.7,0
22.90,149.4,0
10.30,173.7,0
33.54,197.6,0
12.33,250.6,0
24.18,182.8,0
5.46,159.5,0
35.74,176.2,1
33.69,229.1,0
7.97,226.9,0
16.20,187.1,0
32.93,162.9,1
24.10,289.4,0
10.84,291.4,0
11.01,152.4,0
23.09,205.7,0
0.44,251.0,0
18.83,181.5,0
6.21,298.5,0
5.03,203.7,0
34.21,295.8,0
2.89,280.5,0
8.62,129.1,1
6.53,151.7,0
39.49,134.6,1
28.59,169.2,0
36.38,180.9,1
29.43,171.4,1
33.60,204.4,0
20.38,295.0,0
32.30,224.1,1
32.08,153.1,1
38.83,260.7,0
18.12,169.6,1
39.71,252.1,0
32.15,193.7,0
27.15,203.7,0
21.42,115.0,1
20.69,256.5,0
32.82,258.6,0
37.75,262.6,0
24.10,145.6,1
33.82,128.5,0
17.68,182.6,0
21.99,252.8,1
8.65,143.0,0
11.64,282.1,0
2.65,144.1,1
6.85,131.2,0
3.43,277.6,0
19.83,173.4,0
32.47,169.4,1
16.15,275.0,0
7.12,169.6,0
34.07,212.7,1
36.88,203.7,1
33.94,173.5,1
1.15,206.6,1
2.23,232.7,0
27.84,133.8,0
0.12,143.9,0
8.59,292.2,0
22.81,150.7,1
34.77,281.7,0
30.00,140.7,0
35.24,109.5,0
10.17,237.8,0
38.10,133.2,0
16.44,182.9,1
19.95,267.5,1
39.66,236.1,0
0.55,282.2,0
1.20,258.7,0
18.22,292.1,0
16.13,194.3,0
31.00,200.4,0
30.52,180.3,0
6.78,222.1,1
25.85,174.1,0
15.16,232.2,0
27.89,127.0,0
36.52,152.1,1
6.13,139.4,0
16.01,244.5,0
2.98,246.2,0
36.29,136.2,0
7.11,212.0,0
32.07,117.8,1
9.40,129.5,0
39.77,103.7,1
11.02,242.7,0
0.57,286.4,0
3.77,126.2,1
31.56,163.6,1
27.84,171.6,0
21.12,241.3,0
37.56,202.2,0
32.53,241.6,1
32.73,243.3,0
31.76,142.3,0
26.14,242.6,1
30.63,204.2,0
27.00,196.5,0
35.79,201.9,1
17.10,155.4,0
13.44,203.3,0
33.32,238.9,0
0.78,145.4,0
17.95,170.8,0
4.76,172.7,0
27.95,137.4,1
37.13,246.4,0
3.89,158.8,1
14.09,272.8,1
32.95,141.6,0
1.13,282.2,0
6.37,251.4,1
21.87,140.0,0
17.96,137.5,0
20.85,211.5,0
2.70,184.1,0
5.33,198.1,1
13.47,251.8,0
34.95,106.8,1
2.27,257.8,0
29.33,221.2,0
34.68,150.9,1
30.54,207.3,0
18.52,262.7,1
21.42,154.3,0
16.37,157.8,0
14.75,283.8,0
38.26,258.0,1
4.61,199.6,0
0.70,100.6,0
15.86,155.8,0
31.85,179.0,0
16.00,139.4,0
4.66,148.4,0
38.33,211.5,1
36.03,240.7,1
30.32,147.6,0
14.49,218.9,0
3.34,218.0,0
30.33,148.2,0
23.74,269.3,0
23.15,236.7,0
1.24,150.2,0
9.84,290.2,0
1.50,148.4,0
35.18,296.2,0
14.30,215.2,0
1.55,211.5,0
13.27,243.4,0
2.79,117.7,0
26.24,134.8,0
16.59,264.6,0
19.02,254.2,0
20.67,225.0,0
21.55,210.5,0
32.35,154.4,1
7.73,295.2,0
31.55,286.8,0
20.25,195.9,0
36.31,107.3,0
17.96,224.6,1
13.27,153.0,0
9.00,141.6,0
31.16,210.8,0
8.52,213.2,0
22.44,106.0,0
25.67,250.0,0
30.39,263.3,0
20.10,299.3,1
21.51,292.7,1
26.39,246.8,0
20.84,299.1,0
30.14,233.4,0
36.67,217.9,0
27.13,296.9,1
18.66,105.7,1
11.79,112.5,1
38.00,124.0,1
13.97,120.1,1
15.94,104.9,0
36.77,106.0,0
8.48,192.2,0
30.33,158.7,1
2.08,114.5,0
38.84,271.7,0
22.45,213.9,0
31.74,180.0,0
26.37,115.3,0
17.90,136.5,0
33.64,287.4,0
15.40,127.6,0
2.01,289.8,0
18.34,192.9,0
1.42,289.9,1
17.73,284.1,0
27.41,195.3,0
35.87,240.2,0
1.56,210.5,1
20.91,256.3,0
24.15,298.3,0
9.66,134.8,0
12.95,131.6,0
25.45,202.3,0
8.94,281.3,0
1.71,286.1,0
28.45,242.8,0
37.98,156.3,1
32.55,249.1,0
5.73,102.1,0
18.42,100.5,0
12.23,241.6,0
5.63,119.7,0
6.02,177.0,0
39.97,282.3,1
2.81,117.6,1
0.38,113.2,1
31.49,293.6,0
13.83,214.3,0
12.38,106.2,0
15.28,300.0,0
21.78,297.7,0
13.89,132.9,0
29.74,270.5,1
7.35,212.0,0
11.56,225.7,1
19.38,131.5,0
18.76,271.9,0
24.84,265.1,0
20.95,161.4,1
10.74,167.6,0
19.81,260.5,0
13.49,107.1,1
31.13,198.5,1
20.55,101.5,0
4.16,232.9,0
13.32,197.1,1
15.97,102.9,0
34.67,259.4,0
36.40,258.3,1
2.84,162.5,0
20.98,104.9,0
12.20,132.9,0
2.08,135.2,0
11.63,165.9,0
18.42,147.6,0
31.34,242.1,1
21.38,225.2,0
38.88,118.3,0
29.06,225.3,1
2.04,221.8,0
28.46,149.4,0
24.47,257.0,0
17.73,296.8,0
36.40,141.0,0
8.07,286.4,0
11.75,232.4,0
0.38,175.3,1
24.34,194.8,0
12.64,252.9,1
31.69,282.3,1
35.20,192.7,1
29.95,228.2,1
15.83,226.2,1
22.24,133.1,1
28.29,133.9,0
16.82,174.2,0
22.72,289.2,0
8.12,272.4,0
4.86,149.0,0
0.27,265.2,0
17.66,141.5,1
18.07,156.8,0
26.24,181.2,0
8.47,166.1,0
19.79,121.3,0
28.70,162.0,1
14.13,190.0,0
11.90,253.4,0
30.76,185.1,0
15.88,260.0,0
10.13,134.4,0
18.83,198.0,0
7.99,246.6,1
36.58,287.8,0
37.99,165.4,1
31.51,103.2,1
7.96,224.3,1
15.51,237.4,0
27.81,281.7,1
14.48,283.3,0
13.23,234.9,0
10.16,221.9,0
35.68,260.0,1
9.89,135.7,0
6.05,277.1,0
30.41,151.1,0
38.88,228.2,1
39.62,170.6,0
13.26,203.4,0
37.15,295.1,0
9.23,260.3,0
21.65,276.2,0
6.81,155.9,0
10.56,145.5,0
33.30,258.6,1
36.30,298.2,0
22.71,166.0,1
11.75,266.1,0
7.94,277.9,0
0.47,157.9,0
5.95,291.2,1
11.97,152.9,0
36.00,151.5,0
15.58,185.7,0
24.80,151.3,0
26.32,267.8,1
37.16,123.7,1
33.70,281.0,1
29.96,213.8,1
27.31,294.9,1
7.80,248.7,1
0.42,217.5,1
31.29,253.7,0
16.55,182.3,1
19.94,103.1,0
14.26,178.9,0
2.25,149.7,0
24.36,286.0,0
21.49,269.4,0
33.00,177.8,0
9.67,108.5,0
14.50,270.1,1
17.31,138.9,0
35.28,292.8,1
28.60,293.7,0
21.38,293.7,0
34.73,189.3,0
1.58,178.1,0
9.60,197.6,0
8.46,107.9,0
1.63,240.3,0
12.50,238.0,0
36.59,160.5,1
26.99,118.7,0
17.08,226.0,0
18.24,247.0,1
23.32,232.5,1
31.82,264.4,1
31.41,150.4,0
28.85,132.1,0
16.63,194.1,0
20.19,275.1,1
11.32,257.6,0
28.15,235.4,1
20.68,249.0,0
7.05,287.8,0
7.82,241.6,1
36.78,290.1,1
26.68,171.2,0
30.50,240.2,0
0.05,223.6,1
0.05,292.4,0
15.92,148.3,0
14.88,236.4,1
21.66,295.3,0
18.41,203.1,0
21.76,222.8,1
35.67,270.0,1
28.14,104.2,1
37.46,231.4,0
2.62,118.1,0
3.67,216.5,1
6.45,291.7,1
29.93,211.3,0
38.89,143.6,1
26.47,223.3,0
21.08,212.3,0
18.07,278.6,0
11.18,130.0,0
12.02,157.5,1
20.26,123.4,0
25.28,176.3,0
19.16,242.1,0
25.89,138.6,0
16.20,130.7,0
17.92,113.8,0
14.64,182.4,0
5.69,221.4,0
38.03,221.4,0
25.91,114.2,0
2.03,294.2,0
5.60,273.8,1
26.05,186.9,0
17.88,120.6,0
24.98,253.6,1
26.39,202.0,1
8.59,278.8,1
8.04,176.9,0
16.02,151.0,0
22.06,287.0,0
17.03,237.1,0
21.49,233.3,0
35.65,242.2,0
14.73,250.8,0
4.51,142.1,0
14.37,232.1,0
14.37,279.5,0
31.83,206.1,1
26.16,130.7,0
17.18,139.8,0
14.45,295.6,0
36.48,271.3,0
8.10,235.5,0
35.96,245.5,0
17.48,296.1,0
34.10,140.0,1
13.86,172.9,0
21.37,221.1,0
28.45,108.5,1
21.60,162.4,0
37.69,153.7,1
34.81,190.8,1
22.30,236.4,0
31.99,277.0,1
16.27,287.1,0
22.23,273.9,1
21.47,210.0,1
14.41,186.8,0
7.30,138.1,0
16.60,174.0,1
25.46,291.8,1
6.27,154.4,1
10.53,139.5,0
27.63,298.7,0
30.24,135.5,1
15.02,167.7,0
25.56,123.9,0
19.08,161.2,0
12.10,277.0,0
34.53,257.8,0
19.73,107.9,0
34.99,246.1,0
21.47,222.4,0
35.54,188.4,1
9.51,183.4,0
13.42,264.2,0
39.15,234.5,1
20.36,187.6,0
18.03,163.7,0
7.83,104.8,0
35.54,129.7,0
0.24,285.7,0
18.29,237.7,0
0.72,146.7,0
1.17,203.4,0
1.56,262.2,0
16.58,269.0,0
32.44,248.5,1
1.24,236.3,0
25.54,211.1,0
17.42,194.2,0
9.38,218.3,1
14.74,269.6,0
34.71,267.9,1
12.67,118.7,0
3.27,254.8,0
26.49,290.8,0
32.00,106.2,0
32.66,208.4,0
3.82,298.1,0
6.43,180.7,0
28.15,259.2,0
2.75,161.6,0
19.78,201.9,0
16.64,222.3,0
3.32,269.2,0
31.18,171.8,0
16.63,290.0,0
37.41,283.7,1
29.50,243.9,0
26.81,233.2,0
20.55,210.4,0
37.38,273.5,1
17.38,272.9,0
32.20,234.2,0
25.09,266.0,0
31.10,251.5,0
37.08,134.2,0
7.28,165.0,0
30.25,139.1,1
24.59,109.8,0
32.90,194.5,0
27.51,142.8,0
25.03,115.2,0
35.92,131.1,0
5.96,285.0,0
38.12,173.5,0
16.74,130.1,0
13.32,109.8,0
12.56,149.9,0
8.17,255.0,0
25.32,148.6,0
17.60,250.3,0
10.29,168.9,0
6.15,100.9,0
14.52,157.9,0
5.99,277.0,0
5.46,273.9,0
2.26,286.1,0
36.40,243.1,0
21.26,174.2,1
26.76,155.3,1
15.14,257.4,0
38.73,220.2,1
39.66,263.5,0
25.94,115.1,0
21.11,269.3,0
20.15,160.3,1
10.51,259.9,0
36.95,255.2,0
37.65,108.5,1
15.73,241.6,0
16.05,121.9,1
15.12,119.9,1
8.72,232.9,0
22.49,144.6,0
13.89,269.4,0
10.22,164.1,1
21.22,278.1,0
30.97,281.1,0
35.35,273.1,0
22.20,262.8,1
39.77,106.3,0
7.52,200.1,0
3.25,218.4,0
2.63,196.4,1
33.53,163.2,0
11.31,274.7,1
21.36,249.3,0
32.42,114.5,0
27.69,142.6,0
0.93,104.7,0
25.64,234.9,0
8.75,237.0,0
39.66,181.0,0
18.50,113.6,0
6.10,259.8,0
29.12,240.3,0
36.28,102.9,0
15.31,157.6,0
32.26,262.0,0
25.77,201.7,0
19.00,229.2,0
3.67,105.0,0
18.09,100.2,1
24.84,220.1,0
11.04,236.4,0
21.48,239.1,0
4.73,136.2,0
8.94,258.0,0
29.73,278.9,1
13.02,102.3,0
31.01,214.1,0
12.29,239.4,0
26.95,175.4,0
24.27,265.7,0
5.96,169.3,0
2.67,124.0,0
38.79,242.3,0
22.65,296.9,0
5.10,109.7,0
36.18,247.3,0
4.47,293.9,0
15.82,237.8,0
28.20,213.6,0
29.68,110.3,1
11.08,258.3,1
32.09,146.6,0
31.90,294.4,0
36.36,176.5,1
6.66,289.5,0
29.83,239.9,1
30.21,151.2,1
35.31,258.3,0
27.35,137.2,0
19.58,241.0,0
3.19,120.9,0
19.87,229.0,0
19.51,101.8,0
36.87,142.5,0
19.39,102.8,0
8.21,274.7,0
34.95,167.3,0
18.95,229.0,0
30.46,239.5,0
22.83,217.0,1
5.20,144.2,0
12.64,123.8,1
10.58,101.4,0
10.41,151.9,0
19.91,257.7,0
35.69,221.0,0
11.78,251.1,0
30.03,165.0,0
23.91,267.1,0
25.60,239.3,0
33.29,100.5,1
37.09,101.7,0
10.43,172.4,1
1.11,286.1,0
26.48,139.9,1
10.85,126.6,0
20.77,270.8,1
26.41,259.0,0
24.24,177.4,0
23.31,121.7,0
38.06,183.8,1
33.92,274.7,0
18.37,199.7,0
4.03,282.8,1
8.62,248.5,0
11.09,280.5,0
29.17,264.5,0
24.79,273.8,0
18.97,195.6,1
17.13,139.5,0
32.34,147.0,1
35.17,122.6,1
39.34,167.8,0
17.72,227.6,1
24.94,131.7,0
1.87,164.7,0
13.59,149.7,0
22.80,137.0,1
36.29,289.7,0
25.48,257.0,0
31.51,249.0,0
14.32,214.3,1
2.83,152.5,0
20.75,149.9,0
9.73,148.5,0
5.41,125.1,0
14.00,126.7,0
28.49,174.7,0
5.78,247.5,1
15.10,186.8,1
8.27,296.2,1
1.32,287.0,0
7.53,223.0,0
13.04,107.5,0
0.81,234.5,0
28.26,186.4,0
36.47,214.5,0
16.22,187.7,0
33.37,119.2,1
31.32,132.5,0
9.81,295.3,0
38.90,118.8,0
15.61,142.4,0
38.51,275.7,0
38.41,160.0,1
11.87,227.5,1
28.19,100.0,1
27.63,114.3,1
12.08,228.0,1
12.51,126.1,0
23.07,140.5,0
26.51,267.7,1
29.20,125.1,1
32.94,128.3,1
12.31,241.4,0
19.74,230.7,0
9.25,160.5,0
10.43,289.0,0
30.89,269.4,0
2.38,201.3,0
2.54,255.7,0
29.95,280.7,0
0.40,165.9,0
15.07,290.0,0
13.00,257.6,0
5.18,292.8,0
30.09,288.6,0
27.78,124.6,0
6.90,149.3,1
4.10,172.8,0
27.41,139.7,0
14.21,111.1,0
16.62,152.0,0
28.75,156.6,0
24.42,196.4,0
8.33,254.1,0
15.97,130.1,0
28.84,230.1,1
34.77,270.8,0
24.14,152.8,0
32.44,201.1,0
9.32,299.3,0
14.29,148.8,0
21.25,184.0,0
22.80,103.9,0
38.38,116.9,0
15.20,165.8,0
12.37,272.1,0
10.35,294.1,0
11.24,176.0,0
6.07,182.3,0
35.56,104.4,1
38.50,286.3,1
1.89,227.6,0
34.36,230.9,0
31.42,278.9,1
15.03,180.3,0
32.03,183.7,1
19.08,208.9,0
5.07,232.4,0
0.93,196.1,1
21.94,291.5,0
18.25,292.4,0
24.89,199.6,1
1.70,140.2,0
36.63,230.1,1
12.56,182.6,0
37.67,296.3,0
25.07,222.8,1
18.00,219.2,0
39.44,166.2,1
16.64,259.4,0
24.97,205.1,0
24.62,251.1,1
0.68,175.6,1
27.16,188.8,0
13.14,188.0,1
12.22,136.7,0
8.57,296.2,0
29.69,149.2,1
29.25,194.5,1
18.96,127.3,0
24.72,257.4,0
3.23,128.7,1
38.86,254.9,0
12.00,268.6,1
33.12,188.9,1
2.57,259.5,0
13.70,116.4,1
32.10,244.5,0
5.39,138.3,0
34.61,234.4,1
9.44,138.4,0
36.50,201.0,0
26.37,235.3,0
4.58,175.4,0
3.92,255.2,0
2.91,112.0,0
22.56,221.8,0
29.36,173.2,0
6.09,279.2,0
16.84,137.1,0
5.59,183.6,0
18.37,195.6,0
32.77,289.7,1
17.29,292.6,0
17.91,109.5,1
13.94,171.7,0
29.14,110.0,0
24.14,279.8,0
38.06,107.0,1
22.00,242.9,1
13.03,151.8,0
25.22,169.5,0
15.96,113.5,0
29.76,150.8,0
39.29,115.4,0
32.27,203.0,1
39.60,217.5,0
12.64,277.5,0
11.72,228.2,0
30.00,190.7,1
21.73,256.7,0
1.88,224.2,0
27.83,130.2,0
30.94,147.4,1
14.15,104.8,0
1.87,180.1,0
31.77,152.9,1
25.87,266.5,0
7.88,142.8,1
16.40,219.9,0
10.84,227.1,1
16.79,250.6,0
34.69,141.5,0
19.11,145.1,0
22.25,243.4,0
29.26,278.9,1
6.55,238.9,0
2.24,177.5,0
2.00,162.9,0
35.55,285.1,0
13.60,203.1,0
18.50,212.6,0
4.09,152.7,0
38.10,251.4,1
10.08,217.5,0
30.27,220.0,1
15.08,129.6,0
34.82,122.0,0
24.00,265.9,0
18.89,100.8,0
4.61,128.9,0
20.06,249.0,0
15.28,254.1,0
39.20,163.2,1
26.49,162.8,0
28.50,252.4,0
3.70,293.4,0
2.09,101.8,1
37.27,116.1,1
27.34,142.5,0
28.29,197.5,1
0.74,293.4,0
9.04,231.5,0
33.58,161.9,1
20.08,132.4,0
14.10,167.8,0
26.12,294.5,0
19.11,101.3,0
39.11,179.0,1
5.77,267.1,0
30.54,246.6,1
15.56,218.9,0
2.91,153.9,0
16.82,287.8,0
8.58,179.5,0
9.45,230.3,1
36.12,212.4,0
37.49,298.1,0
21.14,183.3,0
21.22,249.8,0
32.31,104.0,0
28.39,292.6,0
5.40,152.8,1
25.49,138.0,0
22.06,272.0,0
12.37,278.2,0
5.14,202.4,0
23.65,138.0,1
34.37,272.4,0
24.54,238.5,0
16.43,117.8,0
15.08,138.1,0
22.45,214.8,1
8.25,258.4,0
21.06,236.4,0
36.70,257.1,0
19.04,147.2,1
31.70,148.7,0
35.91,296.4,0
30.28,195.8,0
39.41,163.8,0
12.61,117.1,0
6.21,148.0,1
29.87,136.2,0
10.85,152.5,0
23.29,247.1,0
3.17,229.9,1
0.36,295.2,0
5.52,280.9,0
11.68,202.4,1
10.41,260.1,0
10.52,121.5,0
25.71,112.8,1
7.06,241.1,0
10.10,188.1,0
34.60,189.2,0
39.56,142.6,1
27.45,249.6,1
4.31,172.4,0
1.70,219.4,1
4.95,109.9,0
27.06,185.9,1
28.13,227.7,1
15.55,219.8,0
12.55,208.3,0
19.89,203.8,0
29.44,104.7,1
33.20,153.8,0
6.89,250.6,0
30.24,240.3,0
22.01,258.1,0
10.75,144.5,0
10.40,108.7,0
25.51,172.0,0
4.90,223.9,0
17.50,177.1,0
20.01,218.0,1
5.80,185.8,1
28.09,287.8,0
28.81,111.6,1
4.88,156.5,0
7.58,170.2,0
38.28,175.2,0
34.89,213.5,0
11.32,172.6,1
0.99,193.9,0
15.13,109.5,0
0.38,244.9,0
11.80,107.8,0
12.47,102.3,0
9.05,112.4,0
20.78,124.1,0
39.47,116.5,1
16.69,224.6,1
30.13,117.8,0
34.43,142.2,1
13.07,237.1,1
30.16,207.1,0
8.76,122.8,0
38.92,124.8,0
19.78,148.9,0
13.77,147.7,1
23.17,224.2,1
28.06,227.4,0
15.50,252.2,0
31.11,143.2,1
33.68,108.5,0
13.28,272.3,0
8.41,143.7,0
6.84,118.1,0
15.53,296.8,0
35.52,212.4,1
22.76,276.9,0
25.16,246.2,0
31.72,110.7,0
6.35,285.7,0
13.31,154.3,0
16.36,134.2,0
23.21,151.2,1
3.96,244.3,0
7.22,120.1,0
8.58,188.1,1
38.13,242.2,1
1.17,180.8,0
37.94,102.7,1
17.41,284.8,0
4.78,271.5,0
6.01,292.4,0
17.05,260.6,0
31.70,208.1,0
20.09,113.4,0
0.96,267.9,0
27.89,243.2,0
31.32,148.2,1
8.97,238.5,0
32.08,141.9,0
30.36,273.6,0
36.00,269.0,0
37.27,111.4,0
17.35,232.2,0
8.13,167.3,0
38.42,231.4,0
28.53,185.8,0
17.35,248.8,1
17.49,274.1,0
22.13,154.6,0
17.46,144.2,0
30.41,207.2,1
34.48,140.6,0
28.02,102.0,0
26.34,287.4,0
0.75,255.7,1
21.76,194.0,0
13.13,225.2,0
24.69,211.3,0
13.47,180.6,0
8.16,271.4,0
37.97,181.4,1
20.43,263.7,0
28.44,180.2,0
32.98,138.7,1
6.52,101.4,0
0.55,216.1,0
20.16,273.7,0
14.94,176.3,0
37.11,163.8,1
33.91,212.7,1
39.29,189.5,1
6.49,144.3,0
27.79,163.1,1
37.87,205.3,1
16.40,231.7,1
3.74,238.0,0
11.52,289.2,1
16.37,196.0,0
2.49,214.0,0
10.40,170.2,0
18.68,121.2,1
1.42,196.1,0
13.00,113.3,0
22.97,124.4,0
15.14,237.0,0
12.59,268.1,0
23.77,150.8,1
32.89,157.7,0
0.39,213.3,0
29.23,230.0,0
18.77,143.6,0
29.17,268.5,1
38.63,251.2,0
16.75,288.5,0
37.46,285.0,1
7.72,114.5,0
12.93,144.7,0
31.88,299.7,1
6.85,259.0,0
12.32,160.2,0
23.50,162.9,0
32.40,114.4,0
32.20,289.8,1
7.36,241.7,0
10.78,171.3,0
28.52,228.2,0
33.59,275.2,0
9.93,291.2,0
22.10,164.4,0
10.17,103.3,1
25.66,240.5,0
7.58,212.2,1
7.71,242.4,0
32.59,149.4,0
7.63,291.8,0
39.98,144.2,1
7.45,221.8,0
11.30,109.3,0
8.32,291.5,0
27.40,211.6,0
9.18,259.1,0
13.48,121.0,0
7.77,175.8,0
5.93,156.8,0
19.47,134.1,0
1.06,136.0,1
38.53,152.3,0
17.11,227.0,0
0.64,286.4,0
2.38,294.8,1
30.24,139.5,1
17.91,144.8,0
29.16,171.3,0
28.03,181.7,0
32.12,292.5,1
36.95,279.9,1
1.30,170.9,0
9.74,191.0,0
32.28,197.2,0
17.04,105.5,1
14.63,299.2,0
38.37,129.0,1
20.02,107.9,0
34.74,205.2,0
32.21,151.9,0
26.69,133.4,0
25.79,285.3,0
6.90,135.3,0
30.67,201.1,1
36.56,162.9,0
31.66,178.6,0
6.85,204.3,0
29.56,295.8,0
7.87,159.0,1
3.31,120.4,0
6.69,179.7,0
9.28,258.4,0
0.53,179.9,0
26.24,206.3,0
15.17,183.1,1
13.52,250.6,0
39.44,235.0,1
28.50,181.5,0
15.31,145.9,0
30.34,204.8,0
12.64,148.8,1
30.28,222.8,0
35.42,203.6,0
36.90,251.5,0
20.34,200.5,0
23.91,107.3,1
15.85,249.0,0
32.32,180.0,1
24.33,128.4,0
5.68,220.9,1
35.94,118.7,0
16.05,157.2,1
19.48,109.5,0
1.18,237.0,0
24.87,243.6,1
37.09,163.4,0
21.97,186.2,1
32.32,213.0,0
0.05,179.3,0
22.10,259.2,1
32.92,252.6,1
36.35,163.3,0
14.42,278.5,0
37.05,170.0,0
8.29,163.5,0
6.31,119.5,0
37.25,268.1,1
10.39,273.5,0
28.86,230.8,0
6.88,194.1,0
2.35,227.6,0
0.77,200.6,0
21.20,155.0,0
32.30,135.8,1
10.19,243.3,0
6.68,138.6,0
12.97,122.6,0
0.09,170.6,0
20.24,152.6,0
4.65,182.8,0
26.23,225.5,1
19.80,109.4,0
8.02,144.5,0
14.15,187.4,0
16.97,111.2,0
16.90,262.4,0
27.88,222.0,0
28.43,154.8,0
28.61,157.7,0
27.57,242.1,0
34.07,272.6,0
6.82,205.8,0
7.89,115.6,0
14.20,272.4,0
27.23,248.7,0
29.31,215.4,1
16.69,157.0,0
30.92,251.7,0
21.75,261.7,0
19.82,147.6,0
18.11,230.4,1
14.57,163.6,0
8.01,243.5,0
31.19,276.4,1
5.54,142.1,0
1.60,296.2,1
8.99,176.0,0
5.00,297.8,0
3.48,246.2,0
12.65,139.0,0
13.61,290.5,0
13.20,277.4,0
5.84,203.7,0
15.11,219.2,1
9.10,237.1,0
16.52,210.7,0
19.85,215.5,0
1.15,167.0,0
34.32,109.2,0
37.11,163.1,0
9.17,247.6,0
18.16,139.2,0
32.18,151.2,0
4.35,112.7,0
2.58,171.4,0
31.87,198.2,1
10.83,139.9,1
37.98,292.9,0
30.88,181.4,0
37.98,173.3,0
11.88,247.0,0
22.49,258.1,0
5.04,248.6,0
11.79,297.4,1
28.15,218.8,0
28.83,229.0,0
6.80,288.1,0
36.89,177.9,1
35.53,298.0,1
11.15,154.7,0
24.02,241.9,1
5.71,210.0,0
20.78,161.8,0
12.67,105.7,0
14.21,257.4,0
15.56,143.3,0
23.42,275.0,0
8.11,191.7,1
21.36,231.5,0
22.55,298.6,0
28.52,211.1,0
35.22,222.0,0
27.09,278.8,0
18.64,219.2,0
9.31,243.3,1
3.67,286.0,0
16.04,299.3,0
20.49,206.9,0
11.48,241.9,1
12.48,160.5,0
29.28,116.2,1
22.48,271.0,0
36.07,133.0,1
4.53,124.8,0
16.25,174.1,0
24.05,179.5,0
22.56,241.9,0
23.16,145.6,0
9.14,276.4,0
25.50,114.4,0
1.78,133.2,0
8.73,175.1,0
21.38,101.3,0
6.20,110.7,0
9.56,177.3,0
38.72,271.8,1
8.33,234.3,1
8.25,230.9,0
8.38,198.7,0
9.77,286.0,0
27.17,239.2,0
6.83,218.6,0
3.91,191.5,0
33.80,203.8,1
23.69,114.3,0
22.70,110.4,0
18.45,229.4,1
1.15,175.9,0
7.35,135.9,0
8.42,269.0,0
32.00,142.8,1
9.16,161.2,0
35.31,136.9,1
22.75,299.2,0
2.89,200.4,0
3.64,154.3,0
2.30,187.4,1
37.48,216.4,0
33.29,251.2,1
13.08,114.4,0
13.03,104.3,0
24.11,265.2,0
25.55,107.5,0
35.53,173.5,0
31.18,264.4,0
1.33,256.1,0
36.97,118.9,1
23.80,170.4,0
23.46,206.8,0
14.14,291.8,0
35.21,138.1,0
37.74,183.2,1
31.54,206.6,0
32.35,267.0,1
18.46,165.1,0
1.56,166.1,0
37.38,113.1,1
5.33,179.5,0
1.37,272.3,0
38.14,120.5,1
33.81,245.9,0
29.00,167.5,0
31.60,225.8,1
3.64,106.0,0
37.67,239.5,1
13.45,272.2,0
19.70,250.6,0
37.36,208.8,1
21.89,107.6,0
10.90,229.2,0
36.14,117.2,0
15.08,255.6,0
38.85,131.6,0
11.90,137.0,0
27.73,247.0,0
14.37,183.2,1
11.66,202.4,0
13.47,210.4,0
37.06,129.2,0
4.56,250.6,1
10.35,273.9,0
1.36,171.3,0
36.70,202.5,1
32.18,258.8,0
17.19,190.3,1
11.04,231.2,0
25.48,184.7,0
34.71,148.1,0
13.22,216.1,0
39.51,206.4,1
23.94,259.4,1
24.55,203.3,0
2.33,206.3,0
17.19,206.0,0
26.58,260.1,0
4.91,216.3,0
3.66,288.8,1
37.80,141.3,1
36.38,129.6,0
7.03,129.5,0
0.50,221.4,0
9.55,138.6,0
24.20,127.3,0
19.04,159.6,0
2.82,154.2,0
0.23,130.7,0
14.60,128.1,0
12.49,205.7,1
25.81,218.5,0
14.18,115.8,0
30.53,104.4,0
36.66,267.5,0
3.42,204.2,0
4.12,155.9,0
1.72,129.6,0
36.16,231.0,0
22.53,219.8,1
24.11,282.4,0
35.45,169.5,1
5.01,216.7,0
15.19,172.7,0
3.41,152.3,0
34.42,286.1,0
24.70,109.3,0
6.74,117.3,0
34.40,111.9,0
20.04,261.3,0
33.62,100.2,1
7.80,259.7,1
7.00,174.5,0
5.64,260.2,0
7.46,169.8,1
35.92,270.3,0
24.46,189.5,0
17.74,130.9,0
7.20,231.7,0
17.54,101.4,0
35.43,288.4,0
32.21,148.2,0
8.13,231.7,0
36.35,294.6,1
26.10,230.9,0
19.29,179.9,0
28.99,120.3,0
34.58,131.1,0
23.55,170.3,0
21.62,269.1,0
5.52,232.0,0
25.96,219.4,0
32.74,202.6,0
20.60,147.2,0
7.41,147.9,0
35.93,260.4,0
28.16,241.5,0
38.46,259.0,0
33.88,178.4,1
14.63,242.0,1
29.24,287.5,0
22.76,229.5,0
28.08,161.6,0
23.67,219.1,0
20.70,136.1,0
37.29,129.1,1
38.08,219.6,0
24.16,150.7,0
36.77,194.0,0
22.56,154.1,0
4.96,202.3,0
25.66,130.5,0
32.02,257.2,1
36.90,256.7,1
34.48,272.9,0
2.92,253.7,0
2.91,150.9,1
37.88,291.9,1
24.83,209.1,1
33.67,196.1,0
22.36,267.0,0
19.65,271.4,0
15.82,228.7,0
15.04,111.2,0
18.03,253.3,0
30.49,245.6,1
14.88,116.5,0
8.10,163.7,0
14.05,289.2,0
14.81,113.5,0
39.37,156.6,1
0.56,157.0,0
4.07,225.6,0
16.25,182.3,0
17.29,132.3,0
22.20,139.2,0
8.46,188.3,0
32.54,273.7,0
27.27,116.4,1
38.70,270.2,0
8.67,154.1,0
27.34,100.2,0
17.90,203.1,0
38.02,204.5,0
20.51,194.9,0
9.55,194.0,0
2.58,223.5,0
25.71,129.8,1
22.93,140.5,0
28.93,217.7,0
8.65,267.7,0
37.74,101.3,0
37.20,230.8,0
8.11,222.7,0
25.92,297.0,0
15.96,102.3,1
22.59,143.9,0
30.82,223.9,1
22.88,181.5,0
23.25,154.1,0
7.14,161.6,0
36.51,123.8,1
32.46,186.6,0
14.21,128.5,0
20.54,117.4,0
3.53,216.6,0
4.98,239.1,0
22.60,198.4,0
10.15,206.2,1
21.12,281.1,0
32.98,246.5,1
16.82,251.4,0
24.56,220.0,0
12.77,161.6,0
14.55,282.7,0
4.89,239.7,0
24.39,194.6,0
26.76,177.3,1
18.05,256.3,0
7.66,213.2,0
5.76,153.0,0
34.04,297.0,1
22.10,276.4,0
1.35,270.1,0
38.18,211.6,1
36.36,137.0,0
19.06,251.8,0
36.14,281.8,0
14.60,104.4,0
24.30,268.5,0
10.63,275.4,0
9.02,254.8,0
32.77,173.0,0
31.17,238.4,0
39.36,117.4,1
24.70,225.0,0
23.77,283.8,0
23.11,160.1,0
23.77,281.6,0
27.22,270.3,0
12.18,141.1,0
22.12,214.9,0
4.15,224.3,0
14.91,288.3,0
7.37,194.4,1
35.13,124.4,0
8.70,132.8,1
25.88,262.7,0
7.47,251.3,0
34.37,144.8,0
11.89,120.2,0
22.69,121.6,1
39.86,125.3,1
13.99,180.2,0
39.91,282.3,0
4.23,124.6,0
35.81,247.9,0
5.90,288.6,0
18.41,252.3,0
22.39,111.2,0
2.49,243.8,0
9.83,152.1,1
11.97,100.1,1
6.15,154.9,0
16.16,159.4,0
31.72,119.3,1
23.81,290.4,0
2.92,138.9,0
30.98,280.6,1
13.62,182.6,0
27.47,254.9,0
13.31,148.5,0
2.05,213.1,0
2.63,191.9,0
31.89,244.2,1
23.09,140.7,0
11.67,183.5,0
7.95,195.8,0
27.60,172.7,1
29.38,107.3,0
17.92,100.2,1
4.32,244.9,0
3.60,122.9,0
37.52,280.1,0
12.09,284.7,0
24.91,293.7,1
21.44,117.2,0
6.28,153.2,0
35.08,294.9,0
14.55,243.5,0
25.46,190.2,0
34.46,250.7,0
14.27,282.8,0
18.00,277.0,0
7.20,262.1,0
8.73,124.0,0
3.36,141.3,0
20.51,291.5,0
25.54,212.7,0
14.48,219.4,0
11.26,292.3,1
20.15,275.3,0
24.30,258.8,1
1.24,246.4,0
18.53,179.6,1
14.45,283.0,0
25.77,169.6,0
0.33,257.2,0
24.18,127.2,0
18.89,150.3,0
29.89,131.5,0
4.26,276.5,1
2.04,224.6,0
14.14,126.3,0
1.28,137.2,0
34.27,294.7,1
33.43,102.3,0
3.96,196.5,0
33.91,246.9,0
26.25,195.6,0
16.23,104.4,0
20.19,205.9,1
21.94,204.5,0
28.21,208.6,0
30.63,259.9,0
30.12,168.9,1
26.58,165.7,1
7.49,155.5,1
14.74,216.6,0
9.13,221.9,0
21.15,179.1,0
17.16,122.8,1
17.48,211.2,0
8.95,280.0,0
11.43,252.4,0
15.61,243.7,0
5.72,112.3,0
5.23,255.0,1
2.31,296.1,0
11.20,298.2,0
5.40,188.6,1
33.95,299.2,0
10.36,163.8,0
3.26,148.1,1
19.64,113.7,0
21.11,287.6,0
19.68,104.8,0
28.18,110.1,0
23.72,193.3,1
11.55,149.0,1
27.81,281.4,0
25.88,100.8,0
22.48,283.7,0
37.06,143.1,1
1.03,268.4,0
12.91,263.3,0
19.45,125.7,0
11.02,263.6,0
7.64,201.7,0
38.35,132.0,1
18.12,276.5,0
22.67,208.7,0
28.61,125.1,1
14.09,243.4,0
11.68,277.8,1
17.05,250.5,0
4.29,296.9,0
39.39,165.4,1
31.06,123.5,0
14.01,228.3,1
28.56,166.8,0
5.64,157.8,0
28.09,205.3,0
14.26,141.5,0
27.99,267.4,0
27.06,108.0,0
26.53,145.0,1
28.86,178.6,0
22.28,112.8,0
11.35,250.9,0
30.99,133.4,0
15.98,191.4,0
6.12,177.5,0
30.13,193.7,0
30.80,172.1,0
10.60,159.6,0
24.53,254.7,0
38.59,267.1,0
27.25,275.3,0
1.23,106.8,0
8.63,184.4,0
14.52,153.1,0
2.53,166.5,0
4.42,168.2,0
28.47,147.3,0
32.41,219.6,0
31.77,250.5,1
26.16,233.2,0
8.63,234.6,1
32.42,122.3,1
21.16,238.9,0
34.23,141.2,0
36.12,220.8,0
20.28,245.8,0
31.04,121.8,1
37.93,191.9,0
7.84,298.2,0
4.78,191.8,0
35.82,205.9,1
8.73,195.7,0
22.82,242.9,0
17.01,156.4,0
32.88,173.1,0
10.74,125.3,0
4.10,213.1,0
2.19,193.2,0
37.15,199.2,1
1.18,267.6,0
10.57,261.0,1
38.66,117.8,0
33.85,139.2,1
3.04,100.7,0
38.63,190.2,0
39.29,105.6,0
34.60,170.9,1
21.68,131.9,0
13.82,182.6,0
8.12,295.8,0
6.62,193.3,0
28.09,176.3,0
2.62,268.8,0
7.13,273.0,0
7.43,138.6,0
39.31,148.7,1
32.72,105.2,1
11.28,205.3,0
21.21,184.7,0
14.49,283.7,0
24.61,215.4,1
3.03,270.1,0
30.51,102.5,0
19.83,256.1,0
5.77,131.7,0
23.59,247.1,0
23.64,276.2,0
22.72,193.1,1
3.21,236.0,0
2.42,208.2,1
34.52,220.9,1
27.58,243.7,0
4.41,177.1,0
11.49,102.1,1
14.23,139.0,0
5.32,145.0,0
31.51,235.5,0
32.24,255.9,0
38.79,125.6,0
3.47,140.6,0
23.42,279.6,0
20.53,277.7,0
29.57,289.9,0
15.96,158.8,0
15.41,290.5,0
21.70,189.0,1
18.03,267.4,1
24.69,109.0,1
37.34,225.6,0
16.79,131.4,0
21.22,201.4,0
12.87,106.6,0
2.79,211.5,0
6.03,236.1,0
7.94,180.8,0
17.94,269.5,1
37.64,137.1,1
29.66,190.5,0
36.20,227.3,1
10.52,251.3,0
26.38,218.3,0
32.19,175.0,0
36.86,157.3,0
18.79,150.7,0
9.64,167.8,0
27.11,146.1,0
22.39,192.3,0
21.11,289.9,0
13.34,163.4,0
14.04,279.6,0
35.51,172.9,0
7.14,268.7,0
21.66,289.3,0
34.74,218.4,1
16.05,177.4,0
4.72,112.4,0
37.18,282.3,0
38.67,192.0,1
15.84,123.3,0
10.30,139.7,0
2.96,269.1,0
12.63,206.3,0
11.16,135.7,0
30.24,149.5,0
33.47,114.3,1
12.29,230.5,1
23.84,276.1,0
37.19,132.9,0
7.93,131.3,0
39.99,213.6,1
25.57,145.2,0
33.15,295.4,0
10.50,296.1,0
8.39,203.4,0
1.16,211.0,0
24.70,251.5,0
4.75,117.0,0
16.48,279.2,0
3.92,234.5,1
4.78,270.0,1
34.11,129.4,0
29.54,218.3,0
10.68,173.2,1
17.44,192.9,0
39.86,192.6,1
29.74,203.0,0
12.50,202.2,0
15.33,111.0,0
19.70,133.8,0
28.06,280.1,1
30.33,103.3,0
22.39,231.7,0
34.47,254.8,0
2.65,159.2,0
26.54,175.7,0
1.87,281.5,1
22.72,176.9,0
32.56,196.9,0
36.81,154.7,0
3.75,205.5,1
4.94,273.1,0
1.28,203.5,0
12.97,124.4,1
36.43,182.6,1
34.67,118.4,0
20.52,128.3,0
29.38,147.1,0
6.67,292.2,0
31.11,116.3,1
16.94,190.4,0
1.00,207.8,0
3.82,215.7,0
31.65,134.3,0
6.48,278.3,0
16.81,191.1,0
34.94,257.6,0
28.50,156.0,0
32.84,139.1,0
34.25,201.6,0
36.05,215.7,1
13.39,205.3,0
36.49,244.3,0
8.10,223.9,0
25.26,212.8,0
11.38,212.5,1
38.56,244.5,1
18.65,255.0,0
19.36,251.6,0
8.55,196.3,0
12.04,161.3,0
9.18,287.7,0
3.01,148.9,0
27.06,141.9,1
3.05,172.3,1
29.54,151.2,0
25.70,235.6,1
17.80,159.9,0
38.10,168.4,0
10.16,186.1,0
8.48,121.6,0
29.38,207.8,1
13.86,146.9,0
30.91,146.6,0
15.92,268.6,0
39.56,129.2,1
0.11,149.2,1
32.04,269.4,1
23.14,199.7,0
30.40,174.8,0
27.32,122.3,0
28.70,130.2,0
1.58,174.8,1
33.04,109.5,1
23.59,157.6,0
19.75,276.2,0
34.86,287.2,0
9.86,283.3,0
21.54,273.2,1
37.06,152.4,0
13.86,243.4,1
4.59,254.0,0
26.24,180.3,0
33.47,266.0,1
24.54,282.4,0
28.38,162.6,0
20.04,127.3,0
1.54,263.2,0
38.32,266.2,1
25.88,157.2,0
4.18,109.5,0
8.47,299.9,0
11.55,247.6,1
19.58,174.8,1
2.79,125.9,0
35.12,213.0,0
32.35,107.7,1
9.66,166.0,0
37.22,135.5,0
24.61,231.1,0
30.56,280.0,1
37.72,201.0,1
21.88,248.3,1
20.97,287.7,0
26.14,237.5,0
27.14,127.2,0
4.86,273.5,0
26.38,100.8,0
11.53,152.7,0
23.88,131.7,0
3.76,153.1,0
1.89,215.1,0
25.71,299.8,0
19.96,275.4,0
23.17,104.9,1
5.97,219.6,0
13.40,286.1,1
13.10,164.8,1
19.47,146.0,0
5.15,230.0,0
3.16,137.9,0
25.89,288.9,0
36.84,289.5,1
28.53,257.2,0
16.37,272.8,0
26.42,110.9,0
2.89,106.6,0
2.96,232.4,0
1.70,143.4,0
9.68,122.8,0
35.10,198.9,0
13.19,262.3,0
16.69,204.4,0
21.24,121.4,0
33.98,165.1,1
36.36,289.2,1
21.50,210.2,0
23.55,157.6,0
16.33,176.8,0
15.52,154.2,0
27.97,131.6,0
18.16,210.3,1
32.75,294.2,0
32.84,230.3,0
5.14,138.5,0
15.79,101.9,0
3.86,105.1,0
0.88,274.7,0
13.71,169.2,0
37.17,228.2,0
15.95,197.1,1
29.53,163.0,0
18.41,276.0,0
18.31,130.2,0
23.72,108.4,0
32.10,192.2,1
8.52,113.0,0
9.08,241.1,1
14.19,136.8,0
19.48,256.8,0
38.80,162.2,0
19.47,164.0,0
14.98,104.8,1
11.50,278.6,0
0.52,173.5,0
34.93,222.2,0
2.48,234.1,1
16.12,249.0,0
6.80,267.2,0
34.62,236.6,1
25.47,231.9,0
3.51,143.2,0
33.31,250.8,1
4.17,238.1,0
14.90,181.8,0
2.20,110.6,0
38.94,265.9,0
18.28,261.4,0
23.29,195.9,1
11.83,189.8,0
14.57,142.6,0
7.41,241.5,0
2.14,157.0,1
27.41,245.0,0
6.13,149.0,0
7.75,298.9,0
10.16,158.1,0
3.21,249.2,0
7.71,161.6,0
9.41,232.6,0
13.20,225.6,0
37.49,243.8,0
8.09,221.3,1
20.82,271.0,0
16.24,250.4,0
0.86,143.7,0
8.50,256.9,0
7.65,153.6,0
5.64,170.0,0
13.77,222.6,0
38.76,284.8,0
19.97,156.7,0
19.47,227.0,0
8.37,149.1,1
1.90,205.8,1
35.84,162.4,1
3.77,190.2,0
28.68,173.1,0
19.03,258.8,0
30.87,289.0,0
20.20,294.8,0
15.72,273.4,0
1.83,191.9,0
15.10,289.0,0
16.61,248.1,0
8.78,207.4,0
36.34,216.8,1
26.66,228.4,0
29.20,293.5,0
38.29,120.9,0
38.48,211.5,0
36.23,190.6,0
18.14,145.2,0
31.50,262.1,0
32.05,225.7,0
19.00,210.3,0
16.29,290.1,0
1.31,125.5,1
5.83,264.3,0
10.02,279.3,0
38.79,156.7,1
32.80,150.2,0
18.91,137.3,1
19.93,231.4,0
31.80,165.9,1
6.59,134.7,1
18.77,187.5,0
35.18,111.4,0
39.48,127.2,1
11.92,139.3,1
31.43,181.3,0
10.37,125.9,0
25.49,295.4,0
13.08,261.4,0
1.33,290.3,0
0.22,218.1,0
24.77,189.7,0
4.51,147.9,0
39.96,109.9,0
25.37,145.7,0
24.67,109.6,1
33.99,117.7,0
0.59,152.0,0
6.15,274.4,0
26.01,298.2,0
37.05,281.2,1
30.02,139.4,0
15.32,155.1,0
6.25,225.0,0
15.36,189.1,0
3.11,242.9,0
38.55,297.3,1
14.95,213.1,0
14.67,102.3,1
30.83,260.3,0
17.54,142.9,0
35.25,166.7,0
31.59,143.0,0
34.88,259.3,1
13.88,205.9,0
12.63,171.2,0
14.73,192.3,1
27.07,289.5,0
6.09,178.4,0
22.09,266.6,0
6.72,287.5,0
14.38,158.1,0
7.89,108.9,1
37.26,264.0,0
14.96,214.9,1
14.70,161.9,0
16.63,118.2,0
1.52,246.7,0
8.62,151.4,0
33.00,287.9,0
20.09,153.6,0
0.57,224.0,1
14.60,106.5,1
9.96,275.7,0
35.75,224.4,1
31.23,221.5,0
27.96,256.3,0
24.14,115.7,0
31.74,283.5,0
24.71,205.2,0
21.84,235.1,0
25.81,154.8,0
28.90,274.7,0
5.43,227.2,0
3.08,122.6,0
4.95,105.3,1
33.49,276.3,0
19.55,176.1,0
8.62,245.6,0
2.43,176.1,0
8.01,227.8,0
35.25,247.8,0
30.33,241.0,0
30.78,156.0,0
15.23,284.8,0
23.89,153.9,0
11.17,213.5,0
28.22,234.2,0
1.59,254.1,0
17.02,270.8,0
16.60,273.6,1
28.71,249.2,0
34.75,236.5,0
31.86,148.9,0
3.28,164.0,0
3.58,292.2,0
4.27,102.8,0
6.23,213.1,1
32.58,135.8,0
26.25,244.1,0
37.02,205.6,1
31.33,171.1,0
16.54,244.8,0
19.77,288.7,0
27.49,174.8,1
9.28,166.5,0
35.19,114.4,0
7.79,100.2,0
13.22,254.8,1
18.81,151.6,0
39.99,271.1,0
0.38,205.4,0
32.50,190.6,1
31.87,293.1,0
24.57,228.5,1
32.52,173.3,0
33.90,134.2,0
15.12,281.1,0
29.96,290.2,0
23.93,221.8,0
31.40,242.3,0
0.89,186.8,0
23.78,216.8,0
18.20,226.1,0
9.68,167.1,0
7.17,156.1,0
8.18,102.6,0
26.35,189.8,0
10.54,132.9,0
16.15,124.6,0
26.88,239.6,1
5.18,264.8,0
5.91,182.6,1
12.99,247.0,0
11.76,187.5,0
30.21,221.3,1
1.09,164.5,0
30.20,109.7,1
9.37,226.1,0
25.88,256.2,1
5.15,246.8,0
17.04,288.3,0
17.70,147.3,0
7.02,223.8,0
22.80,170.4,0
31.02,228.1,0
17.01,295.7,0
28.03,162.5,0
26.31,137.2,1
3.19,144.5,0
37.65,124.7,0
6.57,235.2,0
13.69,107.8,0
39.33,157.1,0
2.58,169.1,0
18.29,238.1,0
8.17,166.5,1
14.67,163.2,0
23.34,171.2,0
16.69,275.0,0
17.38,183.0,0
21.76,240.2,0
35.01,124.4,0
12.46,125.2,0
13.32,290.8,0
21.68,160.6,0
16.95,175.6,0
4.52,159.4,1
2.85,114.0,0
13.48,209.4,1
8.22,209.5,1
2.73,139.6,0
15.52,122.0,0
7.76,237.2,0
21.76,291.1,0
39.02,249.8,1
36.48,100.6,1
15.71,209.2,0
13.55,176.4,0
14.15,157.8,0
23.96,178.9,0
37.95,120.5,1
2.62,277.9,0
14.64,242.0,0
15.72,191.1,0
22.72,279.9,0
15.46,238.8,0
39.34,191.0,1
5.55,125.7,1
33.31,272.7,0
38.82,192.2,0
16.33,185.2,0
6.95,245.5,0
35.47,127.9,1
38.65,269.7,0
6.86,226.0,1
0.41,233.4,0
18.20,171.8,0
2.57,224.1,0
30.43,299.2,1
13.13,109.5,0
11.74,160.6,0
23.96,230.4,1
29.30,171.7,1
12.96,187.9,0
0.98,203.7,0
21.22,168.0,0
33.60,221.7,0
6.20,120.3,0
3.33,276.3,0
1.74,185.7,0
32.13,158.7,1
18.59,211.3,0
25.23,154.7,0
32.06,185.6,1
28.58,283.0,0
33.02,214.5,0
30.85,248.1,0
18.27,138.4,0
31.83,156.2,0
5.20,200.5,0
29.99,296.4,1
8.74,172.4,0
6.01,115.5,0
4.07,257.9,0
37.34,204.5,0
5.40,260.9,0
14.19,164.9,0
34.58,199.3,0
10.46,263.3,0
1.44,293.0,0
27.48,145.1,0
27.31,247.9,0
7.21,102.0,0
39.38,184.9,1
1.38,165.7,0
3.12,245.7,0
3.26,271.6,0
1.65,125.1,0
2.94,155.0,0
15.10,252.9,1
24.57,210.6,0
17.91,229.2,0
0.23,208.9,0
37.79,138.2,0
24.35,193.1,0
11.60,201.0,0
29.49,258.2,1
13.68,297.4,0
29.26,156.0,1
7.16,198.6,0
36.31,201.4,0
18.95,295.4,0
32.33,244.1,1
24.75,202.0,1
33.04,243.0,0
11.43,248.3,0
9.27,156.2,0
23.12,233.6,0
18.88,142.8,0
0.72,159.7,0
25.34,191.5,0
21.48,120.3,0
22.70,185.9,0
8.39,273.5,0
19.26,226.8,1
7.26,233.2,1
3.82,248.0,0
14.16,103.6,0
2.87,271.5,1
39.74,125.6,1
6.76,213.9,0
5.95,200.1,0
21.45,132.9,1
19.88,143.3,1
25.48,132.3,0
38.70,170.6,0
3.66,101.9,0
13.40,126.0,0
14.19,210.7,0
22.93,187.2,0
25.41,228.5,0
28.70,105.1,0
2.76,233.8,0
21.84,278.4,0
36.16,281.1,0
5.07,258.3,0
9.28,231.1,0
10.98,245.7,1
25.31,204.7,0
7.42,215.8,0
33.08,124.7,1
19.80,151.7,0
34.13,286.6,0
9.13,121.4,0
20.53,195.7,0
39.45,259.3,1
8.06,187.8,0
5.65,182.5,0
32.96,133.6,0
13.72,131.4,1
35.00,113.1,1
27.21,132.3,0
33.26,237.7,0
37.11,146.9,1
4.73,112.7,0
8.81,270.0,1
27.58,206.8,0
15.91,132.3,0
3.82,126.8,0
14.11,197.2,0
11.79,198.6,1
34.78,266.8,0
34.20,193.5,1
29.16,205.1,0
21.79,131.7,0
23.08,187.7,0
14.60,178.3,1
13.62,277.0,0
27.76,268.8,0
25.78,150.7,0
14.18,188.8,0
0.83,113.7,0
7.19,204.9,0
31.07,177.8,0
16.73,256.6,0
13.40,216.9,0
26.49,152.3,0
18.65,287.7,0
35.83,192.8,0
14.12,241.3,1
38.32,279.4,0
14.96,267.8,0
20.76,258.1,0
2.75,173.5,0
36.60,139.2,1
2.56,176.9,0
2.13,187.4,0
12.70,193.7,0
17.32,266.7,0
20.74,129.3,0
10.31,297.7,0
39.63,145.0,1
22.79,293.7,0
10.40,209.1,0
35.74,122.1,1
12.40,251.5,0
26.11,226.9,0
18.71,299.7,0
3.05,163.7,0
29.87,260.0,0
15.59,269.4,0
29.77,295.1,0
21.79,256.3,0
11.75,151.4,0
0.65,262.9,0
2.34,194.6,0
33.81,207.8,1
23.32,274.3,0
37.00,281.7,0
17.32,127.0,1
35.83,121.9,0
29.30,160.0,1
28.09,227.9,0
37.86,216.2,0
8.45,126.0,0
8.72,184.4,0
32.47,214.7,0
17.63,145.8,0
10.48,194.1,0
36.40,239.2,1
26.35,272.1,0
30.15,229.2,0
25.93,279.8,1
4.64,267.7,0
35.55,169.4,0
36.79,287.8,1
0.13,153.5,0
8.77,141.4,0
21.31,182.7,0
11.93,181.1,1
22.76,208.5,0
20.61,234.7,0
39.74,194.4,1
31.66,232.4,0
30.25,119.2,0
35.52,150.2,1
32.51,282.9,1
5.10,108.6,0
37.80,276.0,1
19.75,259.0,0
32.52,237.3,0
14.11,255.8,1
11.98,241.0,0
22.09,256.9,0
21.52,174.1,0
26.73,294.5,0
38.13,136.8,0
21.73,161.8,0
25.12,164.6,0
19.39,238.6,0
16.10,293.5,0
5.41,274.4,0
22.22,219.6,0
10.75,181.6,0
1.30,146.8,0
24.77,205.4,0
33.18,176.9,1
18.41,287.1,0
25.01,142.2,0
19.90,265.3,0
30.70,188.7,0
19.74,120.6,0
27.30,154.8,0
9.44,195.7,0
6.46,114.5,0
39.42,186.3,0
4.67,299.6,0
39.24,270.3,1
9.95,182.4,0
39.14,277.7,1
38.10,146.6,1
16.88,117.3,0
27.56,234.8,0
19.13,206.8,0
35.26,173.0,1
17.65,188.0,1
24.46,263.9,0
24.99,242.5,0
32.11,180.9,0
21.94,116.0,0
3.88,143.6,0
27.20,299.2,0
3.29,112.3,0
9.65,280.3,0
13.25,106.0,0
39.11,168.0,0
13.43,154.0,0
5.15,132.8,0
30.05,201.4,0
13.08,205.8,0
19.72,138.5,0
12.34,227.1,0
9.44,173.3,1
12.62,268.8,1
27.03,109.9,0
13.92,264.3,1
38.73,168.6,0
16.21,270.3,1
7.78,162.3,0
4.88,111.3,0
28.83,129.6,0
8.83,224.6,0
20.69,198.9,0
8.73,266.1,0
12.19,247.1,1
2.90,171.9,0
34.50,112.3,1
21.01,208.1,1
25.20,267.2,1
24.44,259.0,0
39.48,100.0,0
27.34,175.0,0
14.90,234.9,0
27.38,137.7,1
0.02,135.1,1
29.39,238.8,0
37.37,112.8,0
6.83,115.9,0
11.69,296.0,0
0.46,262.4,0
22.62,138.1,1
36.81,285.3,1
7.70,108.8,0
32.27,295.8,0
13.81,197.9,0
29.84,133.5,0
24.43,100.8,0
27.67,120.4,0
5.07,186.5,0
30.14,217.9,0
38.05,257.2,1
23.34,272.1,0
23.11,244.6,0
26.34,118.7,1
0.45,274.8,0
27.76,243.2,0
2.92,226.5,0
28.04,119.3,0
37.79,292.9,1
4.38,182.5,0
7.98,260.8,0
9.88,242.0,0
9.42,183.2,0
21.50,113.0,0
15.00,292.2,1
11.05,118.8,0
38.89,133.8,1
38.59,126.1,1
5.04,118.8,0
19.37,123.5,0
7.29,208.1,0
8.02,123.6,0
2.74,109.0,0
6.72,164.4,0
4.43,167.2,0
33.06,186.6,0
16.92,100.5,0
5.21,107.1,0
32.66,163.9,1
2.71,145.1,0
14.11,136.3,0
7.70,158.1,0
29.19,129.7,0
24.41,211.2,0
36.14,210.8,1
37.49,273.2,0
22.57,132.7,0
5.52,135.6,1
15.62,243.4,0
5.07,172.2,0
28.25,160.3,0
34.16,150.6,0
34.28,274.9,1
4.76,237.1,0
38.56,241.0,1
1.98,205.1,0
33.25,287.6,0
30.10,181.8,0
25.45,168.7,1
3.15,287.1,0
35.26,142.9,1
27.79,185.4,0
12.33,240.9,1
34.03,212.0,1
9.24,288.5,0
39.38,156.2,1
1.83,226.7,0
1.47,225.7,1
27.05,234.8,1
24.60,257.9,1
38.63,232.7,0
24.05,233.4,1
19.60,214.3,0
22.11,197.5,1
17.76,110.3,0
30.89,219.6,1
30.99,165.9,1
28.10,165.5,1
13.26,169.1,0
27.71,227.5,1
16.91,117.9,0
24.65,188.8,0
0.26,173.4,1
39.33,292.6,0
22.58,110.2,0
1.20,224.9,0
35.66,229.5,0
24.78,220.0,0
16.98,194.8,0
33.32,103.6,0
1.41,199.7,1
32.78,182.2,1
23.34,162.2,0
7.95,187.0,0
5.39,234.6,0
16.59,258.6,1
10.08,158.3,0
14.35,169.9,0
34.25,124.9,0
30.13,213.7,0
26.93,227.1,1
2.22,147.2,0
20.66,229.1,0
35.82,281.1,0
7.84,256.5,0
39.09,287.2,0
28.91,149.5,0
20.12,245.4,0
13.85,152.1,0
27.97,122.8,0
0.73,157.8,1
38.84,158.9,0
13.10,143.1,0
5.10,115.4,0
35.74,151.1,0
14.11,168.0,0
27.70,122.3,0
4.99,293.0,0
28.45,139.6,1
25.74,191.1,1
31.88,102.9,1
13.60,218.0,0
31.62,165.4,0
8.29,218.3,0
38.19,201.9,0
24.20,143.4,0
2.80,124.6,0
31.23,108.3,0
33.33,147.8,0
15.03,121.0,0
14.19,113.9,0
39.96,194.2,0
12.21,183.7,1
13.64,114.0,1
0.84,201.3,0
29.37,166.3,0
12.55,265.2,0
37.08,212.6,0
24.59,109.1,1
36.18,130.2,1
4.72,269.8,0
1.98,256.3,0
10.96,236.6,1
25.94,272.1,1
22.94,188.4,0
1.97,182.5,1
29.29,237.7,0
28.87,242.5,1
29.34,118.8,0
16.40,290.6,0
13.84,249.7,0
20.11,265.0,0
10.93,227.5,1
9.51,233.7,0
0.35,144.8,0
36.14,292.2,1
22.31,176.3,0
15.46,299.5,0
27.63,247.9,0
5.26,153.2,0
8.74,298.4,0
20.17,100.6,0
23.84,200.6,0
35.54,288.9,0
1.43,267.3,0
14.55,201.0,0
7.66,269.8,0
21.85,263.9,0
24.75,139.9,0
26.50,213.1,0
8.42,246.0,1
7.39,110.8,0
5.16,208.4,0
34.72,106.3,0
35.15,283.4,1
29.12,131.1,0
11.03,206.6,0
24.30,150.4,0
9.67,227.2,0
18.82,210.8,0
25.51,152.8,0
13.69,137.8,0
12.25,114.4,0
2.64,102.3,1
39.96,297.8,1
31.66,279.7,1
1.42,276.1,0
16.03,126.5,0
24.25,298.5,0
31.89,214.0,1
3.99,142.6,0
38.30,221.4,1
3.89,104.9,0
8.34,128.2,0
33.69,168.4,0
30.44,139.8,0
21.44,182.1,0
29.21,267.3,0
14.79,124.1,0
26.26,282.8,1
21.76,128.5,0
14.69,160.9,0
9.12,171.2,1
27.12,200.0,1
7.03,208.6,0
23.06,174.6,0
35.09,278.0,0
7.34,108.3,0
34.04,146.1,0
5.29,134.5,0
8.46,155.6,0
8.81,108.4,1
13.33,143.1,0
29.74,100.5,0
32.23,116.4,0
14.76,227.4,1
37.42,261.9,0
30.34,240.7,0
4.91,135.7,1
7.57,104.9,0
7.44,204.0,0
22.46,159.0,0
9.31,133.7,0
15.32,212.9,0
19.26,129.1,0
29.04,125.5,1
20.27,166.8,0
3.45,154.8,0
25.09,200.3,0
2.53,220.7,0
24.17,294.6,0
14.58,103.6,0
39.06,189.5,0
36.64,212.5,0
33.42,127.5,0
6.13,157.8,0
6.16,142.6,0
34.38,124.3,1
24.59,241.5,0
38.57,259.0,1
13.38,176.9,0
19.67,173.0,0
9.67,144.9,0
2.04,236.6,0
29.72,190.5,1
23.08,284.6,0
21.70,145.2,0
19.82,278.8,0
17.32,158.7,1
34.56,136.1,1
30.61,155.9,0
14.96,187.0,1
9.40,233.4,1
21.20,237.7,0
12.08,149.9,0
9.39,153.1,0
14.76,254.7,0
5.11,150.5,0
6.32,134.9,0
16.27,118.6,0
12.70,266.7,0
4.46,156.4,0
31.41,255.2,0
37.04,192.0,1
31.34,126.6,0
6.15,256.8,0
2.43,139.3,1
33.20,230.6,0
7.23,174.7,0
31.78,107.0,1
36.13,283.5,1
19.31,260.5,0
11.54,177.9,0
9.02,244.6,0
12.91,269.2,0
35.99,198.7,0
26.43,155.2,0
16.30,122.2,0
6.81,239.7,1
19.18,201.6,1
22.12,120.7,0
27.66,149.4,1
37.18,277.4,1
36.63,134.7,0
25.46,112.7,0
34.09,157.4,0
36.37,197.0,0
4.66,170.0,0
25.57,235.6,1
21.46,179.3,1
35.46,225.3,0
4.91,238.2,0
39.09,231.8,0
19.38,142.7,0
39.36,285.3,0
6.45,134.2,1
28.92,180.4,1
38.17,281.8,1
10.35,106.2,0
24.45,106.0,0
7.04,126.7,0
34.12,146.5,0
30.92,144.7,1
16.56,280.7,0
4.42,266.0,0
5.13,177.7,0
18.89,252.9,1
33.74,249.7,1
25.78,249.9,1
4.60,272.1,0
34.41,296.8,1
14.76,290.9,0
18.95,271.2,0
38.83,185.1,0
39.28,242.2,1
10.12,118.8,0
11.34,170.6,0
33.27,268.3,1
2.16,109.2,1
24.70,101.2,0
2.63,120.4,1
18.08,245.7,1
23.10,299.7,0
11.60,179.1,0
18.64,224.3,0
22.68,105.8,0
19.91,238.3,0
29.25,203.1,0
14.92,160.0,0
27.59,251.0,1
3.78,117.0,0
17.47,212.1,0
7.33,141.5,0
1.32,171.7,0
17.33,187.1,0
8.11,257.9,0
21.22,285.3,0
15.22,195.8,0
31.55,218.6,1
8.87,262.9,0
7.23,137.8,0
8.64,171.3,1
28.77,108.9,0
24.74,143.6,0
23.84,105.3,0
38.98,215.6,0
16.75,200.5,0
24.63,141.0,0
27.84,132.9,0
7.19,129.5,0
18.31,169.4,0
26.99,206.5,0
31.37,210.3,0
33.45,254.5,1
30.42,293.3,1
22.28,129.4,0
15.50,194.8,1
6.30,224.6,0
6.98,210.0,0
17.69,248.4,0
37.89,144.7,1
3.46,191.6,1
22.54,233.7,0
10.88,274.0,1
22.98,163.6,0
5.49,193.8,0
35.33,122.1,0
35.16,153.4,0
21.71,268.1,0
4.13,254.8,0
28.94,260.0,0
23.23,209.0,0
18.43,114.3,0
23.74,252.0,0
39.43,130.8,0
36.33,155.3,1
31.38,208.7,1
12.71,154.5,1
18.50,281.3,0
7.18,185.0,0
11.58,130.2,0
23.53,204.7,1
23.55,227.1,0
34.43,254.9,1
9.20,166.6,0
3.95,268.6,0
36.97,224.3,0
37.79,189.2,0
7.94,208.2,0
24.75,253.1,1
31.30,184.3,0
38.89,289.6,0
22.37,228.4,0
12.05,109.0,0
28.34,266.7,0
5.16,170.9,0
12.04,250.4,0
32.60,109.1,0
25.12,279.2,0
2.72,187.9,0
8.36,297.5,0
1.57,148.8,0
19.58,249.1,0
33.62,148.5,0
32.12,117.3,0
25.75,229.9,1
23.69,214.6,0
17.26,237.5,0
15.59,229.1,0
10.91,292.9,0
28.48,117.0,0
19.52,245.5,0
24.68,234.7,0
1.75,237.0,0
11.54,261.8,0
14.61,268.2,0
13.86,142.1,0
26.03,168.3,1
10.52,277.8,0
32.85,286.6,0
10.45,174.3,0
23.38,227.4,1
9.23,278.8,0
5.71,161.5,1
2.02,173.5,0
29.30,152.1,0
10.06,237.0,0
20.55,244.6,0
5.83,118.8,0
22.15,171.7,1
39.87,183.2,1
19.28,212.4,0
16.72,151.9,1
23.76,288.0,0
39.11,128.4,1
29.83,245.3,1
29.01,279.2,0
28.40,297.0,0
33.61,264.0,0
7.70,266.0,0
14.92,173.5,0
13.77,163.5,0
26.80,141.7,0
3.29,127.7,0
33.91,285.8,0
29.30,161.0,0
18.84,186.7,0
27.70,155.0,0
25.95,206.7,0
29.71,285.1,0
0.42,165.0,0
35.46,188.8,0
15.86,181.7,0
19.82,213.6,1
16.45,228.0,0
4.81,226.7,0
3.39,197.0,1
1.27,228.8,0
7.04,216.6,0
30.96,157.8,0
13.53,127.1,0
16.83,217.1,0
19.79,155.8,0
22.42,130.4,0
3.62,168.9,0
12.67,243.4,0
15.60,257.2,0
4.88,288.0,0
26.32,222.9,1
22.00,184.6,1
3.15,257.5,0
21.72,143.7,0
22.73,177.9,0
7.52,172.0,0
13.37,165.1,0
18.67,277.5,0
7.35,161.9,0
19.60,258.8,0
19.09,299.4,1
32.01,127.2,0
34.14,156.1,0
34.90,264.9,1
18.74,198.2,0
9.95,240.0,0
4.08,203.5,0
17.67,277.6,0
13.64,274.7,1
4.82,299.2,0
12.34,134.7,1
35.78,100.6,1
37.13,203.5,0
38.62,181.1,1
18.26,194.8,0
22.65,127.6,0
37.64,118.5,1
24.86,261.2,1
33.64,270.7,0
21.10,164.6,0
5.36,202.5,1
28.76,287.0,0
4.71,215.5,0
1.64,233.6,0
10.11,142.3,0
5.51,178.4,1
17.56,162.9,0
23.72,107.4,0
5.35,245.7,0
4.18,205.1,1
12.71,217.2,0
14.76,128.0,0
1.32,166.6,0
3.97,258.5,0
8.12,172.1,1
27.51,152.1,0
36.27,219.3,0
23.72,279.2,0
20.19,188.6,0
23.50,283.0,0
28.84,251.7,0
28.83,202.9,0
20.24,165.7,0
27.74,280.8,0
29.91,283.9,0
28.96,234.0,0
3.08,169.5,0
3.93,267.8,0
27.46,217.8,0
16.35,128.1,0
5.48,264.4,0
26.95,192.4,0
2.76,286.2,0
34.97,198.0,0
0.23,276.7,1
8.98,134.7,0
35.19,283.9,1
32.21,260.7,0
30.34,107.5,0
14.36,168.2,0
25.76,277.8,0
15.73,143.0,0
36.40,263.2,1
30.89,277.5,0
26.82,272.0,0
21.00,106.0,0
37.13,297.9,0
29.43,263.9,0
19.16,180.0,1
30.71,178.9,0
30.56,115.1,0
11.90,138.4,0
7.10,293.6,0
33.14,298.3,1
39.33,154.6,0
25.78,271.3,0
37.83,299.7,0
6.98,156.7,0
11.74,112.3,0
2.08,146.6,0
7.39,181.5,0
24.51,150.8,0
28.82,261.9,0
32.78,281.6,0
4.51,286.4,0
25.17,160.0,0
27.19,210.1,0
1.63,161.1,0
13.50,284.1,1
9.82,185.8,0
7.34,171.0,0
20.03,167.9,0
9.44,129.5,0
2.40,193.3,1
21.50,191.2,0
8.20,123.6,1
31.86,198.8,1
27.05,211.1,0
9.58,104.2,0
31.00,108.7,1
8.82,249.7,1
36.34,227.5,1
13.16,128.1,0
39.95,279.7,0
24.53,183.3,0
18.64,220.1,1
14.74,285.0,0
25.77,274.0,1
9.53,288.0,0
18.14,206.8,0
7.80,170.9,0
14.61,231.2,0
16.29,278.6,0
29.78,111.3,0
0.95,297.9,0
0.04,245.9,1
36.84,202.1,0
0.61,114.3,0
18.40,220.6,0
26.16,170.5,0
22.49,181.0,0
28.83,134.2,1
8.27,112.8,1
36.80,111.6,1
26.70,295.3,0
17.67,295.9,0
11.63,208.2,1
32.10,143.5,0
39.27,273.2,0
22.52,209.5,0
28.87,220.9,1
17.31,203.2,0
39.90,276.2,0
20.30,202.9,0
21.71,258.3,0
24.66,159.5,1
21.73,115.3,1
13.62,255.0,0
19.11,106.3,0
7.98,299.8,0
2.82,156.4,0
30.32,106.3,0
5.41,238.2,0
30.25,214.3,0
10.49,296.8,1
6.91,223.5,0
2.02,120.2,0
17.25,130.0,0
10.71,130.9,0
26.88,227.4,0
13.16,130.2,0
24.04,202.4,1
5.53,183.8,0
19.69,298.7,0
38.90,191.7,0
6.25,106.2,1
21.23,227.4,0
22.16,225.5,0
36.57,244.2,1
38.40,124.6,0
15.00,221.7,0
14.50,178.4,0
29.85,230.5,1
1.13,240.2,0
29.38,277.6,0
31.97,228.9,0
2.15,141.3,0
39.04,119.3,0
6.36,225.9,0
9.68,163.7,0
7.16,241.9,0
30.28,229.5,1
21.76,154.4,0
11.57,234.2,0
10.37,227.3,0
20.65,292.2,0
23.35,298.8,0
31.96,139.9,1
15.80,241.5,0
21.68,249.2,0
17.70,247.8,0
27.52,234.9,0
19.62,154.0,0
15.91,170.3,1
33.50,134.9,1
13.47,117.8,0
6.47,144.3,0
16.19,254.2,1
5.20,273.5,0
38.68,272.7,0
32.02,152.2,0
10.08,260.0,0
19.33,144.8,0
7.84,267.2,0
20.04,197.6,0
8.19,287.3,0
23.13,143.0,0
9.04,172.6,0
33.21,227.8,0
14.20,204.5,0
1.66,142.4,0
36.02,270.3,0
27.56,104.5,1
22.61,207.2,0
36.91,231.3,1
27.58,294.4,0
23.62,172.2,0
38.42,172.0,1
36.59,172.9,0
20.43,248.8,0
39.06,170.0,0
30.94,154.1,0
22.66,115.0,1
4.76,182.9,0
1.24,227.8,0
39.61,132.7,0
3.57,109.3,0
35.42,217.0,0
12.32,133.5,1
7.75,298.6,0
5.76,218.4,1
32.42,289.3,0
2.85,275.3,1
22.84,100.8,0
39.18,192.4,0
17.12,257.5,0
13.29,207.9,0
29.97,290.1,0
2.00,239.6,1
33.11,249.3,0
4.12,225.9,0
34.43,237.4,0
37.04,161.0,0
28.98,115.8,0
11.36,197.6,0
33.56,149.1,1
26.23,266.9,0
36.75,141.7,0
11.16,181.6,0
0.37,167.0,0
33.92,224.8,0
14.38,269.7,0
30.57,114.2,0
14.25,288.9,0
38.62,171.0,1
34.97,104.8,0
30.99,115.2,0
24.35,191.2,0
7.38,160.4,0
17.15,153.7,1
30.17,192.4,0
9.71,219.7,0
1.87,232.8,0
21.50,186.5,0
21.05,159.0,0
11.32,253.9,0
1.08,271.3,1
6.15,162.0,1
3.74,268.4,0
30.46,127.6,1
16.67,139.9,0
20.22,100.5,0
19.55,274.2,0
26.41,123.1,0
0.61,177.6,1
39.46,197.9,0
12.86,130.7,1
17.08,175.1,1
4.09,297.7,0
18.51,259.6,0
0.81,152.6,0
36.85,139.6,1
37.00,157.3,1
26.49,140.5,0
13.45,208.4,1
7.12,252.9,0
21.27,271.9,0
34.60,126.5,0
5.42,201.6,0
25.87,205.5,0
7.55,251.7,0
26.74,137.4,1
30.99,269.8,1
17.07,179.1,0
21.67,244.0,1
27.17,143.0,0
12.02,298.4,0
22.81,172.3,0
36.32,262.3,1
4.59,272.8,0
30.38,290.4,1
6.94,177.9,0
25.51,222.9,0
35.43,110.8,0
8.81,285.2,0
38.75,140.6,0
17.09,106.7,0
5.51,283.5,0
20.83,184.6,0
1.63,243.8,0
8.61,197.5,0
17.92,119.7,0
1.43,102.0,0
7.13,197.1,0
2.29,135.7,0
23.28,237.4,1
37.26,269.8,0
4.10,255.5,0
29.64,120.4,0
25.54,271.3,0
28.49,241.6,1
33.02,232.8,0
13.45,275.0,0
19.07,132.1,0
19.93,287.2,1
37.94,268.0,1
14.82,297.4,0
23.56,105.2,0
38.18,296.3,1
22.26,267.4,0
30.88,178.0,1
28.33,261.4,0
24.32,121.2,1
14.19,186.2,0
2.32,108.7,0
23.47,135.0,1
39.80,186.2,0
32.32,274.7,0
3.95,211.2,0
39.46,280.1,1
32.11,113.0,1
13.00,202.5,1
20.11,283.0,0
4.77,141.8,0
35.55,255.3,1
14.58,190.7,0
33.74,213.6,1
36.25,103.7,0
10.71,105.0,0
25.92,169.2,0
8.99,138.1,0
4.84,152.2,0
11.81,211.9,0
24.33,108.0,0
1.45,136.3,1
12.37,257.3,0
23.19,145.0,0
31.07,295.0,1
35.78,157.4,1
18.64,226.5,1
3.20,275.1,0
37.80,143.5,1
12.99,261.3,0
30.58,183.7,1
0.38,196.0,0
33.96,211.9,0
11.08,160.7,0
19.25,236.9,0
39.24,102.8,1
17.55,132.1,0
23.04,291.7,0
4.49,278.0,0
20.53,112.1,0
33.97,266.2,1
12.93,181.5,1
39.43,146.2,0
23.12,205.2,0
17.71,109.9,0
12.85,200.6,0
33.65,173.8,1
31.51,146.8,1
2.33,169.5,0
2.46,209.7,0
5.00,256.5,0
27.99,190.1,0
12.84,282.4,0
6.13,112.8,0
32.65,199.9,0
6.07,274.8,0
11.81,118.5,0
5.50,188.9,0
33.76,262.2,0
26.56,214.4,0
34.55,188.6,0
29.56,187.2,0
26.25,136.1,1
25.29,100.9,0
27.86,156.8,0
5.99,240.1,0
3.00,156.4,0
37.14,138.4,0
26.53,196.4,0
14.99,206.7,1
31.14,299.2,0
32.35,276.2,0
13.94,124.0,0
35.29,150.4,0
13.35,183.5,0
31.29,270.2,1
39.53,128.7,1
30.84,263.3,1
33.95,250.8,0
30.25,161.9,0
27.54,141.2,0
7.92,162.8,1
13.93,193.1,0
9.49,288.9,0
34.16,287.3,1
8.44,140.1,0
13.38,141.1,0
7.43,106.3,0
4.98,220.1,0
22.93,117.0,0
3.05,287.8,0
16.56,177.4,0
34.92,256.3,0
10.93,191.0,1
16.35,133.2,0
2.04,149.0,1
33.95,247.0,0
36.57,275.1,0
2.79,295.9,0
28.40,275.1,1
35.73,227.4,0
24.38,292.8,0
20.53,283.6,1
5.90,148.8,0
37.96,275.0,0
38.84,153.8,1
28.29,263.1,0
4.31,127.8,0
0.35,194.5,0
35.50,218.0,0
10.60,135.9,0
24.13,142.5,0
31.21,117.0,1
26.26,145.8,0
10.58,163.2,0
0.06,279.5,0
0.48,112.9,0
7.42,175.8,0
8.62,252.8,0
3.89,124.8,1
6.35,132.5,0
0.30,121.2,0
14.28,239.0,0
20.27,122.5,0
34.73,177.8,1
13.76,128.6,0
33.86,163.8,0
39.31,128.5,0
14.64,211.5,1
31.41,193.8,0
34.11,277.5,0
19.73,280.6,0
36.44,147.8,0
2.12,260.1,0
12.59,115.3,0
26.54,146.0,0
39.43,134.4,0
29.07,297.4,1
15.21,110.5,0
24.79,140.4,0
19.02,142.3,0
20.83,174.6,0
23.57,138.8,0
39.19,207.5,1
0.52,190.4,0
19.59,121.0,0
11.59,260.8,1
38.51,134.6,1
5.24,136.5,1
19.96,155.8,0
21.84,277.4,0
7.19,182.6,0
23.63,101.3,0
27.75,179.5,0
0.51,295.8,0
5.10,293.0,0
18.58,139.3,0
0.82,243.6,0
33.70,179.2,1
28.08,115.4,0
0.66,171.6,0
11.43,201.9,0
27.54,268.5,0
13.29,155.4,0
31.66,124.1,1
27.05,177.4,0
34.26,289.4,0
28.52,135.1,1
13.46,254.1,0
21.87,285.0,0
8.78,132.7,0
13.73,149.5,0
26.31,174.8,1
13.07,290.8,0
34.06,288.1,0
16.00,187.7,0
31.47,115.2,0
8.62,164.0,0
1.27,220.4,0
4.41,258.4,1
39.91,194.4,0
0.44,247.8,0
19.97,142.8,0
35.33,115.8,1
3.75,170.2,0
31.48,200.9,0
13.21,167.6,0
32.92,147.1,1
3.45,240.3,0
30.37,118.1,1
10.15,282.0,0
13.08,235.4,1
26.74,283.1,0
32.52,234.9,0
9.11,284.3,0
6.31,178.1,0
35.43,182.9,0
13.18,239.4,0
24.01,190.6,1
20.64,187.7,0
26.18,206.1,0
17.54,261.5,0
29.81,198.7,1
39.24,220.1,0
28.54,100.6,0
4.25,245.5,0
18.19,163.6,0
27.46,100.6,0
4.94,276.7,0
30.28,280.1,0
20.15,125.5,1
1.80,195.7,0
33.47,224.1,1
17.41,142.2,0
19.63,166.9,0
39.48,118.2,1
5.03,236.3,1
13.93,262.0,0
11.54,257.2,0
31.35,152.8,1
11.61,294.9,0
15.04,167.6,1
36.52,297.3,0
14.33,274.5,0
18.01,120.7,0
12.85,195.1,1
34.02,186.8,1
34.33,262.2,0
4.38,291.6,0
0.75,213.0,0
22.90,212.8,0
6.79,242.7,0
26.37,115.0,0
17.36,220.8,1
39.97,102.0,1
32.60,297.0,0
32.76,281.6,1
23.50,119.0,0
15.42,251.9,0
27.36,221.3,0
39.46,133.5,0
36.51,124.8,0
2.88,189.7,0
33.36,138.6,1
5.73,166.1,0
15.37,255.5,0
5.30,264.5,0
35.39,190.6,1
27.33,142.7,1
34.01,250.0,0
2.95,245.2,1
21.61,183.6,0
29.68,263.0,0
19.33,294.8,1
29.76,218.9,0
33.14,251.5,0
10.27,190.6,0
18.13,256.6,1
37.84,258.7,0
22.19,249.6,0
22.38,284.4,0
31.00,233.9,1
25.27,145.9,0
4.46,141.3,0
30.60,243.8,0
16.75,218.8,0
22.01,195.5,0
24.86,255.6,1
18.96,101.7,1
36.10,208.7,0
11.61,140.4,0
13.25,292.4,0
28.33,242.6,0
23.34,113.4,0
9.54,110.6,0
3.92,215.0,0
9.97,213.6,1
3.90,197.7,1
2.64,123.4,0
17.09,287.5,0
20.22,168.3,1
18.34,113.8,0
31.71,159.8,1
21.38,168.4,0
14.20,139.2,0
35.67,290.4,1
32.34,176.1,1
18.80,244.6,0
21.50,275.0,0
30.86,141.5,0
18.00,185.9,0
13.46,142.7,0
5.11,129.3,0
9.82,191.0,0
7.81,298.1,0
31.73,198.8,0
24.65,144.7,0
8.47,248.3,0
14.83,280.6,0
11.45,177.2,1
21.20,152.4,0
5.24,200.8,1
19.81,298.5,0
35.74,128.7,0
26.20,164.8,0
4.63,222.3,1
0.24,144.3,1
13.19,194.1,0
15.71,198.1,1
33.57,272.8,0
6.57,155.0,0
38.74,177.0,0
12.20,297.4,0
3.45,119.2,0
13.12,149.7,0
6.48,129.3,0
15.53,119.0,1
0.18,114.6,0
18.57,161.6,0
20.56,104.2,0
22.74,188.3,0
28.53,114.9,0
27.54,232.0,1
16.55,200.2,0
7.76,106.8,0
36.77,184.5,0
17.43,240.3,0
29.19,246.9,0
35.49,298.0,1
1.03,219.4,0
5.54,187.9,0
17.26,204.1,0
27.27,226.9,0
39.88,294.5,1
34.10,183.7,1
33.08,118.1,1
27.04,299.2,1
10.65,252.0,0
7.60,160.3,0
27.57,224.1,0
15.55,197.4,0
26.55,117.8,0
4.02,180.6,0
23.08,212.2,1
5.45,211.8,0
32.61,120.3,0
38.32,174.6,1
6.42,100.6,0
2.22,147.9,0
8.81,234.1,1
37.90,252.5,0
23.90,277.7,0
4.96,254.0,0
16.37,238.0,0
8.45,177.1,0
22.58,189.1,1
20.63,256.3,1
15.15,295.5,1
17.57,277.2,0
2.63,254.7,0
31.82,244.6,0
20.42,268.5,0
19.80,293.6,0
12.20,271.1,0
29.07,227.7,0
24.93,271.1,0
10.92,162.3,0
16.12,260.5,0
21.66,212.4,0
20.11,168.0,0
39.09,234.4,1
5.83,217.3,0
13.39,258.7,0
22.57,110.0,0
20.71,231.7,0
38.77,120.8,0
13.70,185.0,0
24.98,166.3,0
2.17,112.0,0
37.40,236.8,0
18.67,219.3,0
7.58,176.3,0
6.24,133.8,0
2.33,120.6,1
17.40,226.5,0
3.34,168.9,0
18.69,209.7,1
32.08,285.7,1
34.43,249.6,0
35.79,275.4,1
27.43,260.4,0
14.93,211.5,0
0.33,116.3,0
19.79,141.2,0
13.10,187.3,1
15.18,197.8,0
26.92,150.9,0
37.96,121.8,0
10.32,151.1,0
20.78,234.6,0
35.28,232.3,0
15.56,285.9,0
29.69,242.6,0
17.58,120.4,0
20.25,104.8,0
5.95,108.2,0
23.92,117.1,0
12.06,238.5,0
27.23,199.7,0
29.70,239.5,0
5.13,288.8,0
4.95,123.2,0
5.46,276.2,0
18.58,144.2,0
19.29,114.9,0
21.14,180.9,0
14.45,120.9,0
15.13,293.8,0
25.28,186.9,0
25.29,282.4,1
17.59,129.6,0
20.63,187.9,0
32.96,230.7,0
7.21,153.5,0
21.69,120.7,1
24.65,200.4,0
13.14,298.5,0
10.56,197.4,1
31.50,290.5,0
28.55,124.0,0
27.93,264.1,0
38.26,211.5,1
21.75,117.6,0
3.60,149.4,0
33.47,129.8,0
37.57,220.2,0
35.47,105.0,1
9.41,135.8,0
23.39,280.5,0
16.61,195.2,0
4.67,258.1,0
3.55,142.4,0
25.05,286.1,0
0.61,105.5,0
20.45,119.3,0
3.47,192.2,1
20.62,260.6,0
25.90,287.2,0
11.04,232.0,0
27.76,273.6,0
1.24,201.6,0
33.53,123.4,0
39.97,249.1,1
39.31,248.2,0
6.29,243.9,0
32.23,256.6,0
7.75,225.2,0
31.78,127.9,1
27.10,256.5,0
20.14,238.9,1
3.17,298.4,0
9.64,256.5,0
35.04,273.0,0
38.64,206.8,1
20.61,241.9,0
18.55,122.1,0
21.05,281.0,0
22.68,110.5,0
20.12,173.1,0
33.31,202.2,0
39.20,140.7,0
31.90,238.6,1
15.66,189.9,0
26.58,247.7,0
15.02,133.5,0
39.76,143.4,1
23.65,185.6,0
8.22,288.7,0
29.60,231.3,0
37.50,252.4,0
38.71,113.2,0
23.37,242.6,0
2.13,287.2,0
39.57,265.1,0
5.27,266.0,0
24.81,127.5,0
25.56,185.1,0
30.48,129.4,1
28.16,216.4,1
19.88,130.3,0
10.35,136.1,1
9.34,258.4,0
6.69,288.7,1
31.02,232.2,1
13.24,137.0,0
39.04,211.6,1
5.94,290.9,0
37.52,259.3,0
20.00,202.7,1
8.39,243.4,0
30.22,186.4,0
15.61,253.3,0
5.15,217.0,0
29.55,261.1,0
31.08,220.3,1
32.54,205.6,0
17.43,198.0,1
35.28,286.0,0
27.45,187.8,0
38.44,204.0,0
4.80,243.9,0
14.41,136.2,0
15.28,125.1,0
12.18,201.7,0
13.11,277.9,1
14.03,110.7,0
11.18,263.8,1
5.35,112.4,0
32.19,294.1,0
21.79,299.5,0
10.92,151.6,0
6.68,156.3,1
4.15,100.1,0
34.20,181.7,0
21.11,266.9,1
2.43,265.4,0
24.46,117.0,0
26.02,251.7,0
29.96,298.3,1
9.59,225.6,1
23.06,113.7,0
1.49,157.3,0
18.07,180.9,0
12.93,125.0,0
25.12,299.6,1
19.11,219.7,0
0.35,235.7,0
6.68,282.0,0
11.95,149.4,0
14.85,293.2,0
14.44,221.7,0
25.08,101.2,1
21.45,188.2,0
26.63,255.8,0
18.04,297.1,0
7.86,148.8,1
16.53,273.1,0
1.17,158.2,0
2.77,235.3,0
17.99,289.8,0
5.91,249.0,0
30.21,150.6,0
26.40,233.5,1
31.15,186.9,1
32.83,163.1,1
7.60,236.0,1
11.62,144.8,0
32.32,172.7,1
37.34,104.7,0
5.38,140.6,0
14.46,190.2,0
28.80,152.5,0
30.01,150.4,1
31.68,211.6,0
34.75,254.6,0
37.12,142.8,1
2.64,266.1,0
27.87,206.9,0
0.11,131.5,1
36.06,113.5,1
19.77,276.7,0
28.10,119.1,0
29.36,104.3,0
33.55,252.6,0
1.94,274.7,0
14.54,135.3,0
31.50,243.0,1
29.18,184.1,1
22.09,161.8,0
28.46,109.0,1
38.75,212.2,1
13.49,273.3,0
8.56,117.1,0
15.56,281.6,0
3.41,150.8,1
23.18,134.9,0
22.31,235.1,0
22.35,165.3,1
5.08,218.4,0
26.22,130.3,0
14.59,146.9,1
1.57,143.4,0
32.06,101.4,1
13.63,276.9,0
23.30,164.9,0
17.11,201.2,0
0.72,154.6,0
5.79,114.3,0
19.82,274.1,0
14.86,260.8,0
20.30,128.0,1
36.50,106.4,0
20.39,131.3,1
5.82,194.9,0
9.53,282.6,0
2.25,284.8,0
16.90,159.1,0
14.22,150.1,0
15.16,267.2,0
39.83,213.0,0
26.74,122.7,1
6.76,241.0,1
9.74,133.3,0
36.26,261.1,0
26.76,111.2,1
37.27,138.5,1
34.53,264.2,0
25.30,255.1,0
36.50,230.6,1
25.33,199.2,0
25.93,257.1,0
0.45,257.2,0
32.40,290.5,1
12.89,225.5,0
23.94,168.0,0
18.08,141.9,0
30.57,156.1,1
30.55,253.5,0
25.74,226.0,0
39.97,159.1,0
25.27,158.3,0
5.85,108.3,0
3.37,103.6,0
39.76,127.5,1
18.52,126.3,0
12.95,133.0,0
2.04,131.2,0
26.13,104.4,1
29.49,107.4,0
21.75,170.8,0
25.32,226.6,0
18.91,295.1,0
2.38,269.7,0
0.02,182.7,0
12.27,246.8,0
16.87,140.4,0
12.44,299.5,0
5.38,109.3,0
12.76,144.5,0
13.78,154.7,0
22.76,149.7,0
30.58,298.6,0
32.03,143.7,0
12.72,124.8,1
0.43,194.6,0
36.16,203.1,0
20.62,295.3,0
14.06,106.0,0
18.11,107.0,0
23.18,295.3,0
25.49,242.8,1
9.48,108.2,0
2.03,232.7,0
37.78,125.9,1
23.75,185.8,0
4.30,122.6,1
11.86,141.5,0
9.92,295.2,0
8.87,259.9,0
15.42,101.6,0
19.48,246.4,0
37.93,172.0,1
26.32,133.9,1
28.45,129.0,0
37.24,215.0,1
12.80,139.4,0
19.21,164.7,0
26.75,158.2,0
16.65,290.5,0
9.17,266.9,0
26.95,210.2,0
30.34,243.5,0
22.09,283.9,0
13.29,229.8,1
3.10,160.6,0
13.29,121.7,0
22.83,153.4,1
37.90,235.0,0
11.25,244.3,1
3.79,105.3,1
22.80,138.0,0
14.72,187.2,0
32.69,183.9,1
1.07,158.6,0
26.66,172.6,1
36.11,145.5,1
38.94,299.7,0
12.05,286.5,0
0.92,285.2,0
31.51,206.5,0
31.56,169.5,0
27.96,211.5,1
25.66,295.7,0
25.60,180.5,1
23.65,263.6,0
20.56,181.4,0
33.21,253.0,0
19.69,153.9,1
29.48,283.7,0
3.59,163.7,0
10.81,196.1,0
39.50,164.1,0
13.59,193.3,0
37.51,145.7,1
17.48,157.2,0
11.79,206.8,0
12.75,284.4,1
5.36,201.8,0
1.99,137.8,0
15.68,121.2,0
32.49,274.0,0
15.42,285.4,0
0.00,177.9,0
27.73,243.8,1
25.26,231.5,0
29.36,246.7,0
1.72,104.7,1
26.63,182.6,1
35.20,202.0,1
30.69,146.1,1
12.36,131.6,1
8.86,265.8,0
16.58,276.9,1
18.29,275.3,0
32.18,266.7,0
3.31,138.4,0
38.69,279.7,1
25.48,201.3,0
11.03,210.8,0
21.98,112.7,1
38.96,123.7,1
27.93,205.8,1
33.68,210.9,1
12.87,255.1,0
22.78,221.9,1
10.70,148.5,0
15.07,193.7,0
10.78,237.5,1
38.52,168.3,0
24.20,216.9,0
28.94,244.5,0
26.12,230.1,0
2.37,144.9,0
37.92,167.8,0
15.69,109.1,0
6.63,215.0,0
26.70,270.0,0
5.96,105.9,0
32.59,254.9,0
8.70,138.9,0
3.95,259.0,0
2.30,215.6,0
26.02,280.8,0
23.57,277.9,0
8.47,276.5,0
16.94,299.3,0
2.86,133.6,0
26.85,124.9,0
6.41,210.8,0
16.85,124.1,0
20.10,130.2,0
37.39,171.1,0
29.39,196.5,0
35.50,239.4,0
26.26,116.9,0
26.89,131.9,0
14.31,113.7,0
31.87,281.3,0
12.76,140.1,1
34.41,266.1,0
35.08,145.2,1
7.98,210.3,1
2.99,131.7,0
26.25,257.3,0
29.37,270.1,0
31.10,276.9,0
26.93,167.7,1
3.49,173.5,1
26.99,255.2,0
23.51,205.6,0
5.38,227.5,0
22.46,255.5,0
32.11,256.6,0
33.34,272.8,0
30.22,137.8,0
21.97,195.3,0
32.57,272.9,0
7.50,104.8,0
8.95,139.0,0
18.61,231.6,0
20.21,118.6,0
27.63,265.3,0
31.99,251.9,0
16.73,298.8,0
27.56,252.6,1
29.16,230.5,0
23.97,257.8,1
32.36,202.5,0
31.48,134.4,0
11.95,167.1,0
7.12,149.8,0
6.94,239.3,0
33.25,250.0,1
16.04,263.5,0
31.20,113.2,0
10.03,247.4,0
1.45,239.3,1
25.65,238.2,0
5.68,252.1,0
24.02,226.5,0
32.03,279.9,0
23.47,186.4,0
38.79,182.1,1
3.85,178.1,0
7.82,125.7,0
19.05,116.5,0
29.87,145.4,0
15.08,106.7,0
36.83,299.7,0
24.64,165.6,0
29.47,261.0,0
18.84,126.2,0
6.85,233.9,0
39.66,175.0,1
11.29,236.8,0
25.30,105.1,0
32.46,276.3,1
34.01,299.4,1
0.77,189.6,0
37.95,114.0,1
14.75,263.4,0
20.86,215.4,0
34.07,189.2,0
25.48,193.5,0
6.66,246.0,0
24.26,280.3,1
2.28,204.7,0
9.38,293.3,0
29.18,235.2,0
9.78,148.3,0
25.90,273.3,0
24.32,102.0,1
2.32,248.1,0
6.44,106.7,0
37.61,106.2,1
22.58,151.4,0
4.14,177.7,0
32.99,285.8,0
13.89,243.8,0
37.93,295.3,1
11.17,295.0,0
9.96,154.8,0
5.13,121.2,0
19.55,214.5,0
1.22,256.4,0
25.20,106.4,0
20.82,194.3,0
19.30,260.1,0
4.65,195.9,1
28.25,246.7,0
10.10,237.7,0
8.01,187.0,0
11.38,144.9,1
36.18,175.7,0
0.92,221.6,1
30.64,272.9,1
2.54,203.7,0
37.08,263.9,1
35.46,106.6,0
26.13,197.8,0
2.35,291.3,0
12.44,139.5,0
39.87,281.0,0
5.57,121.4,0
36.27,172.2,0
32.80,119.1,0
13.32,202.7,0
14.76,276.1,0
39.66,116.4,0
13.55,209.6,1
26.76,127.9,1
20.24,155.2,0
9.55,106.2,1
5.06,208.7,0
2.18,163.5,0
9.41,274.2,0
37.02,176.1,1
38.33,285.4,0
22.60,232.8,1
37.68,271.1,1
8.05,286.9,0
13.96,261.0,0
5.19,144.1,0
38.10,152.5,0
34.41,274.8,0
32.83,242.2,1
37.43,206.0,0
13.88,253.3,0
8.87,147.0,0
20.78,100.6,0
10.17,240.1,1
5.35,216.2,0
26.07,220.2,0
18.01,134.5,0
15.11,109.2,1
27.45,294.7,0
34.75,283.3,0
5.94,128.8,0
12.73,219.4,1
4.51,170.6,0
17.97,271.5,0
21.06,203.2,0
5.33,242.8,0
22.40,284.2,0
16.21,187.0,0
24.90,276.4,0
3.35,272.2,0
25.29,298.2,0
24.46,297.7,1
7.30,257.0,0
36.70,132.6,1
27.58,135.7,1
15.62,157.4,0
1.31,132.0,0
19.72,247.9,0
29.08,147.0,1
1.97,298.8,0
13.07,275.0,0
34.76,170.1,1
30.16,119.0,0
9.40,253.4,1
6.52,106.8,0
30.01,149.7,0
0.82,138.7,0
30.48,253.0,1
20.52,298.9,0
11.39,298.8,0
5.00,269.6,0
12.16,138.5,0
14.14,151.6,0
8.77,141.1,0
15.02,187.6,0
21.29,244.1,1
24.77,169.0,0
1.38,240.1,1
34.75,170.0,1
15.76,135.1,1
25.40,154.8,0
13.95,179.9,1
38.32,194.4,1
3.45,268.4,0
18.37,264.2,0
31.43,108.1,0
28.95,180.1,0
9.09,162.9,1
18.28,157.2,1
16.48,140.3,0
21.36,241.3,0
30.28,199.4,0
24.63,252.2,0
1.76,221.9,0
26.96,248.0,1
17.30,272.0,0
7.79,158.1,0
22.90,151.9,0
8.97,267.9,1
27.33,133.9,1
5.28,198.8,0
14.99,147.1,0
7.54,162.7,1
36.98,110.8,1
25.09,252.5,1
21.49,263.0,0
21.30,228.0,1
25.72,294.0,0
29.54,177.9,1
23.02,129.2,0
20.18,148.5,0
25.95,271.0,0
29.92,186.4,0
38.41,133.6,0
16.54,297.1,0
15.68,138.0,1
37.65,249.6,0
35.70,130.4,0
1.97,294.1,0
27.64,194.9,0
15.05,181.1,0
29.89,126.8,1
1.46,226.8,0
5.61,172.7,0
38.97,196.7,0
29.86,242.8,0
28.58,192.7,0
32.92,224.0,1
7.27,241.4,0
9.91,106.9,0
7.13,272.5,0
0.88,116.4,0
17.82,185.7,0
38.46,116.8,1
23.97,121.2,1
27.67,242.7,0
37.37,202.0,0
19.71,183.7,0
22.05,215.4,1
36.51,284.0,0
21.01,286.0,0
35.95,278.3,0
37.67,292.2,0
24.90,170.2,0
8.49,189.0,0
13.24,143.2,0
29.28,263.6,1
15.77,206.5,0
19.30,120.7,0
7.90,290.7,0
28.17,227.7,1
16.00,230.6,0
39.72,289.4,0
23.43,155.0,1
39.57,172.5,0
28.50,267.6,1
28.47,193.8,0
26.63,296.1,1
5.16,130.2,0
39.90,230.9,1
14.91,212.5,1
35.84,143.4,1
27.86,105.8,0
26.48,292.3,1
10.16,219.8,0
21.81,248.3,1
4.43,255.4,1
11.70,126.4,0
20.47,106.4,0
7.74,159.7,0
12.39,269.9,0
13.33,225.1,0
27.27,246.1,0
26.71,212.9,0
16.27,268.5,0
1.09,246.7,0
8.42,218.5,1
30.42,218.8,0
22.92,210.3,1
32.23,125.8,0
39.48,190.7,1
30.99,264.7,0
18.43,151.8,0
14.61,298.0,1
30.42,121.2,1
16.01,160.9,1
30.63,203.6,1
12.06,207.9,0
9.22,264.4,0
15.98,159.7,1
0.51,255.6,1
12.42,128.0,0
39.53,127.5,1
35.50,261.3,1
2.99,252.0,0
3.62,175.3,0
14.05,202.6,0
37.13,290.0,1
22.82,141.1,0
36.17,228.5,1
16.12,225.8,0
17.97,261.4,1
21.79,188.5,0
5.29,240.7,0
27.73,201.9,0
39.63,119.5,0
9.40,136.1,0
31.66,138.0,0
39.61,142.3,1
10.31,270.9,0
38.70,127.3,0
34.39,295.7,0
38.02,140.4,1
8.95,265.2,0
14.97,201.4,1
1.20,266.2,0
8.04,248.6,0
22.61,101.2,0
36.70,277.9,1
36.40,133.8,1
3.78,209.5,0
11.04,217.5,0
11.13,235.9,0
38.76,196.4,1
28.09,160.3,0
23.45,268.0,0
8.81,252.3,0
35.84,186.8,0
34.18,190.2,0
29.99,262.2,0
25.30,160.9,1
4.19,280.9,1
13.87,258.8,0
21.84,130.1,0
24.09,181.4,0
39.30,169.8,0
33.69,141.0,0
21.61,104.9,0
12.73,280.5,0
19.00,141.3,0
22.86,191.1,0
17.18,117.5,0
39.20,150.0,0
3.03,276.3,0
21.62,159.1,0
24.77,149.7,1
21.38,247.4,0
21.50,228.0,0
28.94,146.9,1
12.41,294.7,1
4.82,287.4,0
23.37,212.2,0
22.33,278.2,0
2.01,101.3,0
39.25,105.2,0
12.47,227.5,0
21.28,191.8,0
14.83,130.3,0
19.91,291.6,0
27.25,102.3,1
22.75,168.0,1
21.10,240.7,0
8.52,133.5,0
27.33,199.2,0
23.67,269.3,0
31.41,189.4,1
2.30,231.2,0
19.20,259.7,0
1.39,214.6,0
14.87,123.6,0
4.96,260.5,0
10.27,101.3,0
33.35,294.3,0
15.54,209.9,0
16.04,289.0,1
12.28,243.6,0
2.18,264.6,0
39.21,237.7,1
29.93,185.2,0
38.41,126.6,0
34.04,131.9,1
16.74,232.6,0
34.55,296.9,0
7.00,256.5,0
29.69,141.7,0
17.13,263.3,0
15.20,223.5,0
30.85,247.0,1
38.17,188.5,0
35.63,153.4,1
1.83,132.2,0
32.89,102.4,0
1.13,292.4,1
31.79,170.2,1
10.50,208.0,0
17.58,206.0,0
31.13,180.0,0
7.79,270.7,1
30.59,230.1,1
31.00,247.9,1
35.27,204.4,0
19.80,201.2,0
14.18,296.3,0
31.48,170.2,1
22.01,283.5,0
18.92,215.3,0
8.95,184.1,0
39.20,132.5,0
34.88,221.6,1
23.68,172.6,0
14.75,275.9,0
23.58,174.8,0
2.18,279.9,0
2.83,169.9,1
20.05,182.7,0
32.60,172.3,1
2.33,144.9,0
29.97,176.8,0
19.65,286.8,0
11.73,218.0,0
32.46,186.2,0
28.65,174.9,0
28.71,288.4,0
23.40,291.5,0
4.40,146.8,0
37.61,146.0,1
17.11,185.1,0
18.56,126.6,1
27.78,209.9,0
18.03,105.0,0
22.67,262.7,1
13.64,241.5,0
4.75,148.4,0
3.49,101.1,1
26.04,256.8,1
29.38,266.5,0
13.38,248.1,0
36.46,271.0,0
9.51,240.1,0
27.39,114.6,0
18.57,166.9,0
7.81,198.9,0
1.41,244.4,0
16.28,182.8,0
11.55,185.5,0
27.87,236.7,0
8.69,176.2,0
37.46,188.8,0
30.80,210.2,0
21.78,148.4,1
25.67,271.6,0
11.77,288.4,0
37.55,103.6,1
17.60,201.0,1
16.86,215.2,0
4.79,132.6,0
22.32,269.1,0
20.30,290.7,0
21.20,258.8,1
29.71,154.5,0
36.10,114.3,0
36.73,282.2,0
32.69,109.1,1
12.75,118.9,0
32.28,151.1,0
33.52,149.1,0
20.00,215.2,0
28.65,206.4,1
24.92,164.3,0
38.88,260.6,0
2.92,261.4,0
37.74,222.4,0
14.30,180.6,0
24.34,285.4,0
8.96,129.4,0
2.85,122.5,0
13.52,294.4,0
30.83,163.1,0
30.24,215.7,1
25.92,253.8,0
17.93,241.7,0
0.23,151.4,0
19.01,285.0,1
16.88,181.3,0
36.56,248.9,0
13.97,124.5,0
15.77,224.1,0
12.09,267.1,1
27.46,140.5,0
16.85,291.4,0
35.28,286.9,0
20.82,280.2,0
16.35,131.5,0
24.98,235.2,1
36.58,262.8,1
31.88,166.1,1
24.82,214.6,0
27.71,134.1,0
7.78,114.4,0
31.68,272.7,1
3.29,144.6,1
28.79,201.6,0
38.86,187.4,0
18.05,118.1,0
4.66,198.6,0
5.76,217.4,0
29.58,196.1,0
28.76,167.9,1
37.22,241.2,1
37.03,203.2,0
14.24,127.2,1
18.70,255.6,0
33.16,150.2,0
17.49,202.5,0
21.62,206.2,0
28.15,284.6,0
36.11,113.7,1
29.05,213.7,0
13.13,100.5,0
8.68,218.5,0
31.13,118.8,0
24.68,284.0,0
0.33,226.6,0
7.04,143.9,0
4.99,285.6,0
14.76,255.0,0
32.97,277.6,0
11.36,187.5,0
3.80,274.9,0
26.62,127.1,1
34.04,120.2,0
32.33,145.1,1
0.05,179.4,0
36.64,134.8,0
4.17,280.3,0
31.03,190.0,1
11.98,262.7,0
1.75,113.4,0
39.57,186.9,0
0.71,132.7,0
37.21,107.8,0
17.53,296.2,0
2.16,277.2,0
22.64,154.5,0
14.76,291.4,0
34.30,120.2,1
30.99,293.7,0
21.44,130.9,0
18.03,283.8,0
23.27,281.7,0
30.15,203.3,0
35.39,232.9,1
24.61,296.0,0
15.13,251.4,0
18.99,177.4,0
3.73,168.6,0
33.17,178.1,0
30.55,154.5,0
14.92,208.3,1
3.79,149.8,0
34.96,257.2,0
7.80,108.6,1
25.06,260.2,0
21.50,255.8,0
11.63,288.8,0
15.18,200.5,0
25.82,282.8,0
11.99,170.5,0
16.40,234.7,0
11.21,218.5,0
6.32,263.7,0
17.47,107.2,0
19.94,140.7,0
18.56,234.4,0
22.32,217.6,0
12.03,284.7,0
34.77,215.4,0
14.54,193.7,0
9.98,182.8,0
35.07,196.1,1
12.51,228.2,0
35.33,135.5,0
27.44,231.0,1
38.45,111.6,1
24.63,147.7,0
23.73,253.8,0
2.15,240.4,0
24.94,246.5,1
36.76,239.9,0
20.29,165.6,0
1.49,129.1,1
11.94,144.7,0
15.23,103.5,0
25.54,110.0,0
20.74,201.5,1
31.30,256.9,0
18.88,108.3,0
33.80,293.2,0
23.65,157.3,0
14.29,191.7,0
3.65,136.1,1
37.04,195.9,0
25.20,113.5,0
27.22,175.7,1
2.46,156.4,0
0.87,106.0,0
11.95,163.7,0
19.21,138.3,1
0.25,209.1,0
2.09,218.8,0
24.35,298.5,0
31.52,285.0,0
4.93,297.5,0
27.55,109.1,1
29.37,159.3,0
13.44,108.2,0
8.75,279.4,0
12.00,168.1,0
26.14,170.8,0
31.21,289.1,0
12.32,158.6,0
13.66,128.3,0
37.40,158.2,1
25.64,107.4,1
34.71,178.6,1
5.10,244.4,0
20.47,222.2,0
25.81,206.4,0
23.86,298.8,0
6.40,298.4,0
38.10,131.5,1
35.65,259.9,0
15.00,251.7,0
39.03,241.9,0
34.38,133.0,0
10.67,261.0,0
28.94,233.5,0
3.48,132.3,0
8.00,227.7,0
31.81,153.4,1
17.01,217.9,0
35.91,126.8,1
9.69,288.7,0
30.33,189.7,0
33.87,278.9,1
15.87,147.4,0
30.38,110.8,0
19.65,111.6,0
10.70,102.0,0
20.95,281.0,0
18.17,163.7,0
6.82,270.6,0
35.67,110.9,1
3.19,128.0,1
11.26,105.4,0
36.51,284.4,0
28.60,228.6,1
17.00,205.8,1
33.87,161.4,1
26.99,213.5,1
18.31,257.9,0
19.37,106.0,1
30.46,199.4,0
27.74,140.5,1
5.20,286.2,0
38.33,127.8,0
25.38,263.5,0
27.85,291.8,0
20.87,275.1,0
7.46,249.1,0
33.76,244.7,1
20.42,270.3,0
39.43,170.7,1
4.54,162.1,0
8.43,279.9,0
3.63,178.2,1
27.61,266.3,1
9.95,136.6,0
3.06,196.7,0
17.56,112.2,0
24.19,235.7,0
30.16,129.0,1
39.60,258.6,1
17.74,218.5,0
32.72,280.4,0
22.52,204.9,1
34.55,278.2,0
11.29,147.6,0
25.92,138.6,0
28.61,163.1,0
23.47,126.8,0
22.19,127.9,1
18.94,187.6,0
11.49,227.7,0
13.37,273.0,1
10.27,197.5,0
3.11,164.0,0
35.15,168.0,0
3.04,274.4,1
27.97,152.9,0
3.74,266.1,0
29.56,289.0,0
28.84,172.7,0
7.93,258.9,0
20.56,147.8,0
14.23,148.9,1
15.33,242.4,0
23.45,224.2,0
35.01,298.8,0
31.20,151.1,0
19.64,197.2,0
11.98,292.2,0
16.87,112.1,0
25.60,142.5,0
25.26,240.3,0
29.24,158.8,0
10.14,125.3,0
34.69,235.8,0
25.31,261.2,0
20.82,202.2,0
31.02,140.2,0
13.85,171.8,0
14.20,208.7,0
6.46,143.4,0
15.81,197.2,0
0.64,278.9,0
38.79,258.6,0
10.75,175.9,0
24.68,263.2,0
32.30,239.5,0
27.76,209.7,0
9.77,225.8,0
7.57,198.1,0
26.08,196.1,0
29.69,233.7,1
2.24,186.7,1
0.48,125.9,1
24.88,103.3,1
25.68,256.5,0
29.06,157.7,0
0.84,223.4,0
25.36,209.8,1
25.23,211.1,0
27.72,222.4,0
4.13,287.4,1
11.12,182.6,0
29.22,112.5,1
34.34,191.8,0
17.03,284.9,0
11.13,100.5,1
19.45,268.8,0
11.22,252.1,1
21.88,235.9,0
15.39,213.7,0
31.75,198.1,0
0.90,290.2,0
31.98,275.4,1
17.62,177.4,1
13.77,129.1,0
36.50,190.6,0
3.79,253.8,0
16.87,285.3,0
39.73,133.1,1
11.28,115.7,0
35.44,268.8,0
14.72,248.6,0
1.76,234.0,0
24.72,247.0,1
28.11,266.0,0
24.87,297.7,0
25.15,208.7,0
23.59,104.7,0
31.00,296.5,0
28.27,188.3,0
5.01,252.7,1
31.16,234.0,1
36.78,124.9,1
9.13,202.9,1
35.20,250.8,0
39.78,259.0,0
24.93,292.4,1
13.16,179.8,0
20.33,230.2,0
5.43,106.4,1
8.93,192.9,0
22.05,144.5,1
33.49,146.2,0
33.73,175.7,0
9.37,183.2,0
37.56,223.6,0
27.39,299.2,1
23.57,125.9,0
39.09,211.5,0
5.88,177.2,1
8.90,275.0,0
32.48,251.7,0
18.77,254.2,0
15.98,200.7,1
24.19,153.8,1
28.76,130.3,1
8.10,141.8,0
28.25,217.2,0
14.37,299.8,0
16.46,140.9,0
13.60,235.7,0
28.92,161.1,1
9.59,220.9,1
10.47,100.3,0
4.31,229.2,1
35.88,227.3,0
11.20,252.9,0
14.04,101.5,0
27.64,133.4,1
35.41,105.1,1
3.35,283.9,0
11.32,193.0,1
22.52,131.1,1
37.73,120.7,1
12.50,270.8,0
23.75,289.4,0
1.20,107.7,0
30.26,104.9,0
39.84,207.3,0
28.49,104.4,0
35.64,272.9,1
8.54,273.7,0
24.13,153.5,0
8.04,175.2,0
12.30,196.7,0
13.89,146.8,0
34.35,125.9,0
10.63,218.6,1
8.68,133.6,0
33.51,116.3,1
10.09,219.3,0
12.66,233.8,0
21.48,250.1,0
31.47,269.2,1
27.12,136.3,0
3.82,281.4,0
2.86,142.2,0
29.85,226.7,0
16.97,203.6,0
15.45,268.7,0
9.97,231.3,0
31.16,129.3,0
35.63,140.7,0
26.79,187.2,0
17.59,241.7,0
21.33,180.7,0
17.66,214.3,1
24.53,268.7,0
14.22,130.6,0
24.85,128.7,0
35.63,157.5,0
13.75,129.3,0
15.38,162.2,0
29.06,258.5,1
10.63,246.3,0
3.02,100.5,0
35.33,141.0,0
10.34,138.2,0
39.04,150.8,0
30.64,219.3,1
11.28,272.7,0
11.06,195.5,0
14.95,194.9,0
30.52,219.7,0
8.53,110.9,0
5.90,178.2,0
36.82,246.1,1
11.81,268.9,1
16.44,163.7,0
38.87,209.9,1
9.61,203.9,1
31.39,119.5,0
30.20,188.5,0
34.55,278.3,0
15.61,140.7,0
28.42,154.9,1
8.25,285.6,0
37.57,281.8,0
6.33,209.3,0
19.66,144.4,0
30.48,294.4,0
24.26,225.7,1
28.42,286.1,0
16.79,149.8,0
1.88,249.1,0
34.68,232.0,0
34.21,114.4,0
39.56,257.5,1
26.00,256.7,1
0.65,233.4,0
0.20,182.0,0
0.48,166.5,0
33.69,248.2,1
24.14,118.3,0
13.45,227.2,0
4.72,233.3,1
37.76,158.1,1
0.57,119.3,0
5.75,168.8,0
11.94,103.3,0
3.70,137.9,0
20.13,134.1,0
13.20,191.6,0
33.72,227.6,1
36.85,198.8,1
17.66,279.9,1
1.40,209.3,0
8.50,173.3,0
37.26,292.6,0
39.05,249.4,0
37.32,106.8,0
18.80,294.4,1
5.47,172.1,0
23.99,266.3,0
28.05,127.0,1
37.59,113.6,0
25.82,290.4,1
36.98,279.9,1
16.67,157.6,0
23.20,283.5,0
35.72,242.9,1
22.14,121.3,0
2.07,295.1,0
28.85,227.3,0
31.69,283.0,0
13.46,298.5,0
27.44,243.8,0
12.54,208.6,1
2.08,283.0,0
16.18,133.3,1
12.04,198.6,0
22.24,173.5,0
7.86,251.3,1
29.97,118.6,1
19.18,252.6,0
18.11,135.1,0
20.80,228.4,0
19.13,253.1,0
33.72,122.2,1
16.56,179.6,0
29.81,180.3,1
9.19,236.7,0
8.58,163.8,0
15.05,210.3,0
10.64,227.7,1
29.00,137.3,0
16.28,249.9,0
15.16,291.7,0
13.63,126.2,0
29.76,299.4,0
10.18,102.0,1
4.77,119.3,0
4.64,255.9,0
22.07,298.6,0
37.07,218.9,0
10.35,199.3,0
21.63,224.5,0
9.93,257.0,0
10.78,247.9,0
16.18,203.0,0
22.95,116.0,0
39.54,198.1,0
32.77,243.9,1
23.67,297.6,0
34.00,147.8,0
12.17,233.6,0
15.49,151.9,0
30.40,159.0,1
16.91,163.1,0
27.44,218.8,1
15.55,284.7,0
34.52,101.5,0
20.06,157.8,1
27.98,142.9,0
9.83,240.2,1
32.97,126.7,0
38.61,198.3,1
32.29,189.9,0
5.58,255.8,0
20.09,232.4,0
15.93,147.4,0
36.87,192.7,0
8.64,178.7,0
10.30,205.5,0
4.85,232.2,0
39.15,149.3,1
22.14,285.1,0
34.80,171.3,1
11.14,266.8,0
5.41,125.4,0
22.83,226.6,0
7.22,213.8,0
6.41,150.1,0
7.66,275.8,0
38.81,222.2,0
23.32,170.6,0
23.32,180.4,0
25.10,177.3,0
31.00,215.7,1
23.18,206.0,0
2.97,228.8,0
2.88,279.6,1
27.04,293.4,0
18.02,119.3,0
4.70,257.4,0
16.94,152.5,1
4.84,154.3,0
35.90,191.9,0
33.39,136.4,1
32.13,137.9,1
22.27,137.1,0
25.76,148.7,0
8.48,104.1,0
31.88,211.7,1
11.83,252.6,1
28.65,169.8,0
14.33,100.4,0
34.69,160.6,0
0.29,171.5,1
7.59,143.1,0
24.81,208.8,0
39.01,208.5,1
26.96,268.0,0
17.48,229.7,0
9.52,166.0,1
28.92,257.8,0
29.43,214.6,1
29.61,131.3,1
1.75,236.3,0
6.58,111.6,1
16.06,293.8,0
5.52,126.7,0
27.03,148.7,0
30.16,121.0,0
28.49,234.7,0
4.76,213.0,0
29.23,251.2,1
30.96,106.5,1
26.97,129.5,1
6.27,287.6,0
28.17,282.1,0
8.87,206.9,0
27.20,145.7,0
23.37,183.7,0
31.37,100.4,1
18.26,195.5,0
21.12,275.5,0
20.50,278.9,0
23.76,100.1,0
7.35,286.7,0
11.31,140.6,0
25.80,103.9,0
38.88,103.2,1
13.89,283.6,0
33.20,234.7,0
14.47,244.5,1
2.49,295.3,0
6.10,244.9,0
27.73,177.5,0
23.90,299.8,0
35.03,149.4,1
32.58,172.8,0
4.21,158.9,0
38.90,154.7,1
32.13,286.9,0
22.75,117.7,0
37.06,148.2,0
29.78,200.8,0
27.41,137.3,0
25.87,227.8,0
22.68,106.6,0
39.77,123.9,1
4.61,201.0,0
28.03,258.8,0
33.80,213.4,1
16.40,294.8,0
33.33,137.4,1
29.38,231.9,0
11.72,291.8,0
39.30,136.4,0
32.96,103.7,1
24.69,275.5,0
21.88,298.1,0
36.11,134.4,0
37.08,236.5,0
11.56,169.8,0
10.56,201.3,1
1.21,152.1,0
21.69,237.4,0
39.63,182.3,0
26.02,191.0,1
12.21,162.2,1
24.20,176.7,0
19.44,289.1,0
18.10,263.1,1
20.94,129.3,0
24.44,118.1,1
14.86,238.2,0
32.13,128.9,1
6.70,161.5,0
12.45,183.2,1
12.80,209.2,0
30.53,211.2,0
10.34,184.3,0
0.71,253.7,0
8.45,135.3,0
0.24,110.4,0
9.97,113.4,0
15.84,234.8,1
28.31,122.7,1
38.55,200.4,0
13.05,182.7,0
10.98,192.7,0
30.75,102.2,0
33.34,199.7,1
26.11,112.9,0
16.23,255.8,0
32.28,108.2,0
5.33,229.4,0
6.76,111.1,1
14.78,159.9,0
10.14,164.5,0
32.79,158.4,0
8.43,150.5,0
31.62,121.1,0
6.86,279.1,0
16.01,220.4,0
26.72,214.1,0
25.81,219.5,0
30.05,286.9,0
26.33,178.8,0
30.06,198.4,0
36.69,245.2,0
32.58,254.5,0
5.19,154.2,0
0.21,208.7,0
9.26,195.8,0
27.54,103.8,0
31.39,279.2,0
28.99,239.0,0
20.77,118.7,0
5.00,294.3,0
6.67,167.4,0
13.24,125.6,0
35.16,197.5,0
22.40,204.7,0
5.61,123.5,0
1.96,180.7,0
2.32,147.6,0
23.22,157.9,0
36.83,228.4,0
25.21,117.9,0
1.36,155.4,0
38.42,112.3,0
30.85,298.5,0
18.36,270.2,0
26.98,285.3,1
39.77,171.6,0
29.80,297.9,0
22.05,147.4,1
24.85,206.8,0
28.31,269.6,0
6.75,289.8,0
19.08,204.4,0
29.86,142.6,1
7.22,248.5,0
12.57,174.3,0
24.46,113.1,0
32.89,101.0,0
14.75,103.8,1
39.84,286.1,0
16.85,161.2,0
39.14,264.0,1
13.72,100.5,1
8.33,114.4,0
15.33,176.9,0
26.59,228.6,0
28.29,111.2,0
19.90,229.2,0
9.90,112.8,0
7.46,243.3,1
38.47,184.5,0
37.13,171.3,0
36.04,126.6,0
9.33,169.7,0
27.59,217.4,1
1.17,299.9,0
18.42,264.6,0
18.22,196.1,0
17.22,135.7,0
1.22,286.3,0
11.03,122.0,0
26.91,268.4,0
30.58,288.7,1
27.99,287.2,0
15.01,177.4,0
8.56,278.9,0
17.03,288.6,0
10.94,297.0,0
18.88,134.2,1
18.69,239.1,1
25.66,194.4,0
10.84,179.5,1
39.38,265.7,0
32.48,256.5,0
4.59,223.5,0
31.87,179.1,0
32.29,157.9,1
16.22,195.5,1
18.00,184.5,1
38.58,271.8,0
24.87,182.9,1
12.09,117.1,1
6.44,162.1,0
17.33,189.6,0
34.09,157.6,0
28.03,258.5,0
4.39,269.3,0
22.17,121.8,0
38.88,111.3,0
6.73,254.3,0
39.44,125.9,0
4.51,143.8,0
35.94,163.1,1
31.73,159.3,1
32.74,140.8,1
39.57,112.3,1
0.42,186.1,0
26.24,145.6,0
32.18,188.3,1
31.67,276.3,0
9.83,108.9,0
4.76,286.0,0
22.52,251.7,1
6.30,113.2,0
6.36,145.3,0
16.88,298.1,1
8.41,265.3,0
26.53,149.0,0
6.81,118.3,1
21.81,260.9,0
4.53,287.0,0
13.40,289.4,0
23.57,105.9,0
27.18,227.3,0
5.08,209.8,1
38.26,271.5,1
15.42,185.5,0
39.90,108.6,1
13.90,128.3,0
21.83,197.2,1
19.66,150.2,0
8.88,141.1,0
23.54,222.7,1
32.58,146.6,0
18.17,261.2,1
28.43,191.4,0
7.85,224.3,0
19.40,113.9,0
4.85,272.7,0
6.85,198.4,0
17.64,173.7,0
4.50,126.9,1
16.79,292.3,0
21.36,220.4,0
20.39,104.4,0
22.90,195.4,0
3.88,193.5,0
35.54,128.0,0
8.79,276.0,0
6.81,103.4,0
2.29,277.7,1
39.87,284.6,1
4.07,206.3,0
38.08,278.7,1
36.35,216.6,0
15.99,127.9,0
21.27,239.8,1
38.32,142.1,1
4.87,116.7,0
2.91,154.7,0
36.68,283.8,0
34.07,220.1,1
30.78,203.0,0
3.51,284.8,0
11.83,250.3,1
23.20,243.9,1
19.74,218.7,0
31.49,294.5,1
1.56,169.0,0
10.22,296.5,1
0.80,220.5,0
12.60,135.1,0
7.94,147.1,0
31.57,255.1,0
7.31,167.6,0
23.39,289.9,0
0.06,186.9,0
22.90,188.6,0
2.15,192.6,1
26.80,256.9,0
28.81,262.4,1
31.68,277.5,0
12.95,176.2,0
12.72,206.5,1
3.51,271.1,0
7.73,211.4,0
15.18,242.2,0
33.82,255.2,0
33.77,248.5,1
4.17,162.4,0
19.48,122.7,0
22.72,125.9,0
12.06,217.3,0
38.65,273.8,0
7.92,226.0,0
22.55,253.2,0
2.64,275.0,0
23.13,261.0,1
7.20,234.6,0
7.23,286.8,0
36.27,221.3,0
3.99,109.5,1
27.36,287.4,0
15.40,131.8,0
19.52,226.4,0
19.91,191.4,0
6.70,213.7,0
33.86,132.1,0
30.65,192.3,0
13.47,130.9,0
4.95,209.4,0
14.57,255.3,0
30.36,291.4,0
17.46,282.2,0
26.17,254.4,0
27.24,216.0,0
30.62,204.6,0
24.84,297.4,0
11.43,220.6,0
36.70,122.1,0
35.00,135.0,1
16.24,184.8,0
9.18,122.6,0
36.09,275.2,0
7.22,270.5,0
37.94,160.5,1
9.15,289.3,0
6.80,267.3,0
22.32,136.7,1
4.93,126.5,0
15.27,265.3,0
29.40,236.7,0
38.76,257.4,0
19.96,273.9,0
15.08,293.5,0
24.83,253.1,0
16.54,260.0,0
25.36,154.4,0
16.24,190.2,0
33.32,278.5,1
23.06,101.1,0
39.93,239.0,0
21.85,124.1,0
11.55,202.6,0
16.85,298.4,0
35.82,208.0,0
26.11,241.7,0
12.06,110.7,0
29.89,239.8,0
19.45,240.6,0
38.96,179.1,1
1.52,281.5,0
20.93,135.0,1
25.64,220.3,1
22.65,100.1,1
34.87,298.7,1
2.03,201.5,0
32.45,263.5,0
20.67,176.9,0
21.03,258.1,0
39.15,173.6,0
18.46,292.9,0
26.61,146.4,0
29.54,149.9,0
30.72,110.2,1
16.25,116.2,0
38.64,229.1,0
32.19,297.8,0
39.06,210.3,0
1.91,245.1,0
8.69,212.8,1
28.96,109.5,0
36.32,254.7,1
13.32,171.1,0
29.61,264.3,0
15.60,194.3,0
31.80,186.6,0
29.35,271.5,0
11.68,119.1,0
17.75,149.5,1
7.83,230.4,0
11.29,215.8,0
12.97,111.7,0
16.11,252.4,0
30.26,161.9,0
5.72,268.8,1
7.37,288.9,0
27.48,238.9,0
5.31,113.5,0
4.79,273.1,0
8.66,117.3,0
15.36,138.5,0
22.86,191.5,1
3.54,290.2,0
1.93,238.0,0
20.03,145.2,0
28.08,137.7,0
16.27,136.6,0
33.23,273.7,0
11.78,190.4,0
28.22,169.7,1
16.77,276.3,0
30.21,145.3,0
1.73,154.2,0
35.73,154.5,0
23.90,158.9,1
7.59,297.5,1
35.52,234.5,1
12.27,141.2,0
25.55,298.7,0
15.77,278.1,0
9.91,169.9,0
13.40,136.1,1
36.38,226.4,0
6.63,251.5,0
0.47,219.9,0
21.43,185.0,0
4.89,146.9,0
8.07,108.1,0
17.87,141.2,1
17.81,178.3,1
32.34,165.8,0
15.54,166.4,0
4.64,251.3,0
3.10,101.2,0
31.56,147.8,0
25.85,161.6,1
4.10,214.5,0
21.44,101.4,0
30.39,183.5,0
29.85,259.8,0
17.96,271.3,0
9.37,278.6,0
32.69,237.3,1
37.53,225.6,1
6.21,239.2,0
34.08,233.4,1
2.89,107.8,0
0.58,240.4,1
22.91,130.8,0
22.17,265.2,0
19.07,226.4,0
34.49,188.1,1
5.61,106.6,0
20.98,136.2,0
3.75,133.9,0
22.77,250.9,0
29.95,226.7,0
5.91,238.0,0
5.06,204.3,0
30.69,112.4,0
24.17,186.1,1
10.37,134.0,0
13.52,207.1,0
7.69,199.1,0
21.75,274.6,0
13.45,252.5,0
21.44,170.7,1
3.41,154.2,1
25.52,214.9,0
37.44,186.8,0
17.25,221.9,0
0.89,165.2,0
14.27,114.7,0
23.96,116.8,0
23.89,206.7,1
14.15,155.7,1
1.09,191.2,0
32.55,235.7,0
12.87,188.1,1
38.49,294.3,0
15.15,261.7,0
25.44,264.0,1
18.54,262.3,0
34.31,115.3,1
34.57,194.8,0
20.64,199.8,0
23.59,187.4,0
22.57,274.3,0
3.78,152.1,0
14.83,287.9,0
34.40,138.4,1
1.41,188.8,0
1.47,151.8,0
6.96,203.5,0
13.84,236.2,0
23.19,193.2,1
27.97,163.1,0
6.74,294.3,0
4.91,151.3,0
7.51,197.3,0
10.34,266.2,0
37.13,266.7,0
29.12,284.9,1
37.76,239.4,0
37.36,117.3,0
15.10,132.3,0
7.72,178.2,1
20.93,148.4,0
0.31,240.9,0
25.71,223.1,0
12.11,152.6,0
18.22,295.7,0
16.43,224.4,0
13.64,160.3,0
1.61,161.3,0
3.68,189.3,0
1.73,266.4,0
26.05,118.4,1
33.77,115.3,1
8.55,144.6,0
34.38,285.0,1
24.78,182.1,0
33.60,232.3,0
20.33,244.9,0
37.16,155.9,0
3.93,157.2,0
23.25,208.8,0
16.39,264.3,0
2.59,110.9,0
2.37,268.4,0
0.70,143.8,0
37.95,113.5,1
5.60,213.5,0
37.44,170.3,1
3.91,208.5,0
11.70,172.7,0
11.18,162.4,0
27.95,278.2,1
15.48,285.2,0
34.78,290.5,0
19.40,104.1,1
22.19,167.7,0
14.09,158.0,0
37.06,134.2,0
16.90,216.7,1
2.71,109.8,0
13.00,196.5,0
27.41,109.7,1
7.23,125.7,0
8.61,170.0,0
14.44,272.5,0
38.28,237.1,0
29.25,242.4,0
26.77,162.8,0
38.90,104.4,0
16.69,118.1,1
26.00,246.7,0
18.59,180.8,1
30.73,194.4,0
3.45,246.0,0
39.48,140.7,0
16.34,167.6,0
1.94,142.6,1
5.83,275.4,0
24.18,273.0,0
28.37,272.5,0
31.98,171.4,0
27.18,230.1,0
3.72,225.9,0
20.58,261.6,1
0.41,292.7,0
30.95,263.7,1
3.45,120.0,0
38.91,156.4,1
6.90,110.5,0
22.47,142.8,0
32.39,296.9,1
5.30,264.2,0
32.51,121.0,0
27.95,132.1,1
24.93,157.8,1
27.41,240.2,0
11.03,147.2,1
19.65,135.9,1
5.15,155.5,0
31.84,105.4,1
21.09,111.8,0
35.83,282.9,0
10.91,180.2,0
0.81,293.2,0
20.28,236.9,0
16.73,248.2,0
21.93,216.9,0
18.40,243.9,0
16.61,108.8,0
9.76,234.4,0
5.00,180.9,0
23.78,223.0,0
15.46,128.8,0
14.41,193.4,0
28.66,250.9,0
23.44,157.6,1
16.34,167.8,0
23.07,256.6,0
18.63,173.8,0
24.45,241.3,0
5.32,170.0,0
34.42,202.6,0
15.21,148.8,1
9.74,295.1,0
15.62,163.8,1
7.17,221.1,0
26.84,260.5,0
24.66,251.0,0
15.48,113.8,1
13.15,202.5,1
21.30,179.9,0
9.09,231.8,0
0.51,289.6,0
20.57,296.3,0
20.02,211.4,0
2.27,265.2,0
37.25,267.3,0
9.98,126.7,0
19.81,203.9,0
8.55,111.4,0
5.91,286.4,0
12.24,203.5,1
24.88,226.1,0
19.17,249.5,0
36.29,202.0,1
34.62,123.5,0
14.06,174.0,0
16.76,272.6,0
21.34,289.2,0
33.34,121.9,0
30.91,235.5,0
12.90,276.0,0
34.39,167.3,1
34.04,183.7,1
16.69,144.5,1
10.13,188.5,0
24.29,162.8,0
36.89,181.5,0
22.33,151.6,0
3.00,294.5,0
18.80,173.7,0
32.21,205.3,0
29.34,119.0,0
18.27,100.5,0
26.20,231.9,0
39.75,139.2,0
10.29,115.5,0
29.23,203.8,0
18.14,258.1,1
37.34,220.3,0
3.11,183.4,0
36.15,285.1,1
29.23,276.2,1
32.40,270.4,0
13.97,162.9,0
15.62,224.0,0
31.29,151.3,0
39.07,293.3,0
17.49,170.1,0
30.88,154.7,1
30.17,273.8,0
19.84,256.8,1
10.81,292.5,1
10.43,147.8,0
24.52,150.6,1
9.56,102.5,1
17.87,262.9,0
31.13,158.7,1
34.06,229.3,0
19.80,274.1,0
28.60,191.6,0
16.98,243.8,0
4.99,269.5,0
19.73,181.9,0
0.06,184.9,0
23.00,113.5,0
14.21,141.6,1
31.88,130.7,0
29.40,277.4,0
36.29,147.0,0
28.82,268.8,0
16.67,244.8,0
37.62,142.5,0
0.07,138.9,1
36.31,218.5,0
12.00,120.0,1
38.48,184.7,1
22.94,223.6,0
9.07,167.8,1
8.91,271.6,0
3.82,294.0,0
1.97,194.6,0
23.81,169.5,0
29.73,139.7,0
36.35,273.1,0
39.64,287.7,0
1.44,161.6,0
13.20,128.6,1
6.90,165.4,0
36.43,291.8,0
21.14,225.6,0
10.60,268.6,0
21.86,100.5,0
21.59,127.3,0
37.91,257.4,1
39.23,240.5,1
27.49,111.5,1
35.13,262.4,0
39.11,121.2,0
16.01,101.2,0
6.09,138.6,0
8.97,223.1,0
24.95,145.1,0
20.37,120.6,1
12.14,294.4,0
28.94,174.7,0
17.26,250.8,0
1.28,148.7,0
24.95,125.0,0
20.87,216.6,0
7.77,240.0,0
21.56,254.1,0
2.46,154.6,0
11.17,125.8,0
19.22,196.4,0
6.65,254.7,0
22.81,131.4,0
18.73,216.3,1
21.26,110.4,0
30.29,296.2,0
3.21,297.3,0
1.40,219.5,0
4.63,279.2,1
21.25,134.9,0
39.65,279.1,0
18.79,166.9,0
21.94,244.1,0
30.51,241.5,1
20.61,174.0,0
28.16,159.5,0
27.82,111.6,0
18.95,195.0,0
1.25,193.4,0
14.83,142.9,0
35.14,284.5,0
3.38,131.9,1
4.13,194.7,1
26.51,139.5,0
2.13,213.7,1
30.04,279.4,0
19.63,282.5,0
20.22,173.5,0
19.54,147.7,0
17.98,248.8,0
35.30,172.3,0
2.21,270.6,0
10.51,285.0,0
39.01,122.3,0
31.82,198.3,0
16.18,291.5,0
23.75,256.9,0
32.97,147.6,0
26.47,164.7,0
13.50,135.7,0
4.08,200.3,0
5.70,100.8,0
11.60,250.9,0
20.22,290.3,0
10.43,257.8,0
39.34,228.4,1
21.01,149.3,0
31.51,183.9,0
24.22,242.6,0
3.85,261.9,0
32.50,202.8,0
31.60,131.5,0
38.42,236.7,1
29.08,136.3,0
15.32,149.5,0
30.68,165.2,0
20.96,171.3,1
27.21,173.2,0
31.99,234.6,1
10.82,260.3,0
7.28,165.9,0
8.92,237.9,0
7.70,287.2,0
23.82,288.3,0
19.91,119.5,0
10.25,191.1,0
36.45,176.3,0
5.97,272.2,1
4.22,113.3,0
27.48,160.1,1
25.08,281.0,0
29.27,139.3,1
7.16,229.8,1
13.64,199.5,0
13.91,229.6,0
18.43,127.6,0
18.49,138.8,1
12.18,289.8,0
29.04,148.7,1
0.11,226.1,1
22.53,189.8,0
7.18,290.5,0
17.03,171.2,0
12.09,181.3,1
9.80,175.8,1
28.69,215.4,1
6.60,221.0,0
29.10,209.2,1
31.98,222.9,0
34.32,194.0,1
28.49,181.6,1
19.13,290.5,0
9.38,134.7,0
34.82,197.8,1
13.30,155.5,0
10.86,127.8,0
33.32,232.3,0
28.73,252.9,1
19.27,136.0,0
29.57,112.3,1
30.76,264.6,0
24.55,267.9,1
1.69,134.3,0
23.31,206.7,0
27.86,119.0,1
0.10,264.4,0
32.26,143.2,0
37.74,108.6,1
17.88,219.6,0
0.88,262.1,1
19.53,279.7,0
9.73,209.5,1
33.44,292.9,0
3.45,222.0,0
19.17,188.1,1
33.94,159.3,1
1.61,165.2,0
17.33,257.7,0
3.08,230.1,0
5.64,187.2,0
32.12,130.1,1
4.07,146.1,0
27.37,250.6,0
10.02,173.9,0
38.25,168.3,1
20.33,292.3,0
18.30,227.0,0
27.65,282.6,1
2.59,243.9,0
11.44,109.9,1
9.60,167.1,0
31.28,114.7,1
33.38,200.4,0
5.93,235.5,0
13.88,113.9,0
8.32,138.1,0
30.83,108.2,1
38.21,237.4,0
5.00,257.3,0
14.32,272.6,1
26.84,184.7,0
5.49,145.1,0
26.02,293.0,0
1.89,236.5,0
20.02,218.9,0
29.04,114.9,0
3.13,153.9,0
1.64,151.8,0
13.34,178.5,0
5.73,286.0,0
27.53,298.7,0
1.67,189.4,0
27.26,246.7,0
28.75,243.9,0
17.09,195.0,0
17.02,222.4,0
2.64,297.6,1
24.48,126.7,0
25.19,220.0,0
17.11,208.3,0
24.25,239.7,0
5.00,297.9,0
10.05,190.2,1
28.00,154.7,0
7.95,106.3,0
30.92,151.9,0
29.11,119.6,0
30.77,135.2,0
27.91,280.3,0
25.92,238.6,0
17.24,281.1,0
9.78,133.3,0
11.55,123.3,1
4.79,184.3,0
24.54,142.3,0
34.41,186.4,1
32.15,114.8,1
14.11,213.5,0
19.21,289.1,0
24.08,297.6,0
0.82,216.2,0
32.55,278.8,1
16.62,244.5,0
9.27,238.2,1
35.68,120.8,1
22.32,117.4,0
13.60,181.1,0
30.69,135.0,0
18.08,293.1,1
25.19,238.5,0
11.12,242.0,0
15.69,220.5,0
34.98,120.6,0
33.44,199.4,1
35.30,268.3,0
10.91,226.3,0
34.37,211.7,0
0.63,120.4,0
10.67,296.6,0
6.78,264.1,0
37.25,281.0,0
18.82,116.0,0
17.73,118.4,0
11.46,145.3,0
31.21,224.6,0
13.92,280.5,0
21.89,123.6,0
33.62,179.8,0
38.76,294.7,1
20.41,160.2,0
14.74,127.5,0
37.53,207.8,0
36.21,130.2,0
4.50,193.4,1
10.79,213.6,0
16.47,103.0,0
1.02,170.6,1
5.27,104.2,0
27.24,160.6,0
25.43,104.8,0
8.37,283.7,0
7.67,190.5,0
5.84,142.4,1
26.22,266.6,0
11.91,183.2,0
19.38,211.1,0
18.87,110.1,0
28.36,103.3,0
27.77,278.9,0
2.77,284.9,0
11.33,111.1,0
13.88,106.6,1
32.45,196.8,1
10.35,129.2,0
33.83,276.6,0
28.29,277.9,1
3.36,178.3,0
4.33,196.7,0
26.17,185.3,1
37.44,170.2,1
6.76,289.6,0
24.43,285.2,0
2.47,116.1,0
21.58,103.9,0
17.70,207.6,0
39.54,214.9,0
28.93,181.1,0
8.82,233.7,0
2.21,203.1,0
32.27,285.1,1
3.86,244.6,0
36.66,154.9,0
15.58,123.8,0
3.59,288.5,1
0.34,291.1,0
38.35,234.3,0
14.77,210.7,0
5.80,176.4,0
0.49,102.1,0
37.89,172.4,0
29.09,191.2,1
33.29,117.0,1
28.76,189.3,0
31.33,136.1,1
26.51,147.3,0
33.01,225.8,0
9.94,198.2,0
32.38,168.0,1
26.35,117.4,1
35.42,128.2,1
24.50,110.8,1
13.03,283.8,0
4.42,265.2,0
26.87,288.0,0
28.59,238.8,1
5.28,182.1,1
24.29,180.4,0
17.54,281.2,0
26.01,102.7,1
19.43,275.1,0
22.25,190.7,0
17.46,112.4,0
0.35,136.5,0
31.49,107.9,1
5.92,180.4,0
6.75,205.3,0
3.97,117.4,1
33.34,195.9,0
28.83,158.2,1
37.66,158.2,1
11.20,289.7,0
38.18,177.9,0
35.37,161.8,1
4.58,212.6,0
1.45,224.5,0
12.55,188.6,0
37.24,259.1,0
9.42,200.9,1
26.45,168.7,0
37.92,136.8,0
37.97,160.5,1
10.33,292.9,1
19.10,218.4,0
12.12,211.1,1
22.29,152.9,0
7.56,224.3,0
29.23,159.8,1
3.38,205.0,1
37.72,269.9,0
28.17,177.7,0
15.34,108.4,0
23.94,216.6,0
8.17,250.8,0
38.82,145.1,1
30.69,104.5,0
25.21,292.8,1
13.04,119.8,1
11.37,220.5,0
5.25,161.3,1
21.49,258.6,0
32.63,232.5,1
20.10,260.6,0
5.46,246.7,0
37.85,130.7,1
39.30,146.8,1
23.40,144.3,0
11.22,138.5,1
7.93,266.7,0
37.44,293.7,1
5.38,251.3,0
34.82,298.8,1
23.39,255.9,0
35.48,109.3,1
3.95,127.8,1
0.02,265.5,0
11.87,178.4,0
0.06,118.2,0
4.53,165.7,0
18.41,139.6,0
16.32,272.3,0
29.41,239.2,0
29.97,102.7,0
15.53,247.9,0
30.55,199.6,0
7.84,146.0,0
17.03,105.9,0
4.58,124.2,1
16.63,263.8,0
29.07,140.4,0
21.12,222.7,0
10.57,286.6,0
20.66,291.5,0
20.40,133.8,0
20.72,160.3,0
16.14,234.0,0
15.53,196.0,0
0.12,227.6,0
20.22,232.5,0
29.72,152.1,0
28.34,282.0,0
6.52,164.2,1
29.39,143.1,0
17.18,221.2,0
29.98,231.8,0
21.97,102.3,1
11.01,114.7,0
39.99,106.6,0
28.13,159.3,1
16.38,286.1,0
18.65,218.4,0
11.98,121.4,1
19.19,143.8,0
9.35,217.6,0
1.52,198.7,0
23.01,151.6,0
26.81,261.2,0
34.10,296.0,0
24.12,136.5,1
4.48,233.7,0
7.26,216.2,0
5.67,236.0,1
32.24,293.2,0
18.78,284.8,0
10.46,169.0,0
34.01,180.5,1
10.94,200.4,0
30.49,212.1,0
3.69,233.0,0
34.40,220.4,0
0.73,151.7,0
9.92,117.7,1
3.08,112.9,0
6.69,252.2,0
14.73,258.0,0
20.66,172.6,0
3.76,218.0,0
19.83,199.2,0
23.27,257.2,0
38.93,292.7,1
22.45,198.7,1
1.22,158.1,0
27.43,193.6,0
21.83,276.8,0
39.51,189.8,1
37.90,272.2,0
38.55,239.0,1
27.10,295.1,0
29.87,141.2,0
30.76,198.3,0
17.87,171.6,0
28.52,223.9,0
10.61,158.7,0
29.28,221.9,1
20.26,155.0,0
3.82,152.0,0
15.16,173.1,0
20.51,175.4,0
1.27,222.8,0
20.90,222.0,0
7.30,138.6,0
19.36,105.5,0
14.78,281.8,0
21.80,138.9,0
25.34,276.3,1
27.64,256.0,0
25.16,253.6,0
13.78,242.6,0
24.66,267.2,0
2.20,273.2,1
8.23,238.7,1
10.96,163.7,0
0.55,191.5,0
15.99,209.0,1
13.33,237.9,0
31.27,193.9,0
25.84,178.2,0
31.33,273.0,0
1.15,279.9,0
27.56,148.6,0
7.91,196.4,1
2.85,286.0,0
37.45,186.8,1
19.44,215.9,0
22.35,151.4,0
28.46,275.7,1
9.89,237.4,1
31.02,179.4,0
7.48,293.7,0
1.21,118.0,1
0.06,197.2,0
6.37,179.6,0
2.77,126.4,0
30.29,222.0,0
16.93,115.5,0
33.48,289.0,0
26.09,237.5,0
27.62,190.9,0
26.86,120.4,1
22.45,127.8,1
1.13,231.2,0
38.91,230.7,0
36.61,209.6,1
32.84,133.4,0
13.48,124.6,0
29.33,116.9,0
35.81,173.0,1
30.70,255.8,0
2.32,133.5,0
8.97,270.9,0
19.11,288.2,0
15.23,211.9,0
3.29,237.0,0
3.97,248.5,0
4.99,250.0,0
26.13,258.6,0
0.84,211.1,1
35.44,150.4,0
39.75,136.8,1
3.82,167.0,0
11.88,140.3,0
4.74,201.2,0
35.97,114.9,1
34.58,102.5,1
17.56,135.0,0
38.66,108.0,1
31.61,102.5,1
10.20,250.5,1
24.81,231.9,0
32.77,128.7,0
14.28,250.2,0
1.25,292.3,0
10.18,289.9,0
9.03,121.8,0
27.38,136.3,0
32.76,187.3,0
33.85,169.6,1
3.71,240.8,0
13.70,292.2,0
7.68,133.3,0
27.74,247.6,0
29.18,188.0,0
32.18,208.7,0
38.57,175.6,1
25.31,141.7,0
37.38,123.7,1
31.96,213.7,1
14.41,128.2,0
1.82,141.2,1
27.28,111.9,0
6.75,198.3,1
2.21,203.5,0
28.62,279.8,0
9.98,222.3,0
25.30,198.7,0
17.89,104.8,0
16.45,153.2,1
35.17,292.5,0
19.83,283.7,0
22.89,155.5,0
16.17,183.3,1
12.11,240.8,0
5.25,109.6,0
6.10,149.9,1
36.06,191.1,1
2.05,224.1,0
35.90,281.6,0
22.08,151.6,0
29.75,206.0,0
7.68,140.8,0
25.58,292.6,0
8.58,269.4,0
26.82,195.1,0
2.30,242.2,0
11.39,195.7,0
14.41,214.4,0
2.39,167.9,0
14.64,262.6,0
15.03,225.1,0
14.43,152.0,0
3.70,192.5,0
0.74,283.2,0
9.77,261.1,0
19.82,291.5,0
29.58,156.8,1
0.49,110.9,0
35.39,108.0,0
22.81,109.6,0
17.62,153.9,0
13.67,219.4,0
7.30,298.5,0
6.39,124.3,0
2.91,228.5,0
9.92,154.7,0
32.82,124.2,0
21.36,258.8,0
37.75,243.6,0
0.44,161.3,0
25.85,137.0,0
31.99,241.2,0
21.25,178.0,0
9.83,217.6,0
4.03,231.1,0
14.79,273.3,0
5.09,171.5,1
0.53,139.6,0
28.14,142.8,0
15.54,214.1,0
22.91,234.0,1
0.71,295.0,0
22.21,212.6,0
37.01,284.2,0
38.91,150.1,0
15.01,274.5,0
36.55,255.5,1
12.39,243.8,1
10.78,225.4,0
9.39,130.4,0
24.25,211.8,0
31.12,125.4,1
21.11,122.8,0
31.51,247.7,0
38.76,185.3,1
28.71,271.0,0
29.43,109.8,0
20.42,120.5,0
26.06,222.8,0
32.88,127.7,0
32.11,162.4,1
28.91,243.3,0
25.34,294.0,0
24.55,251.5,0
12.30,163.5,0
6.68,268.5,0
4.76,249.8,0
24.18,167.9,0
2.16,215.5,0
14.06,183.1,0
30.56,289.8,0
5.41,180.3,0
23.26,248.0,0
1.84,255.4,0
1.83,260.9,0
40.00,179.8,1
15.45,121.5,0
6.95,217.3,1
38.49,160.6,1
8.16,150.9,0
7.84,125.9,0
28.95,241.3,0
38.61,219.6,0
39.22,205.9,0
36.78,222.5,0
19.43,112.1,0
14.55,157.0,0
27.10,297.7,1
1.58,198.4,0
8.56,297.0,0
0.49,250.5,1
3.96,125.5,0
21.83,256.4,0
34.44,171.5,0
23.48,295.7,1
9.29,145.8,0
28.54,170.9,0
20.59,158.6,0
36.38,134.0,0
28.56,109.6,0
7.82,262.6,0
11.74,209.3,1
9.55,246.3,0
6.79,260.1,0
25.12,140.4,0
11.71,258.1,0
26.12,111.0,1
23.96,250.4,0
28.29,180.4,1
6.83,181.7,0
2.22,213.5,0
13.56,291.1,0
0.54,252.6,0
2.02,180.7,0
39.43,145.5,0
21.81,217.1,0
17.89,190.7,1
35.96,109.6,0
18.54,241.8,1
9.06,180.7,1
14.48,149.7,1
30.70,161.6,0
4.06,230.9,1
14.36,114.2,1
5.45,183.1,0
7.89,174.0,0
34.91,291.8,1
3.00,182.3,0
38.16,175.4,1
33.29,191.4,0
39.62,181.7,0
10.18,106.0,1
2.81,181.6,1
31.58,127.7,1
14.00,187.6,0
4.28,221.3,0
18.77,178.2,0
3.05,291.8,0
30.25,244.0,0
34.25,249.9,0
7.36,171.4,1
32.20,246.1,0
35.18,105.5,0
23.05,105.4,1
29.69,126.1,1
6.03,192.2,1
20.81,260.0,1
25.96,239.6,0
8.32,112.9,0
38.99,280.4,0
20.29,114.5,0
3.62,162.5,0
11.58,162.7,1
14.38,146.4,1
22.71,286.1,0
39.49,177.4,0
38.32,134.0,1
30.57,275.4,1
22.82,208.0,0
28.85,213.3,0
19.10,140.3,0
1.82,189.0,0
21.74,127.7,0
5.15,140.9,0
17.78,268.5,0
29.39,259.5,0
8.86,126.1,0
39.28,194.4,0
28.50,166.9,0
20.92,112.1,1
33.43,116.0,1
2.57,270.3,0
15.37,254.4,0
1.32,166.8,1
36.74,123.2,1
10.24,274.4,0
15.84,166.5,0
6.19,144.5,0
20.10,192.9,0
20.25,136.1,1
3.32,158.4,1
32.18,189.4,1
2.03,103.3,0
30.41,169.9,0
8.27,144.1,0
22.55,240.4,0
0.10,289.3,0
27.42,122.5,1
32.95,212.9,1
22.69,296.5,0
19.52,119.2,1
9.68,168.0,1
18.73,293.6,0
37.67,272.5,1
26.32,186.9,0
26.47,141.2,0
38.51,272.7,0
22.80,280.7,0
9.47,172.9,0
25.36,149.9,0
9.58,263.5,0
26.16,117.8,1
22.75,284.3,1
0.04,148.1,0
2.17,198.1,1
14.12,237.4,0
9.63,179.4,0
36.60,253.3,1
2.15,148.9,0
39.74,266.5,0
36.87,177.3,1
35.57,195.0,1
8.14,137.1,0
15.89,148.1,0
36.92,176.5,0
27.77,156.5,1
37.93,162.7,1
22.28,190.0,0
18.39,179.8,0
14.61,103.3,1
4.91,166.3,1
2.09,215.6,0
34.94,242.2,0
6.11,113.9,0
13.39,285.6,0
4.72,134.1,0
32.24,120.3,0
26.32,238.7,0
36.76,145.8,0
10.58,249.2,0
5.17,272.7,0
26.12,166.2,0
0.50,186.5,0
34.51,273.4,1
23.35,177.3,0
19.12,189.3,0
9.38,211.1,1
36.79,239.1,0
14.69,150.6,0
30.09,106.6,1
23.39,103.7,1
28.52,298.3,0
11.68,207.1,0
4.91,115.7,1
20.99,171.0,0
34.96,287.7,1
38.69,272.9,1
9.52,181.1,0
3.46,211.3,1
33.52,103.7,1
11.01,100.1,0
35.56,187.4,0
35.87,228.5,1
6.31,276.0,1
27.42,254.3,0
24.79,109.9,0
10.03,269.6,0
31.14,252.1,0
18.42,244.8,1
14.83,262.1,0
19.84,221.9,0
24.45,292.6,0
26.42,251.8,0
36.97,264.5,1
34.53,240.4,0
28.14,229.2,1
33.36,276.2,0
34.90,286.6,1
0.98,293.2,0
4.13,263.3,0
0.92,287.8,0
34.50,172.2,1
27.20,275.0,1
32.95,256.4,0
17.43,285.7,0
2.13,178.0,0
26.07,214.9,1
28.78,141.9,0
30.12,144.4,0
28.24,253.2,0
36.28,106.4,1
22.59,215.8,0
20.06,271.5,0
32.48,208.6,1
20.02,127.4,0
36.14,148.4,1
38.11,205.5,0
12.13,125.0,0
1.69,220.9,0
2.05,222.8,0
37.42,117.2,0
27.79,282.1,0
35.11,276.8,0
31.31,178.9,0
22.22,295.7,0
8.78,172.6,1
22.94,157.8,0
33.93,253.5,0
36.95,264.8,1
32.35,277.6,1
19.25,111.8,0
33.03,224.1,0
23.19,288.7,0
6.76,212.2,0
21.10,278.1,0
38.30,212.7,1
30.40,179.3,1
2.19,184.4,0
28.74,159.7,0
7.68,230.3,1
1.66,281.0,0
19.77,260.8,1
14.10,164.8,0
20.72,137.2,0
11.43,214.2,0
4.84,186.5,0
6.46,158.0,1
22.18,203.9,0
31.93,154.5,0
34.40,132.3,0
9.74,157.6,1
33.04,294.0,0
26.12,133.7,1
34.02,273.0,0
5.81,250.0,0
22.21,142.2,1
17.62,288.6,0
15.21,151.1,0
12.90,215.4,0
37.56,199.8,1
14.06,276.8,0
32.22,225.1,1
27.92,234.3,0
34.71,255.4,1
38.88,178.8,0
13.14,226.9,0
29.11,154.1,0
24.14,109.9,1
35.08,253.0,0
8.50,253.4,0
12.69,235.3,0
34.94,292.4,1
29.36,211.7,1
36.08,132.7,0
15.31,228.1,0
13.18,147.3,0
10.31,137.8,0
8.83,153.7,0
32.23,179.0,1
9.80,294.2,0
27.56,257.9,0
10.61,257.9,0
20.70,167.1,0
17.40,257.4,0
16.09,124.6,1
38.19,296.8,1
38.04,113.5,1
3.61,128.6,0
11.79,132.2,1
14.29,293.3,1
33.24,244.8,1
16.57,121.7,0
10.41,168.3,0
18.61,289.3,1
18.58,239.7,0
9.82,260.5,0
12.00,126.5,1
18.08,219.7,0
18.77,121.4,1
10.50,258.8,0
29.76,193.2,0
16.91,237.2,0
23.78,255.9,0
14.31,105.8,0
25.24,266.1,0
9.19,132.8,0
35.80,203.0,1
37.87,128.3,0
28.29,288.2,0
0.93,248.9,0
10.48,266.0,0
12.90,115.9,1
0.05,173.7,0
18.12,269.6,0
12.70,170.0,1
36.73,251.5,0
23.60,192.7,1
13.73,285.4,1
29.59,166.1,0
18.95,116.3,0
11.91,196.4,0
32.37,180.8,1
8.44,270.2,0
3.73,247.3,0
8.49,275.9,0
33.66,104.0,1
10.90,242.5,0
12.51,138.9,1
21.07,296.4,0
24.64,172.4,0
33.55,213.3,1
26.48,294.6,0
17.26,162.4,1
9.89,248.7,0
34.18,213.5,0
15.75,133.9,0
33.40,244.3,0
5.59,271.4,1
2.50,182.4,0
12.93,251.9,0
5.55,118.2,0
39.45,184.1,1
1.25,181.3,0
18.18,282.9,0
26.54,280.2,0
28.84,270.0,0
5.35,108.2,0
3.09,210.7,0
29.97,192.4,0
34.75,222.9,0
12.04,190.0,1
31.70,278.3,1
3.71,215.3,1
26.08,163.4,0
33.93,140.8,1
2.28,250.8,1
30.33,128.1,0
9.01,299.2,0
21.13,241.2,0
16.33,283.8,0
0.35,111.8,1
34.87,279.9,1
25.77,280.0,0
36.18,110.9,1
10.32,117.0,1
15.61,263.1,0
28.85,250.2,0
25.53,195.3,0
29.34,227.4,0
7.50,115.9,0
37.85,186.7,1
34.93,110.5,0
20.61,246.3,0
4.51,187.0,0
38.61,279.0,1
6.41,105.1,0
33.49,215.9,0
0.14,159.7,0
3.05,110.8,0
23.62,257.1,0
2.72,208.0,0
12.99,162.4,0
6.45,176.2,0
5.98,181.6,0
11.37,111.2,0
0.84,128.3,0
19.63,193.1,0
11.87,212.4,1
23.97,267.4,0
20.98,143.0,0
36.85,156.6,0
8.09,179.3,0
30.75,166.6,0
19.79,236.4,0
23.01,146.5,1
16.63,158.4,0
8.11,219.9,1
14.76,269.9,0
35.22,143.1,1
24.24,289.9,0
22.81,235.5,0
16.83,164.8,0
2.39,283.0,0
18.22,207.1,0
25.07,187.3,1
36.75,174.8,0
35.83,105.8,1
23.00,277.0,0
22.83,173.4,0
11.05,269.5,0
20.80,189.5,0
8.56,274.8,0
30.01,226.2,1
10.16,282.7,0
16.13,227.3,1
0.56,196.7,1
19.07,225.3,1
19.11,275.5,1
35.69,161.3,0
36.20,136.2,1
5.67,160.9,0
14.08,259.2,0
1.84,169.3,0
5.21,167.8,0
9.01,190.5,0
25.10,255.4,0
13.31,267.3,0
28.82,237.3,0
7.47,250.9,0
24.20,240.1,0
36.45,120.3,1
6.37,298.5,0
1.26,262.0,0
14.80,298.5,0
16.26,209.5,1
14.47,185.3,1
15.83,257.7,0
18.50,234.2,0
1.15,173.7,1
9.84,254.7,0
32.37,115.2,0
18.04,198.7,0
25.32,207.3,0
38.14,297.6,1
15.13,146.5,0
21.40,103.5,0
29.16,190.7,0
25.62,168.8,0
15.12,279.0,0
37.30,299.9,1
22.14,122.9,1
24.79,240.8,1
30.60,298.4,1
9.62,120.2,0
9.92,255.1,0
18.44,290.2,0
8.67,131.4,0
35.16,273.7,0
15.17,102.1,0
37.61,124.0,0
25.60,223.9,0
4.22,290.9,0
11.46,288.9,0
17.08,255.4,0
7.10,102.3,0
19.20,109.4,0
21.60,242.5,0
21.26,248.6,0
27.49,134.2,0
2.01,261.0,0
8.35,229.3,0
12.43,236.9,0
38.99,246.4,1
12.06,289.6,0
33.69,195.4,1
26.82,120.9,1
2.83,281.5,0
10.43,174.3,0
15.93,118.6,0
37.36,121.4,0
28.41,280.9,0
7.04,227.5,0
26.79,210.8,0
8.69,169.3,0
37.96,128.3,0
37.55,295.5,0
4.48,216.3,1
33.22,179.9,0
10.07,123.1,0
36.60,114.5,1
10.58,278.3,0
10.87,291.3,0
12.74,214.9,1
35.79,275.6,0
25.74,278.3,1
38.54,143.6,0
1.70,144.2,0
22.99,245.4,0
30.28,136.0,0
37.86,122.1,0
5.62,128.2,1
11.67,217.0,1
3.78,164.6,0
19.86,207.2,1
21.69,258.0,0
34.62,280.3,0
27.57,240.7,1
11.71,101.4,0
32.27,147.5,1
30.63,181.0,1
8.00,217.1,0
12.01,285.0,0
3.48,227.4,1
38.90,160.2,1
20.07,262.3,0
17.09,196.3,0
21.97,207.1,0
17.43,190.9,0
26.89,160.4,0
13.88,236.4,0
24.76,105.2,0
38.35,151.2,0
21.93,214.5,0
4.45,275.7,0
3.64,270.9,0
37.41,259.7,0
37.88,283.5,0
21.34,177.1,1
34.19,195.1,0
25.33,181.3,0
20.95,136.7,0
25.95,268.9,0
35.51,211.0,1
0.91,219.9,0
4.06,114.2,1
7.39,178.7,0
8.28,104.2,0
6.23,266.2,1
14.77,181.1,0
26.44,222.7,0
31.73,129.3,1
14.00,285.4,0
35.51,221.4,0
33.46,218.9,1
21.82,149.6,0
24.09,177.8,0
16.00,220.8,0
7.73,211.0,0
16.20,207.1,0
38.98,196.3,1
18.07,155.2,1
9.68,253.8,0
9.31,176.4,0
17.73,156.9,0
9.61,248.5,0
34.71,145.9,0
36.39,269.8,0
22.77,221.5,0
0.05,220.8,0
15.01,173.1,0
33.97,224.2,1
29.55,267.5,1
14.29,192.6,0
24.11,229.7,0
7.53,223.6,0
7.17,236.1,0
39.00,227.5,1
0.98,264.7,0
2.21,275.5,0
31.91,270.9,0
12.46,166.8,0
24.48,270.9,0
2.21,223.9,0
19.31,227.2,0
15.05,261.5,0
38.86,263.5,0
23.98,261.4,0
21.70,277.2,1
36.18,113.0,0
35.35,116.4,1
31.10,101.5,1
7.55,106.5,0
4.89,153.8,0
32.64,277.5,0
14.15,227.5,0
17.37,220.6,0
7.92,295.6,0
12.18,269.0,0
39.78,160.5,1
4.30,239.2,0
17.43,202.9,1
32.95,196.4,1
12.70,127.2,0
31.75,222.6,0
11.31,237.1,1
32.87,241.1,0
37.92,246.7,1
8.14,262.2,0
31.60,241.9,1
2.66,123.6,0
31.57,233.6,1
6.89,287.2,0
33.95,250.1,0
16.83,135.8,1
11.38,207.1,0
13.00,274.7,0
7.45,261.2,1
12.88,280.0,0
14.44,227.1,1
38.25,149.6,0
12.47,123.0,0
21.19,127.9,0
32.73,143.4,0
22.45,160.2,0
23.32,214.6,0
6.20,198.8,0
34.26,165.1,0
5.94,140.7,0
8.29,112.5,0
23.06,230.1,0
8.55,286.1,1
37.20,110.6,0
38.63,254.9,1
0.81,283.7,0
27.35,290.2,0
19.68,278.1,1
1.03,296.8,1
2.99,226.1,0
15.72,118.9,0
34.04,221.1,0
31.72,104.1,1
19.15,233.6,1
33.55,202.2,1
3.56,157.3,0
30.15,292.2,1
33.93,144.3,0
39.63,229.9,0
39.94,229.5,0
25.04,104.9,0
6.90,231.4,0
22.08,116.8,0
26.97,292.8,1
26.71,179.7,0
18.31,224.0,0
19.88,104.4,0
30.69,213.7,1
9.03,229.7,0
13.53,195.7,0
39.04,268.7,0
19.70,179.5,1
24.29,187.3,0
15.68,160.3,0
23.05,244.1,0
39.07,150.3,1
2.80,215.2,0
34.36,110.6,0
37.37,124.5,0
33.76,118.6,0
14.50,189.4,0
27.38,289.8,0
0.96,241.9,1
20.45,243.5,0
33.72,190.8,0
32.51,111.6,0
37.43,137.3,1
2.29,284.5,0
38.03,155.0,0
31.84,146.5,1
27.80,294.5,0
3.18,247.8,0
21.09,273.2,1
17.26,105.9,1
7.36,188.2,0
19.79,131.9,0
14.20,270.3,1
8.61,209.5,0
19.18,190.6,0
33.17,265.1,0
38.81,297.5,0
35.23,240.5,1
16.22,271.0,0
33.57,185.7,0
33.19,270.2,1
10.80,148.3,0
10.40,195.4,0
5.14,237.1,0
32.61,147.9,0
1.78,169.5,0
0.95,200.6,0
37.50,213.4,1
14.72,188.6,0
12.30,223.6,0
31.01,247.2,0
16.52,147.2,0
38.54,251.5,1
22.25,163.4,0
30.48,123.6,0
3.97,275.9,0
36.17,248.2,0
20.11,147.3,0
6.27,299.8,0
21.81,298.3,0
24.99,233.7,1
22.08,155.2,0
31.48,182.8,0
23.89,174.4,0
2.89,208.2,0
2.72,127.3,0
11.34,163.3,0
37.79,226.9,1
5.56,294.6,1
11.74,254.1,0
13.25,246.3,0
37.10,198.7,0
18.95,246.6,1
36.74,167.0,1
2.97,198.3,0
6.76,101.3,1
0.35,222.5,0
2.04,281.5,0
31.43,187.3,0
35.80,198.1,0
36.34,211.3,1
15.48,293.1,0
33.96,116.9,0
38.59,245.1,0
12.49,149.5,0
35.16,170.0,0
17.86,148.4,0
11.56,227.0,1
29.93,257.3,0
32.10,252.1,1
11.20,234.1,0
1.04,270.7,0
33.23,214.3,1
34.33,185.1,0
14.10,197.0,0
23.46,136.2,0
5.05,198.3,0
28.55,102.0,1
12.93,272.0,0
27.78,223.6,0
21.55,124.3,0
37.94,104.5,1
28.56,256.0,0
29.58,152.1,1
32.95,260.3,0
11.83,242.1,0
3.95,169.6,0
25.35,111.1,0
6.91,231.8,0
35.67,254.8,1
29.44,286.6,1
4.12,176.3,0
13.44,124.6,1
31.51,259.0,0
37.17,159.6,0
17.99,291.7,0
20.98,225.5,0
37.78,265.8,0
8.68,129.3,0
24.79,155.0,1
33.81,166.9,0
19.60,260.6,0
20.06,196.7,0
17.87,257.5,0
13.33,230.1,1
2.98,222.7,1
12.50,298.8,0
6.19,126.1,0
36.60,227.9,0
16.98,126.3,0
27.40,174.6,1
37.91,287.1,0
27.07,121.4,0
7.36,248.4,0
28.50,295.0,0
12.69,288.6,0
30.22,105.2,0
16.87,115.1,0
7.80,194.2,0
2.50,245.3,0
9.16,144.3,0
14.37,116.6,0
3.82,255.7,0
22.30,281.7,0
5.99,240.0,0
36.38,149.1,1
23.08,246.6,0
33.41,259.0,0
14.84,289.3,0
13.41,117.6,1
34.99,212.8,0
11.19,142.1,0
31.22,166.1,0
35.18,202.5,1
6.61,270.5,0
35.05,157.9,0
13.69,275.2,1
20.11,229.2,0
27.00,222.1,0
31.69,180.5,1
9.66,169.6,0
4.05,145.1,0
5.16,256.9,0
30.14,271.3,1
32.78,170.6,1
0.84,146.4,0
21.65,168.0,1
1.39,200.1,0
29.44,247.3,0
28.88,294.1,0
6.97,192.6,0
18.97,223.6,1
25.97,197.5,1
19.55,118.1,0
1.22,168.2,0
15.41,227.4,0
4.41,160.9,0
26.79,284.8,0
2.84,279.4,0
34.78,235.5,0
18.30,237.4,0
25.71,267.5,1
27.40,226.0,1
26.00,230.5,0
37.51,211.1,0
22.38,293.9,0
4.33,299.3,0
32.72,263.1,1
4.78,161.0,0
3.16,108.4,0
33.99,115.3,0
14.22,126.3,0
19.53,168.3,0
18.43,246.5,0
14.70,219.0,1
4.28,231.2,0
9.58,220.0,1
32.42,183.8,1
28.89,241.8,1
0.89,222.1,0
3.30,206.9,0
7.34,267.5,0
12.68,177.8,0
10.36,216.6,0
7.19,143.6,1
19.72,129.7,0
2.94,116.4,0
7.38,166.1,0
27.60,194.0,0
2.80,274.1,0
8.33,241.7,0
29.38,108.8,1
35.12,192.5,0
0.17,273.6,1
27.53,271.6,0
16.21,105.2,0
4.85,147.8,0
0.92,109.4,0
24.96,140.8,0
20.24,136.8,0
13.61,292.7,0
7.49,242.5,1
39.11,287.6,1
20.67,199.9,0
7.75,203.7,1
21.00,163.7,0
2.03,179.6,0
34.54,235.0,1
33.87,273.4,1
0.05,159.8,0
32.25,265.2,0
4.19,262.7,0
2.76,127.4,0
10.14,210.7,0
18.02,161.5,0
10.62,140.7,0
13.91,118.8,1
5.04,268.9,0
26.82,160.1,0
19.63,105.3,0
25.32,260.1,0
12.91,166.7,0
37.96,158.6,0
27.43,287.7,0
15.65,200.9,0
10.65,136.4,0
39.59,221.2,0
10.95,290.2,0
11.70,170.9,0
9.59,133.9,0
19.80,142.2,0
38.47,297.5,1
31.25,279.0,1
35.93,138.2,0
21.30,213.6,0
32.57,230.3,0
16.81,147.7,0
38.75,128.8,0
19.20,154.6,0
31.10,146.5,0
33.24,257.7,1
8.47,168.1,0
16.00,201.3,0
18.90,239.4,0
15.25,156.0,0
16.32,197.8,0
11.61,253.5,0
15.38,208.6,0
32.41,205.4,1
2.35,192.5,0
21.95,295.4,0
37.94,141.9,1
33.12,246.6,0
27.93,167.8,1
19.80,251.0,0
2.08,190.8,0
14.49,288.3,0
20.06,153.6,0
28.39,111.9,1
13.07,179.0,0
6.61,239.8,0
5.30,155.9,0
11.06,236.4,1
37.54,265.9,0
22.82,148.9,0
24.69,229.2,1
4.76,271.3,0
19.55,132.4,0
20.22,195.7,1
3.66,142.2,0
33.10,292.3,0
16.59,102.8,0
17.77,290.2,0
25.56,261.5,1
32.37,191.8,1
23.56,214.0,1
38.97,108.1,1
16.17,144.7,0
11.69,170.9,0
7.96,249.8,1
33.53,278.4,1
20.52,156.7,1
35.85,136.1,0
24.33,133.6,0
35.87,138.7,0
13.36,256.7,0
27.56,193.9,0
11.06,116.7,0
13.13,163.5,0
30.83,285.2,0
18.56,160.7,0
1.56,216.1,0
12.82,285.3,0
9.40,198.9,1
9.89,254.9,0
10.05,241.8,1
8.41,170.0,0
19.97,142.5,0
7.37,101.1,0
25.92,122.8,0
3.86,195.4,0
16.21,113.0,0
0.62,120.3,0
32.14,228.6,0
32.99,121.3,0
35.25,129.2,0
6.37,205.1,0
35.38,109.7,1
7.56,101.7,0
38.16,167.1,0
39.33,185.1,1
1.99,277.3,0
39.41,201.7,1
22.50,145.9,0
38.31,126.4,0
4.51,281.2,0
14.27,154.9,0
27.78,100.9,0
18.07,177.5,1
0.48,110.6,0
36.70,129.8,0
29.52,123.1,1
7.39,153.2,1
17.60,131.4,0
10.34,178.0,0
37.78,170.7,0
37.56,247.2,0
31.21,251.3,0
16.79,121.8,0
21.33,147.1,0
17.05,231.4,0
25.35,277.4,0
30.55,118.3,1
19.47,138.1,0
31.16,153.5,0
38.74,286.0,0
20.24,156.7,1
14.44,179.9,0
36.83,196.9,0
37.91,124.0,1
33.98,299.2,1
23.31,217.9,0
29.17,251.6,0
13.11,146.1,0
37.75,164.2,1
29.46,224.1,0
30.59,142.1,0
6.56,264.0,0
8.51,257.3,0
12.00,173.7,0
18.70,189.6,0
26.36,201.7,0
15.84,117.4,0
10.47,113.5,1
16.82,161.0,0
38.35,248.4,0
18.02,281.7,0
24.48,187.2,0
9.79,188.3,0
9.22,133.3,0
21.18,257.1,0
9.47,282.6,0
4.16,163.6,0
4.94,216.1,0
35.59,260.8,0
6.85,119.4,0
10.55,205.5,0
38.53,229.4,0
18.09,182.1,0
23.54,228.9,0
25.65,212.5,0
22.80,148.4,1
4.72,242.8,0
0.81,206.6,0
34.43,185.9,0
16.39,167.3,0
36.76,150.7,0
36.68,272.3,0
16.58,283.4,0
9.71,184.7,0
29.45,287.4,1
11.80,230.8,0
36.47,247.5,0
5.89,116.0,1
27.69,284.2,0
9.98,150.5,0
37.82,137.9,0
0.74,196.8,0
2.77,262.8,0
2.85,166.1,0
31.08,118.4,0
7.94,141.2,0
10.59,123.1,0
26.33,268.3,0
11.50,215.1,0
28.98,295.5,0
12.49,150.7,0
25.33,220.4,0
7.29,247.2,0
2.85,274.2,0
31.61,153.0,0
3.68,221.8,1
19.96,244.0,0
29.35,182.4,0
39.97,108.6,0
24.55,217.5,0
38.08,288.0,0
13.88,187.3,0
5.97,252.5,0
30.47,196.0,0
31.30,228.4,1
3.27,238.9,0
12.98,144.9,0
11.09,203.6,1
30.37,256.7,0
12.14,150.6,0
11.59,222.0,0
5.77,123.7,0
8.63,290.0,0
20.33,108.3,0
12.29,227.5,0
32.30,263.6,0
0.41,148.7,0
14.71,285.1,0
30.56,186.8,1
29.87,176.3,0
36.13,204.9,0
8.33,277.4,0
34.60,138.7,0
38.08,133.4,1
35.93,107.0,0
1.96,254.9,0
0.31,104.4,0
8.15,241.1,0
32.89,295.0,0
15.14,241.4,0
32.31,187.1,0
14.89,254.0,0
20.63,146.3,0
29.90,213.0,0
25.73,281.7,0
14.51,159.3,0
13.12,230.3,0
8.66,273.3,0
23.87,274.3,1
26.07,233.6,0
6.66,119.8,0
0.68,286.8,0
17.45,191.2,0
36.74,287.5,0
14.97,215.1,0
25.85,135.4,0
27.55,286.7,0
32.65,177.7,1
26.43,263.5,0
31.92,208.2,1
12.26,257.3,0
15.48,182.3,0
27.03,187.5,0
27.21,192.5,0
29.21,218.2,1
39.31,173.3,0
16.46,231.2,0
31.72,264.1,0
9.38,247.1,1
37.99,205.5,1
8.80,120.0,0
33.17,267.7,1
17.81,238.1,0
15.78,203.0,1
35.67,276.1,1
32.00,188.7,0
7.33,151.3,0
18.13,204.8,0
17.66,270.1,0
13.04,256.5,0
3.67,298.1,0
34.23,144.1,0
33.53,207.2,1
25.90,276.9,0
9.90,103.6,0
12.28,269.4,0
11.18,142.8,0
12.22,274.8,0
6.70,178.2,0
37.55,248.2,0
20.90,138.2,0
25.78,271.6,0
38.39,266.9,0
2.53,110.2,1
2.15,210.4,1
14.63,256.4,0
26.69,248.7,0
19.83,221.1,1
15.64,170.0,1
13.85,202.2,0
10.30,211.8,0
36.63,141.9,0
12.00,268.6,1
29.00,231.5,0
20.78,257.2,0
16.92,246.9,0
3.43,149.0,0
34.12,111.5,1
31.25,287.0,0
18.00,137.5,0
18.64,121.3,1
20.03,272.9,0
34.10,138.7,0
10.98,159.1,0
20.75,186.2,0
4.52,198.8,0
3.83,115.0,0
13.79,174.4,0
39.08,246.0,0
38.28,161.8,1
13.49,190.2,0
25.81,293.5,0
24.88,256.8,0
33.55,252.7,1
37.57,273.6,0
33.86,253.1,0
11.18,189.3,0
25.57,185.2,0
32.89,167.7,0
1.00,115.9,0
33.99,274.2,1
23.28,114.4,0
17.00,165.4,0
25.12,237.3,0
18.52,299.9,0
27.99,252.6,0
36.23,100.4,0
13.06,120.3,0
37.16,164.4,0
21.98,118.7,0
17.64,253.6,0
3.95,177.8,0
23.83,179.5,1
5.12,298.2,0
19.60,102.8,0
17.74,184.5,0
2.14,282.6,0
7.43,283.6,0
37.00,188.3,0
17.13,207.5,0
39.70,137.0,0
3.33,193.8,0
38.44,294.1,0
36.44,122.2,0
17.22,163.2,0
9.41,164.9,0
23.10,206.4,0
1.62,163.7,0
9.07,188.6,0
2.45,208.6,0
16.32,129.9,0
10.03,292.5,0
20.53,270.6,0
23.10,131.8,0
21.13,152.2,1
9.13,118.4,0
36.61,174.6,0
36.51,262.2,0
30.99,217.3,0
10.23,132.5,0
18.41,119.7,0
39.65,107.0,0
3.48,299.5,0
7.98,281.8,0
2.55,177.6,0
1.48,191.6,0
16.76,250.3,0
20.13,151.2,1
6.10,259.0,0
25.13,226.0,0
12.49,174.1,0
25.45,111.3,1
8.84,208.2,0
6.60,219.4,0
39.55,259.3,1
6.85,267.8,0
20.11,225.2,1
28.14,162.5,0
16.90,293.9,0
12.59,279.7,0
8.91,218.6,0
38.10,284.1,0
17.35,242.4,0
2.18,211.2,0
12.41,226.4,0
20.98,100.4,0
28.30,254.5,0
35.37,213.7,1
13.31,174.0,0
1.28,151.7,1
39.77,125.4,1
34.37,289.9,0
31.95,175.0,0
16.05,189.3,1
32.21,239.3,0
35.91,129.4,0
29.21,126.4,1
11.14,280.0,0
39.05,248.8,0
22.30,246.4,1
15.48,111.6,0
14.68,159.1,0
38.30,227.1,1
36.39,125.8,1
38.15,138.1,1
23.37,292.3,0
31.86,176.6,1
21.05,214.6,1
13.27,227.1,0
37.55,129.2,0
6.33,239.3,0
26.63,208.3,0
3.04,193.8,0
31.10,252.7,0
21.00,152.1,0
24.03,188.2,0
35.60,193.1,0
19.16,197.2,0
13.87,257.8,0
6.17,224.2,0
7.62,233.4,0
16.07,166.6,1
30.49,205.0,0
39.59,291.2,0
8.65,220.0,0
10.54,158.0,0
35.66,106.4,0
28.07,293.4,0
2.62,214.1,0
34.19,117.4,0
22.41,179.8,1
19.44,197.9,1
32.07,156.0,0
0.64,187.3,0
17.47,271.6,0
7.62,121.3,0
12.87,248.6,0
23.18,180.0,0
10.46,182.4,1
18.47,154.6,0
24.28,258.7,0
4.08,107.0,0
3.34,185.3,0
26.88,115.5,0
34.99,261.8,1
20.68,239.6,0
13.69,278.8,0
29.70,262.6,0
27.39,188.8,1
31.18,238.2,1
36.97,213.6,0
23.56,231.7,0
20.58,234.8,0
32.33,162.4,1
26.32,212.7,0
4.77,261.5,1
39.86,210.1,1
9.24,172.9,0
26.76,106.3,0
1.38,275.2,1
4.30,184.8,0
27.48,178.7,0
3.29,122.4,1
23.32,287.8,0
4.59,138.8,0
16.91,232.1,0
25.50,188.2,0
5.48,224.6,0
4.61,192.1,0
27.57,300.0,0
1.10,119.1,0
20.38,189.0,0
16.74,147.7,0
21.70,101.8,0
15.80,281.7,0
26.87,259.5,0
18.82,225.5,1
35.66,292.4,1
29.93,251.5,1
30.84,190.0,0
25.83,262.3,0
29.64,127.5,0
2.96,113.1,0
9.81,265.5,0
34.07,229.4,0
29.44,292.9,1
13.74,149.8,0
1.09,228.3,0
3.71,230.8,0
12.18,205.3,0
37.19,178.1,0
37.37,260.4,1
29.87,201.5,0
38.21,155.1,0
22.80,228.2,0
20.99,260.6,0
14.27,217.1,0
9.94,289.7,0
28.75,125.0,1
12.38,291.3,0
1.55,241.6,0
31.62,287.5,1
22.83,143.9,1
10.73,283.6,0
4.12,122.3,0
2.40,161.0,0
11.00,224.2,0
12.76,211.8,0
1.70,106.6,1
37.88,227.1,1
19.56,291.7,1
4.05,142.4,0
4.81,256.6,0
17.97,196.6,0
31.28,113.7,0
22.77,164.1,0
11.09,267.3,0
30.79,122.6,1
26.31,148.6,0
12.59,191.3,0
8.19,256.3,0
21.19,281.9,0
18.43,145.5,0
12.23,171.8,0
9.68,114.6,1
33.12,130.9,1
35.25,228.8,1
30.73,201.9,0
18.88,133.1,1
35.05,212.7,0
25.07,184.4,0
19.84,138.6,0
2.87,247.8,0
4.65,196.6,0
9.54,286.8,0
6.48,264.3,0
24.09,176.4,0
15.00,275.5,0
6.89,258.0,1
26.75,225.4,0
10.71,260.4,0
30.71,188.4,0
20.63,172.1,0
34.11,246.7,1
28.28,200.9,0
35.11,190.1,1
30.03,127.3,0
31.35,254.3,0
2.76,247.5,0
29.75,256.5,1
20.10,251.3,0
17.26,276.0,0
13.04,180.6,0
24.13,251.1,1
4.94,221.6,0
25.30,250.4,0
1.95,209.8,0
2.46,239.1,0
26.86,148.8,0
22.92,107.7,0
6.72,238.1,0
6.51,120.6,0
5.00,183.0,1
12.55,213.0,0
27.62,276.9,0
5.46,203.2,0
18.86,164.0,1
16.04,277.2,0
36.75,138.8,0
28.99,239.5,1
28.26,264.7,0
10.29,129.1,0
36.80,267.3,0
2.85,250.8,0
28.34,151.3,0
31.04,290.4,0
28.59,293.5,0
2.84,104.9,0
17.74,103.9,0
38.17,196.3,0
2.89,245.9,0
34.82,115.1,1
34.99,228.8,0
11.33,158.3,0
5.59,258.7,0
13.47,279.3,0
37.73,133.4,0
1.79,206.2,0
22.40,188.4,0
6.59,155.8,0
38.28,106.3,0
0.73,141.9,0
33.63,272.9,0
15.47,227.3,0
17.48,148.8,0
7.61,202.9,0
16.36,297.7,0
32.33,219.1,1
20.46,201.3,0
3.38,249.4,0
28.80,155.4,0
17.74,221.8,0
6.72,108.5,1
33.26,269.2,0
31.01,209.6,0
23.14,283.9,0
22.36,193.8,1
6.93,263.0,0
39.80,105.1,1
21.62,265.9,0
15.66,264.0,1
9.23,252.3,0
36.92,248.8,1
3.80,211.3,0
22.22,277.8,0
26.09,215.4,0
3.82,220.9,0
25.00,190.1,0
3.49,223.3,0
32.51,143.9,0
28.80,216.4,1
20.07,137.5,0
9.38,185.8,0
14.37,161.8,0
10.82,238.7,0
14.39,235.5,0
34.71,299.6,1
3.28,202.6,0
26.90,244.9,0
13.32,173.0,0
37.91,278.8,1
36.27,227.4,0
33.02,207.7,1
14.23,263.6,0
30.69,164.3,0
26.61,185.7,0
23.61,285.6,0
21.88,185.7,0
26.91,130.3,1
26.59,100.8,0
34.48,281.6,0
39.66,190.7,0
34.34,203.3,0
13.44,105.0,0
13.16,262.9,0
8.06,298.6,0
18.72,157.5,0
32.31,298.7,1
39.12,259.1,0
19.52,103.4,1
25.61,107.7,0
9.85,287.8,0
17.96,284.0,0
23.47,204.3,0
13.78,170.9,0
25.50,152.1,0
25.88,209.2,1
3.73,209.7,0
34.53,240.2,0
38.97,284.0,1
15.15,178.9,1
5.88,269.2,0
4.49,148.9,0
0.36,165.7,0
38.98,134.8,1
35.06,242.7,1
20.58,200.8,0
35.61,240.6,0
27.25,146.6,0
16.56,211.7,0
2.01,103.6,0
4.46,248.0,0
38.07,203.7,0
38.18,157.0,0
25.85,291.7,0
19.91,257.1,0
10.72,241.5,1
37.67,295.0,1
26.49,293.8,0
0.58,283.5,0
23.26,276.0,0
28.93,106.1,1
20.65,126.4,0
32.59,221.6,0
8.92,194.7,0
14.98,178.3,0
6.51,166.8,0
9.18,235.0,0
32.15,264.2,0
24.05,196.2,1
36.57,227.1,0
7.06,241.2,1
35.98,157.7,1
26.43,241.3,0
18.70,288.4,1
4.54,290.3,0
18.38,281.1,1
34.47,247.6,1
2.53,222.3,0
11.38,231.3,0
0.92,204.2,0
5.44,284.5,0
18.08,181.1,0
38.53,278.4,0
5.31,126.3,0
2.74,244.0,0
36.97,147.9,0
0.47,121.8,0
13.68,170.0,0
9.57,244.8,0
14.75,291.2,0
3.72,121.7,0
4.89,153.8,0
29.25,174.5,0
0.47,102.2,0
20.52,164.6,1
7.22,269.6,1
39.16,237.6,0
11.79,216.1,1
0.04,109.0,0
33.97,275.6,1
33.15,215.9,0
33.23,284.8,0
38.48,273.5,0
15.91,188.6,0
32.29,271.8,1
19.88,116.7,0
19.80,281.0,1
24.35,205.6,1
19.96,173.8,1
34.67,231.5,1
19.38,157.6,0
2.24,230.1,0
6.55,195.6,1
12.31,155.0,1
4.72,236.3,0
2.85,256.9,0
1.68,153.7,0
21.89,298.8,1
11.20,151.4,0
20.06,159.0,0
10.27,193.4,0
20.69,209.8,1
27.21,203.0,1
17.09,149.2,0
29.66,282.5,1
0.96,228.2,0
34.56,148.2,0
28.24,269.5,1
35.44,200.9,0
2.39,173.4,0
6.09,206.0,0
22.76,134.5,1
8.09,106.6,1
10.21,150.4,0
34.26,153.7,0
20.92,200.0,0
17.57,191.2,0
15.29,108.9,0
34.65,250.8,1
15.41,296.7,0
30.15,152.8,1
20.49,202.2,0
21.73,288.3,0
28.27,103.1,0
10.16,266.1,0
33.57,203.4,0
23.52,175.8,1
16.16,123.6,0
28.85,289.3,0
9.45,208.3,0
38.67,225.0,1
20.02,120.9,0
24.36,284.1,0
36.68,300.0,0
32.54,162.5,0
2.70,190.5,0
26.03,295.2,1
35.32,277.5,1
36.62,285.0,0
37.42,250.8,0
5.98,239.0,0
32.50,181.2,0
13.42,247.3,0
26.72,139.6,1
21.03,279.1,1
34.52,214.1,1
24.54,196.9,0
24.67,210.3,0
31.28,245.7,0
28.98,111.4,0
12.90,217.4,1
0.73,128.1,0
29.20,138.1,0
26.79,131.7,0
32.54,235.4,1
39.03,182.3,0
10.27,168.5,0
19.75,167.3,0
17.58,165.0,0
25.27,216.8,0
2.90,166.4,0
34.31,105.4,1
30.53,235.4,1
31.92,195.5,0
9.86,248.8,0
10.95,234.8,0
7.24,193.3,1
36.99,175.2,0
23.68,114.7,0
26.13,225.1,0
34.99,160.6,1
37.89,271.9,0
7.23,288.5,0
12.37,295.6,0
37.65,148.4,0
11.76,293.4,0
34.52,294.7,0
20.55,285.0,0
31.57,248.8,1
37.20,140.4,0
22.13,179.3,0
3.43,107.3,1
9.23,254.8,0
27.50,179.5,0
14.66,166.6,0
29.31,208.4,1
35.76,115.8,1
33.19,146.1,1
18.32,263.0,0
27.37,275.2,0
7.37,219.3,0
35.87,275.6,0
38.40,211.1,1
8.38,132.3,0
16.19,231.0,1
36.56,236.8,1
11.09,166.4,0
37.41,276.6,1
39.60,294.8,0
4.09,154.4,0
3.41,151.7,0
18.02,223.2,0
33.94,165.0,0
14.61,278.6,0
39.64,216.6,0
1.78,148.5,0
39.60,296.1,0
28.02,109.1,1
34.39,248.4,1
8.66,161.1,0
22.72,244.8,1
23.83,257.9,0
37.76,283.3,0
27.42,212.7,0
12.04,203.4,1
39.46,125.0,0
5.56,126.1,0
2.39,199.7,1
30.75,236.9,0
9.35,201.9,0
6.99,283.7,0
38.75,243.0,0
25.63,267.7,1
23.66,177.2,0
12.82,235.0,1
2.23,196.6,0
18.70,228.6,0
23.38,142.9,0
3.42,191.5,0
4.65,268.7,0
33.33,107.3,0
2.39,199.3,0
13.48,239.3,1
8.24,155.3,0
20.32,152.0,1
35.43,292.9,0
35.06,152.2,0
15.74,132.7,0
8.08,281.5,0
4.87,283.5,0
37.46,112.1,0
38.87,185.0,0
8.77,288.0,1
15.68,269.8,0
36.94,194.3,1
3.19,242.5,1
39.00,202.7,1
1.35,146.4,0
23.61,179.8,0
33.61,133.8,0
6.67,147.7,0
24.13,190.0,0
14.96,160.3,0
25.34,295.8,0
0.35,286.2,0
33.67,204.2,1
20.81,147.1,0
1.70,111.0,0
9.07,279.1,1
38.82,111.6,1
26.42,206.0,1
2.20,285.9,0
25.51,273.2,0
33.51,174.6,1
21.25,197.4,0
13.48,118.3,0
14.03,277.1,0
10.54,128.5,0
34.06,186.6,1
14.35,190.7,0
25.43,206.0,0
9.07,248.8,0
11.77,264.5,0
39.29,205.5,0
9.13,104.6,1
30.63,172.7,0
26.86,109.9,1
27.40,138.5,0
0.88,202.6,0
5.04,217.0,0
35.11,168.1,0
3.92,142.2,0
12.30,197.1,0
38.35,286.4,0
13.71,102.6,0
7.25,270.9,0
32.92,157.1,0
39.68,257.1,0
31.47,220.5,1
7.18,278.3,0
4.30,119.6,0
22.23,272.4,0
31.81,196.3,0
18.81,272.7,1
35.81,232.4,0
3.67,103.4,0
16.65,284.4,0
17.08,288.0,0
39.66,251.1,1
31.39,190.4,0
14.43,220.0,0
27.39,152.4,0
26.10,155.5,0
25.17,153.6,0
32.50,113.1,0
29.53,245.3,1
20.50,153.2,0
28.71,157.8,0
26.93,171.3,0
17.57,224.1,0
24.20,232.3,1
4.86,106.0,0
17.40,145.3,1
31.54,126.7,1
36.17,209.9,1
37.56,224.7,0
20.95,205.0,0
15.36,235.4,1
12.32,292.4,0
16.29,164.4,0
35.67,294.0,0
35.05,298.4,1
5.84,121.4,1
13.10,269.3,0
1.34,118.1,0
18.92,192.9,0
5.99,218.2,0
31.21,185.6,0
20.43,232.9,0
31.59,284.9,0
31.63,200.5,1
18.31,265.7,0
9.56,266.1,0
30.13,128.7,0
6.04,251.4,0
11.36,160.2,0
31.35,225.9,0
23.52,162.5,0
19.80,228.0,0
1.74,145.1,0
23.93,144.4,0
30.72,150.5,1
2.10,102.4,1
13.93,115.3,0
20.58,125.2,0
27.11,133.5,0
25.88,295.0,0
3.73,262.0,0
8.06,148.5,0
18.82,178.4,0
30.29,250.8,0
20.83,252.1,0
4.64,145.8,1
9.98,154.1,1
29.99,139.9,1
21.36,134.7,0
23.10,211.5,0
12.51,138.4,0
39.23,229.5,0
13.41,180.4,0
8.60,279.3,0
12.20,277.6,0
18.94,229.2,0
27.25,280.7,0
36.74,120.2,1
15.16,211.4,1
25.89,253.6,0
20.18,231.3,0
33.45,280.1,1
29.65,163.0,1
32.85,261.8,0
25.04,259.7,1
38.85,282.6,1
30.24,259.1,0
33.82,190.8,1
27.20,116.6,0
10.94,276.4,0
27.12,299.1,1
6.46,299.6,0
9.84,241.3,0
27.72,236.5,0
14.44,189.2,0
15.92,268.9,0
29.17,114.2,0
10.84,207.9,1
13.13,240.4,0
32.78,172.0,0
25.86,128.7,1
13.81,137.6,0
23.95,141.7,0
1.40,288.2,0
37.38,237.5,0
10.68,206.0,1
24.83,161.5,0
3.98,106.6,1
13.25,280.5,0
3.23,292.3,1
8.77,267.0,0
36.89,128.8,0
21.98,166.6,0
16.33,244.5,0
18.79,121.1,0
23.75,177.1,0
9.33,249.8,0
2.15,196.3,0
28.62,161.5,1
38.83,203.1,1
35.95,209.6,0
13.94,148.7,0
21.90,215.5,0
1.46,178.8,0
26.52,297.0,1
16.78,123.6,0
9.09,115.2,0
15.27,247.7,0
11.45,228.5,1
16.25,216.1,0
19.12,117.2,0
11.24,264.0,0
8.76,145.5,1
38.76,186.2,0
25.52,116.6,0
7.47,264.8,0
28.60,208.5,0
26.96,210.9,1
4.59,161.6,0
8.58,182.6,0
35.06,196.3,0
15.28,269.5,1
12.02,206.8,1
32.06,260.1,0
2.57,109.8,0
19.33,104.6,0
7.62,181.7,0
10.83,228.6,0
23.89,216.0,1
27.26,176.0,0
37.64,138.5,0
1.00,192.5,1
18.56,184.7,0
5.99,186.7,0
15.10,182.3,0
38.04,246.2,1
26.25,258.9,0
23.61,184.5,0
6.89,298.3,0
23.54,102.2,0
25.36,208.5,0
32.27,148.5,0
28.92,178.7,0
32.08,127.1,1
11.50,180.8,0
28.11,207.6,0
1.91,118.0,0
20.84,192.0,0
25.34,293.9,0
29.25,282.8,0
28.69,114.5,0
10.12,295.0,0
8.17,216.5,0
15.50,191.8,0
8.91,165.6,1
38.56,204.6,1
35.02,296.0,1
5.15,275.3,0
35.64,237.9,0
13.58,260.7,0
36.46,161.4,1
39.72,199.6,0
36.24,246.8,1
10.94,192.2,0
25.44,243.8,0
30.02,165.4,1
7.89,242.5,0
4.22,215.9,0
5.04,237.2,0
33.40,181.5,0
20.48,297.0,0
15.56,149.4,0
35.17,157.6,0
4.13,256.6,0
38.89,209.5,1
12.47,179.6,0
33.72,257.1,0
25.90,143.7,0
30.55,111.5,0
9.02,278.7,0
28.86,100.6,1
4.85,128.0,0
7.96,248.1,0
8.00,149.8,0
31.84,237.8,1
6.95,102.7,0
22.34,193.2,0
19.57,235.9,0
28.38,157.1,0
12.88,272.8,0
30.95,261.6,0
39.54,127.9,0
17.45,120.6,0
4.47,120.6,0
28.56,250.7,0
11.86,187.8,0
37.33,285.0,0
24.58,192.4,0
12.10,152.2,0
10.30,236.8,0
20.87,101.6,0
11.78,120.9,0
19.42,158.4,0
7.07,112.5,0
21.54,136.1,0
6.71,148.9,0
38.93,106.3,0
33.95,218.8,1
18.11,229.9,0
7.74,294.8,0
28.27,156.6,0
39.71,119.0,0
13.67,146.7,0
20.59,290.9,0
34.63,218.6,1
27.81,194.4,0
13.89,163.7,0
37.05,177.2,0
13.22,133.1,0
37.79,160.1,0
24.25,162.0,0
5.71,164.0,0
7.43,163.0,0
0.47,160.3,0
15.71,163.3,0
28.77,253.1,0
11.95,224.8,0
1.63,215.4,0
12.66,181.5,0
35.51,157.4,1
20.18,265.1,0
18.98,219.0,0
19.64,154.0,0
36.51,154.5,0
7.91,279.5,0
31.15,287.4,0
10.48,130.9,0
8.32,279.4,0
20.97,210.2,0
10.73,122.8,0
18.86,172.6,0
30.45,211.5,1
5.45,211.4,0
22.08,133.5,0
33.72,290.7,1
35.66,237.2,1
17.61,261.5,1
33.75,123.3,0
32.30,242.6,1
20.95,116.0,1
24.94,228.8,0
4.24,173.9,1
20.04,181.7,1
6.95,106.6,0
31.89,128.9,0
23.66,165.6,0
3.85,249.1,0
21.87,269.3,0
18.87,249.7,1
33.89,221.5,0
15.95,136.3,0
34.81,179.1,0
3.68,249.1,1
32.48,180.8,1
26.00,207.4,1
33.47,176.3,0
24.59,149.8,0
2.42,124.8,0
19.85,203.8,0
38.60,166.1,1
38.48,132.8,1
14.15,276.8,0
26.49,161.3,0
6.29,200.9,1
35.24,169.2,0
27.31,178.1,1
19.11,165.0,0
15.58,210.7,0
31.38,238.3,1
17.37,259.7,0
18.15,265.2,1
22.69,104.2,0
34.21,139.2,0
34.42,287.7,0
6.71,156.8,0
37.80,297.6,0
11.34,292.0,0
13.16,218.9,1
29.29,189.9,0
30.71,123.0,0
16.34,143.5,0
18.07,197.0,0
12.01,246.3,0
36.55,177.2,1
21.53,245.3,0
18.90,223.1,1
8.11,199.8,0
24.88,125.9,1
12.29,124.8,1
38.86,217.9,1
35.59,131.7,1
10.68,278.9,0
33.70,133.3,0
25.90,115.2,0
12.77,288.0,1
14.51,139.7,0
34.69,258.4,0
39.03,214.1,0
31.35,208.6,1
9.69,187.1,1
28.58,297.1,1
33.68,244.7,0
36.64,233.2,0
8.54,111.7,0
11.23,254.7,0
27.56,143.3,0
1.62,283.9,0
34.50,273.3,1
12.31,219.3,1
1.43,276.6,0
8.68,123.4,0
25.13,290.3,0
19.10,192.4,0
8.77,170.8,0
24.00,119.1,0
3.09,147.0,0
29.44,215.8,1
3.64,248.7,0
4.23,144.4,0
16.70,148.8,0
8.26,192.9,1
19.98,126.5,0
37.53,170.6,1
7.23,295.4,0
0.51,103.1,0
31.10,114.8,0
28.88,148.6,0
25.31,122.6,0
34.11,151.0,0
35.62,190.6,1
32.19,121.4,0
1.76,250.7,1
35.63,106.8,0
3.32,197.2,0
16.27,235.9,0
39.77,243.6,0
15.30,128.1,1
20.85,154.5,0
11.48,255.4,0
30.68,161.5,1
35.99,169.5,1
0.69,270.0,0
39.87,286.1,0
8.13,111.3,0
27.46,218.6,0
20.88,245.1,0
29.45,193.3,0
5.71,252.3,0
14.76,198.6,1
17.08,241.9,0
30.23,295.1,0
30.65,121.6,1
4.78,280.6,0
22.94,279.1,1
9.70,173.6,0
32.83,135.1,1
38.20,266.2,0
36.92,163.5,0
24.78,185.3,0
39.84,128.6,0
1.08,296.1,0
18.48,220.3,0
9.32,228.1,0
8.83,144.9,1
29.95,197.6,1
15.55,258.0,0
27.59,278.3,0
27.04,174.3,0
22.71,235.4,0
38.72,228.4,0
13.58,177.7,1
10.69,256.4,0
19.56,115.0,0
7.46,168.7,1
7.71,239.7,0
18.04,235.0,0
5.19,170.0,0
3.17,143.7,0
28.87,105.1,0
18.79,282.5,0
7.27,275.5,0
34.25,193.8,0
29.13,149.0,1
28.36,135.6,0
25.17,129.4,0
2.53,270.9,0
1.28,267.9,0
31.95,267.9,1
8.45,156.2,0
0.29,188.8,1
14.82,222.5,1
19.73,234.2,0
17.96,184.9,0
2.98,135.9,0
34.62,112.0,0
5.13,231.6,0
8.95,177.2,0
27.69,150.4,0
28.13,244.9,0
27.25,151.4,0
1.63,176.1,0
38.00,216.4,0
18.56,266.7,0
26.26,230.4,1
3.16,116.6,0
27.41,101.0,0
11.26,269.8,0
32.92,220.7,1
35.98,173.4,1
37.68,160.6,0
15.82,211.2,0
29.02,257.3,0
33.45,136.7,0
38.65,255.7,1
1.38,184.8,1
1.69,174.8,0
25.17,208.3,0
24.66,104.2,0
22.73,238.7,1
32.36,214.9,1
36.97,128.8,1
25.23,289.3,0
35.92,204.9,1
31.33,185.6,0
35.21,201.6,1
25.55,235.0,0
16.22,220.5,0
9.42,180.3,0
27.75,247.9,0
27.92,148.7,1
1.23,159.9,0
23.12,100.4,0
17.86,211.3,0
28.80,131.2,0
23.45,283.3,1
29.66,294.3,0
38.51,230.8,1
21.66,112.9,0
10.46,163.3,0
9.52,243.5,0
21.13,113.4,1
25.15,126.8,0
3.12,284.2,0
25.05,283.6,0
38.58,113.8,0
8.71,134.8,0
4.15,221.6,0
29.42,240.3,1
24.35,153.5,0
27.67,288.8,0
31.63,266.1,0
24.74,120.5,1
27.24,262.0,0
1.25,231.0,0
6.20,249.5,0
20.51,114.7,1
14.97,161.2,1
7.38,239.6,0
3.21,175.8,0
16.31,249.9,0
24.98,212.6,0
7.11,260.9,1
2.85,246.8,0
28.85,216.2,0
8.96,204.6,0
2.89,198.8,1
16.26,127.5,1
37.59,171.8,1
35.71,126.2,0
30.34,294.9,0
25.74,274.2,0
29.24,112.0,0
0.02,201.3,0
35.71,127.6,1
37.81,259.4,0
6.13,212.6,0
6.41,263.0,0
4.37,177.4,0
30.00,141.8,0
16.68,140.6,1
24.61,192.7,0
35.43,209.6,1
23.10,270.1,0
33.87,219.1,1
33.63,122.6,0
12.67,246.9,0
26.95,209.4,0
23.61,221.6,0
36.82,284.2,0
15.23,269.6,0
1.79,255.5,1
36.22,110.8,1
2.57,276.0,0
27.24,128.1,1
28.05,118.1,0
11.16,137.0,0
28.95,264.2,0
4.25,289.5,0
9.56,131.7,0
33.87,256.8,1
10.02,148.3,0
5.20,129.2,0
17.14,257.2,0
30.97,193.1,0
6.10,136.5,0
20.45,281.0,0
36.09,115.9,1
3.44,239.4,0
13.74,222.1,0
13.45,209.1,0
22.39,125.3,0
27.31,109.9,0
5.81,285.9,0
2.25,101.0,1
16.90,228.1,0
8.40,281.2,0
35.43,167.9,0
28.47,179.2,0
30.95,272.9,1
4.40,254.6,0
39.68,166.9,1
33.57,213.1,0
14.71,169.0,1
18.78,192.8,0
4.71,217.1,0
4.51,187.7,0
17.71,151.7,0
16.72,282.5,1
37.61,189.6,1
18.45,284.9,0
15.75,134.5,0
23.54,168.7,0
36.16,108.8,1
14.34,272.3,0
28.18,114.4,0
24.58,232.7,1
2.51,135.2,0
16.31,255.1,0
22.73,109.8,1
1.49,105.3,0
39.29,226.1,0
4.39,155.5,0
6.36,255.2,1
4.76,129.8,0
8.40,260.8,0
13.86,295.3,0
29.22,192.4,0
27.97,272.9,1
12.88,175.0,0
14.21,124.1,0
6.36,112.0,0
11.24,292.1,0
4.84,276.0,0
35.82,151.8,1
7.55,151.2,1
10.04,235.8,0
7.24,190.4,1
24.91,207.7,1
11.52,141.0,0
22.53,152.4,1
17.91,135.8,0
13.66,115.8,0
16.53,207.0,0
3.88,146.2,1
0.49,299.3,0
0.66,156.1,0
6.00,103.6,0
2.74,297.6,0
15.52,112.5,0
27.00,269.9,0
6.14,269.8,0
26.53,117.1,0
34.42,178.5,0
19.08,280.4,0
34.98,164.8,0
10.27,152.1,0
38.71,240.9,1
16.22,126.2,0
10.83,182.6,0
3.51,174.6,0
11.14,107.2,1
22.78,204.5,0
21.24,238.2,0
30.41,289.9,1
34.82,210.7,1
11.43,148.5,0
17.15,269.4,1
26.44,141.5,0
30.19,290.8,0
37.04,275.4,1
3.39,139.6,0
39.09,179.4,0
18.69,257.9,0
7.42,126.5,1
23.01,120.3,0
34.23,156.4,0
7.07,217.8,0
5.64,292.5,0
25.29,125.1,0
16.85,255.2,0
26.24,209.2,1
24.11,263.9,0
31.45,222.2,0
28.31,293.7,1
17.33,259.3,0
21.12,256.8,0
7.32,197.8,0
24.34,213.2,0
10.27,265.1,0
11.74,258.1,0
21.34,282.6,0
5.42,265.8,1
28.43,162.5,0
4.97,237.0,0
7.36,160.0,0
1.88,245.9,0
26.23,286.4,0
38.17,276.1,0
9.62,241.6,0
17.38,157.7,0
24.55,253.2,0
19.57,202.4,0
0.19,195.2,0
28.70,147.9,0
12.76,257.7,0
34.91,138.2,0
20.20,160.8,0
31.29,107.7,0
23.67,290.5,1
39.23,202.2,1
23.94,216.8,0
26.86,284.7,1
28.67,221.5,0
39.77,271.0,0
10.96,104.5,0
33.93,161.8,1
4.10,181.2,0
21.77,228.2,0
8.90,142.4,0
1.44,242.0,0
25.97,217.8,1
19.23,284.4,0
2.15,108.0,0
37.97,199.0,0
33.45,242.3,0
36.91,232.5,1
33.66,252.0,1
28.75,127.9,0
30.22,267.0,1
34.93,151.4,1
0.64,102.5,0
30.58,116.4,1
21.58,163.8,0
17.93,211.3,0
37.66,287.1,1
1.82,276.2,0
17.69,167.4,1
21.05,269.8,1
16.69,111.6,0
29.95,136.5,0
23.98,155.4,1
14.95,153.5,0
29.87,135.9,1
24.18,113.4,1
15.62,270.3,0
19.20,281.4,0
2.13,234.8,0
33.99,154.7,0
35.66,132.2,1
27.27,198.9,0
1.76,259.0,0
3.31,167.2,0
15.29,166.9,0
10.86,198.5,0
19.06,150.6,0
16.43,162.8,0
26.35,122.3,1
16.15,160.5,0
11.46,132.9,0
23.68,161.9,0
30.05,112.4,0
29.68,102.4,0
3.38,268.7,1
29.21,249.9,0
26.90,206.5,0
16.51,136.8,0
8.54,267.7,0
17.20,145.9,0
35.14,152.9,1
23.38,127.1,0
8.62,150.9,0
30.26,114.1,1
10.50,270.8,0
37.34,132.6,1
34.82,192.2,0
17.46,196.7,1
9.61,297.7,0
3.94,292.1,0
6.31,129.0,0
8.50,164.5,0
32.65,134.5,1
13.66,130.0,0
35.76,130.9,1
21.56,196.7,0
7.15,171.2,0
19.60,277.1,0
31.85,147.8,0
37.30,288.3,0
17.24,220.8,0
9.88,176.1,0
5.65,290.7,0
38.95,180.3,1
24.70,289.3,0
20.16,182.8,0
39.29,184.2,0
2.37,299.2,1
29.37,257.5,1
26.31,261.2,0
7.26,181.9,0
12.71,244.4,0
36.74,142.1,0
31.94,262.0,0
6.39,167.6,0
30.00,289.6,0
14.76,246.6,0
5.46,215.8,0
15.27,102.7,0
15.27,193.6,1
1.51,168.6,1
16.05,101.1,0
12.19,284.3,0
3.68,222.0,0
20.60,177.2,0
22.64,128.9,0
17.56,120.2,0
15.06,143.5,0
23.19,236.9,0
2.30,236.3,0
4.53,118.9,0
17.57,263.1,0
32.58,285.2,1
7.87,109.9,1
24.71,202.3,0
8.68,219.5,0
15.10,265.4,0
33.82,206.1,0
26.05,260.9,0
24.10,122.3,0
28.61,218.4,1
21.51,257.5,0
26.74,222.4,1
23.18,140.7,0
26.21,266.8,0
2.04,119.7,0
18.65,276.5,0
31.48,193.7,0
8.83,204.3,0
21.40,137.9,0
3.63,153.9,0
32.99,248.5,1
9.15,285.4,0
39.16,293.2,0
1.77,292.7,0
20.96,268.4,0
27.84,134.8,1
38.68,134.5,1
2.93,237.8,0
11.38,287.0,0
27.92,234.7,0
30.74,178.8,0
26.00,212.0,0
28.54,235.2,0
21.59,199.4,0
0.90,208.9,0
10.32,188.1,1
19.78,268.3,0
15.08,155.2,0
6.65,140.4,0
6.27,153.2,0
38.50,249.9,0
36.42,137.0,0
6.43,246.5,0
17.24,276.1,0
21.17,289.8,0
0.32,113.8,1
17.99,117.5,0
36.94,165.9,1
20.51,257.9,1
30.30,149.2,0
32.82,269.2,0
28.45,212.6,0
13.28,182.6,0
27.05,102.1,0
15.66,126.6,0
7.65,141.0,0
23.50,169.5,0
34.29,117.0,0
21.28,243.6,0
0.30,216.3,0
23.16,296.8,0
35.74,236.2,1
21.47,229.4,0
20.54,265.5,0
37.36,131.0,0
0.88,165.1,0
32.20,110.8,0
5.85,214.4,0
10.67,201.7,0
16.45,274.6,0
38.49,265.4,0
36.18,111.8,0
10.54,120.3,0
26.12,109.3,0
10.72,217.8,1
20.06,249.8,0
31.44,146.9,0
6.97,250.4,0
19.37,245.0,0
20.56,195.1,1
27.13,172.4,0
24.50,265.3,0
23.10,284.1,1
5.08,109.4,0
34.63,101.4,1
28.82,223.2,0
25.72,243.3,0
36.06,106.8,1
18.72,131.7,1
36.42,247.0,0
31.39,179.6,1
16.50,154.0,0
39.39,112.2,0
4.17,128.0,1
22.95,189.6,0
34.63,184.1,1
12.44,163.7,0
33.32,149.8,0
16.30,114.7,0
34.97,181.9,0
39.99,128.6,0
33.32,142.9,0
32.25,206.6,0
6.75,204.3,0
30.25,296.3,0
19.86,289.6,0
4.83,154.0,0
21.21,188.8,0
32.30,184.6,0
37.54,297.5,0
34.84,190.3,0
10.48,281.4,0
28.47,102.2,1
18.70,283.0,0
24.04,257.9,0
0.63,171.8,0
9.37,298.0,0
19.01,122.1,0
15.96,139.5,0
4.35,180.2,0
25.84,294.2,0
15.90,191.7,0
33.43,121.8,0
15.17,223.6,0
30.54,289.8,0
27.46,167.7,0
37.25,182.7,1
24.23,155.4,0
8.39,238.5,0
8.72,290.5,0
10.75,104.9,0
11.89,244.8,0
1.17,152.9,0
35.98,124.2,1
33.28,129.1,0
25.73,147.6,0
11.52,187.3,1
21.68,241.0,1
31.27,200.1,0
34.60,204.3,0
15.20,178.8,0
29.01,110.8,0
37.23,222.9,1
22.04,165.6,0
23.26,155.9,0
21.15,113.8,1
11.21,183.8,0
19.74,122.7,0
23.64,280.1,0
34.39,244.5,1
17.22,159.0,1
5.49,291.6,0
12.92,254.8,0
11.67,223.3,1
26.19,248.1,0
36.77,212.8,0
30.82,163.5,0
24.34,168.7,0
23.46,260.9,0
27.84,264.8,0
15.70,159.2,0
12.71,220.8,1
38.33,125.4,0
33.10,200.8,1
24.26,233.2,1
33.97,175.6,1
15.50,105.4,0
37.64,181.3,1
14.49,217.0,0
9.94,104.5,0
1.52,235.5,0
7.21,163.7,1
20.80,113.2,1
8.03,118.4,0
20.89,292.8,0
26.96,124.2,0
25.03,155.2,0
17.77,263.2,0
16.59,177.4,0
18.12,253.8,0
23.24,179.9,0
6.69,264.3,0
10.80,112.2,0
31.90,223.7,0
3.96,141.2,1
11.33,152.9,0
5.30,257.0,0
14.34,122.4,0
35.44,296.1,0
27.99,228.0,0
27.54,248.8,0
36.49,186.4,0
15.87,210.8,1
27.67,214.6,0
1.82,261.7,0
22.00,170.8,0
10.50,202.2,1
15.03,107.4,0
36.71,198.6,1
26.66,272.8,0
9.87,100.6,0
1.67,179.3,0
13.71,254.9,0
14.62,143.0,0
0.39,231.0,0
32.10,110.7,1
16.47,129.2,0
13.86,185.7,0
39.07,285.2,0
9.58,256.1,1
5.91,234.9,0
5.81,197.1,0
31.09,282.1,0
30.34,226.0,0
3.47,226.0,0
0.29,204.5,0
19.95,293.5,0
31.93,166.5,1
5.75,268.4,0
5.60,266.9,1
1.63,248.6,0
15.54,149.2,0
14.11,148.9,0
39.01,105.0,1
30.99,236.5,0
11.35,275.5,0
16.86,249.4,0
29.36,122.9,0
0.49,110.3,1
11.65,199.5,0
7.17,143.1,0
30.87,120.3,1
35.86,276.9,0
9.63,270.8,0
22.23,115.9,1
38.33,206.1,0
25.09,206.0,1
36.11,171.3,0
38.48,153.0,1
31.03,173.4,1
1.18,291.1,0
38.55,288.1,0
37.24,185.1,1
34.73,166.9,1
20.69,192.9,0
14.93,171.2,0
2.53,288.0,0
5.10,112.5,0
13.83,102.1,0
34.62,151.8,0
30.82,290.0,0
19.18,129.5,0
11.98,239.3,0
36.69,272.1,0
32.56,136.0,0
23.06,112.0,1
17.02,135.2,0
26.85,295.8,0
28.97,162.1,0
14.93,116.4,1
20.36,136.0,1
13.62,115.9,0
24.75,130.1,0
32.93,226.2,0
10.11,280.2,0
36.60,177.4,0
12.51,109.0,1
29.72,280.0,0
13.66,138.1,0
2.54,216.6,0
9.67,142.8,0
19.56,275.4,0
29.48,264.3,0
35.05,244.6,1
5.36,113.7,0
8.49,273.8,0
20.21,186.6,0
23.14,104.7,0
34.42,141.3,1
36.45,198.4,1
34.65,101.2,0
23.52,293.0,0
35.54,216.3,1
12.69,242.3,0
24.21,190.5,0
0.21,158.5,0
23.84,227.8,0
18.57,146.7,0
31.87,154.1,0
34.50,219.4,1
14.87,275.8,0
10.79,128.8,0
11.97,257.2,0
6.21,179.0,0
1.43,226.6,0
22.01,200.6,0
22.85,255.8,0
25.45,293.1,0
35.98,251.5,1
3.67,260.9,1
37.23,117.4,1
22.62,202.9,0
11.35,102.5,0
15.05,229.1,0
6.15,199.3,0
6.55,224.0,1
21.07,112.3,1
12.08,197.4,0
4.78,218.3,0
36.02,220.8,1
20.34,294.5,0
31.33,268.4,1
9.12,292.7,1
27.97,228.1,0
31.57,196.2,0
3.76,160.5,0
7.56,275.7,0
9.03,153.4,0
11.04,209.3,1
11.63,165.7,1
15.18,175.9,0
2.88,135.8,0
33.12,241.4,0
33.56,113.2,1
28.64,169.2,1
29.45,162.2,0
22.41,270.9,0
29.61,275.0,0
33.94,103.7,1
12.80,277.3,0
19.33,222.4,0
18.07,168.8,1
18.38,177.5,0
37.63,247.0,1
22.59,170.2,0
1.06,173.8,0
2.74,128.1,0
0.03,222.3,1
32.39,164.3,1
36.95,283.3,1
15.97,237.7,0
22.59,173.1,0
20.74,186.2,0
26.93,288.5,0
8.39,263.1,0
28.40,254.7,1
17.22,118.4,0
13.82,232.4,0
1.37,297.9,1
33.20,231.2,1
31.19,147.0,1
8.58,128.9,0
5.64,140.6,0
34.74,204.1,0
36.50,288.3,0
32.56,129.8,0
9.61,280.0,0
16.62,173.5,0
26.26,283.8,1
7.15,231.5,0
10.84,208.3,0
28.74,131.7,0
7.32,203.3,0
0.28,112.7,0
3.27,194.8,0
36.97,295.9,0
11.49,296.6,0
9.33,257.9,0
12.07,287.7,0
20.63,207.9,0
34.75,266.7,0
6.10,295.1,0
10.19,295.5,0
24.26,190.6,0
33.52,286.3,1
30.72,230.9,0
36.36,108.2,1
1.40,260.1,0
17.39,197.5,0
3.83,143.6,0
11.26,221.8,0
19.72,179.4,0
5.96,142.7,0
14.22,166.0,0
23.76,162.4,0
17.75,210.5,0
16.72,222.1,0
6.45,281.7,0
20.51,179.7,0
12.59,170.4,0
12.72,198.6,0
23.64,109.2,0
4.13,111.7,0
25.77,216.2,0
27.14,267.2,0
27.93,205.5,0
36.68,174.5,0
10.25,205.2,0
18.19,183.0,0
8.26,253.3,0
35.24,113.5,1
23.89,122.2,0
39.32,202.1,0
3.50,275.2,0
37.39,114.5,0
14.38,275.9,0
36.16,295.1,0
16.54,296.6,0
11.18,233.4,0
29.98,193.5,0
7.99,158.0,0
3.15,237.1,0
11.10,191.5,0
5.90,137.3,0
18.20,229.8,0
19.93,296.5,0
32.50,194.4,0
11.10,274.0,0
10.93,163.6,0
20.31,214.3,1
0.25,255.7,0
16.40,227.6,0
1.45,169.5,0
20.80,129.9,1
14.17,180.4,0
32.59,103.9,1
4.48,244.4,0
30.95,225.1,0
2.46,197.2,0
20.26,206.6,0
29.04,277.7,0
23.76,141.1,0
37.00,161.8,0
29.32,151.6,1
4.87,231.9,0
22.75,253.4,0
37.34,260.6,0
38.68,143.6,1
38.26,108.6,1
26.51,185.8,0
0.43,185.3,0
38.42,106.2,0
37.04,237.8,0
5.74,274.2,0
38.02,104.6,0
39.92,136.3,0
13.60,136.3,1
1.88,268.3,0
31.82,173.0,1
7.48,283.8,1
2.81,181.3,0
3.24,160.3,0
2.72,213.9,1
38.16,272.0,1
2.52,294.1,0
11.71,117.9,0
34.25,181.9,1
22.16,164.4,0
6.29,142.1,0
27.43,104.8,1
39.59,291.8,1
26.08,255.4,0
6.84,275.3,0
12.86,245.8,1
22.46,247.2,0
16.95,225.7,1
27.01,296.6,0
23.12,125.6,0
9.88,227.9,1
32.28,280.1,1
36.22,158.7,1
38.12,163.6,0
22.96,141.4,0
24.52,237.3,1
22.90,242.5,0
2.63,132.3,0
9.70,176.0,0
16.53,130.0,0
25.05,235.9,0
29.24,213.2,0
37.64,203.0,0
19.45,114.7,1
37.78,214.7,0
12.40,123.0,0
28.67,265.1,0
36.52,243.7,0
29.64,155.8,0
3.59,176.9,0
31.08,269.8,0
1.24,104.9,0
28.40,151.4,1
20.23,274.7,0
26.16,213.7,0
15.80,224.7,0
1.68,186.9,0
28.44,122.8,1
38.85,131.1,0
24.86,234.6,1
18.15,214.4,1
17.29,120.4,1
30.23,240.8,0
21.43,129.1,0
8.74,201.4,0
35.37,261.7,1
36.87,208.9,0
9.66,257.1,1
8.20,276.4,0
24.17,123.3,0
29.51,152.4,1
23.64,257.9,1
5.75,209.7,0
17.93,194.2,0
17.51,253.7,0
17.88,178.2,0
37.15,249.1,0
21.70,270.5,0
22.33,117.0,0
23.35,137.1,0
36.52,160.9,0
27.98,281.3,0
31.08,138.8,0
25.01,141.7,1
24.75,187.2,0
34.10,233.8,0
25.81,249.3,0
31.98,206.9,0
16.24,125.3,0
5.01,228.3,0
36.81,109.4,1
28.54,145.1,0
3.69,129.0,0
35.22,266.7,0
5.63,179.0,1
36.82,116.4,0
33.51,105.3,1
18.83,220.3,0
29.94,217.8,0
2.33,136.0,0
25.33,246.8,1
6.18,299.0,0
32.59,271.7,0
22.16,285.8,0
13.88,209.6,0
20.83,135.5,0
1.46,103.9,0
4.97,128.7,0
26.42,211.8,0
5.89,252.6,0
30.18,287.6,1
4.28,224.6,0
22.19,102.5,1
29.66,169.9,0
6.51,118.5,0
2.98,254.4,0
28.75,207.6,0
5.31,261.8,0
26.60,227.7,1
32.81,247.1,0
28.02,250.4,1
9.75,187.3,0
24.67,239.7,0
29.33,185.2,0
21.59,117.5,1
23.97,273.0,0
15.97,210.4,0
24.86,180.3,0
10.48,198.0,0
36.43,210.6,0
9.60,220.5,0
30.90,103.0,1
33.43,176.2,1
10.69,251.3,0
32.26,167.1,1
2.05,236.0,0
27.06,205.0,1
6.01,177.5,0
20.21,126.3,0
35.40,155.9,1
38.31,147.4,1
21.52,108.6,0
3.75,144.2,0
15.95,263.9,0
19.27,125.1,0
2.74,229.3,0
10.27,265.0,0
27.48,228.1,0
35.44,106.2,1
8.81,267.8,0
9.26,211.5,0
1.21,160.2,1
32.28,178.4,1
31.62,232.1,0
7.46,253.3,0
9.65,260.0,0
10.77,131.6,0
19.75,139.4,0
39.35,191.0,0
31.01,144.5,0
19.53,261.3,0
24.85,274.5,0
27.24,136.7,0
11.74,107.1,0
5.27,109.2,0
17.05,279.7,0
19.85,144.7,0
8.26,278.8,0
32.63,107.6,1
10.38,228.0,0
7.16,225.7,0
4.70,106.9,0
29.99,201.2,1
25.10,203.7,0
7.09,267.8,0
1.12,115.1,0
28.82,171.2,0
10.85,149.1,0
31.33,173.8,0
13.29,132.9,0
19.52,186.5,0
13.14,250.5,0
23.24,285.9,1
9.08,114.2,1
28.50,277.3,0
18.63,255.6,0
34.89,246.2,0
38.90,257.8,0
3.10,290.3,0
8.29,235.6,0
6.20,174.0,1
35.52,253.6,0
38.57,107.4,1
31.22,115.0,0
20.46,242.0,1
24.99,262.5,0
11.14,286.6,0
32.21,179.5,1
15.50,111.9,0
5.43,196.1,0
6.54,108.7,0
18.89,107.1,0
36.69,197.1,1
33.43,102.2,0
26.94,170.9,1
5.26,164.3,1
8.55,226.7,1
34.41,183.3,0
20.97,101.1,0
33.48,111.0,0
11.19,120.8,0
38.12,263.6,0
9.10,211.9,0
25.21,215.9,0
5.39,270.8,0
10.85,246.8,0
1.82,167.9,0
5.03,239.2,1
25.35,110.0,1
34.18,137.8,1
6.44,281.4,0
7.87,167.4,0
39.93,178.1,1
34.78,102.8,1
12.23,294.5,0
21.25,177.5,0
3.12,229.4,1
13.99,271.0,0
33.09,182.7,1
37.33,287.2,1
1.98,282.0,0
18.57,282.8,0
24.64,266.4,1
1.55,151.0,0
20.68,271.5,0
6.72,277.1,0
8.40,266.2,0
26.56,298.6,0
7.36,276.5,0
2.44,266.7,0
36.28,283.7,0
35.92,215.6,1
30.26,265.2,1
23.01,166.1,1
39.33,166.4,0
5.48,246.7,0
29.58,192.6,1
1.55,131.5,1
25.19,276.5,0
16.17,272.7,0
19.68,183.8,0
4.98,158.0,1
23.45,119.3,0
20.69,285.5,0
31.85,285.6,0
11.52,129.3,0
20.18,141.8,0
8.68,214.8,0
36.87,255.6,1
38.67,246.0,0
5.68,208.3,0
1.19,152.2,0
7.41,220.6,0
28.66,114.0,0
1.81,105.2,0
2.98,198.9,0
2.81,174.6,0
33.78,277.8,0
18.78,293.3,0
17.20,180.8,1
1.44,129.9,0
1.05,179.1,1
13.64,255.2,0
10.50,100.1,0
30.85,282.2,0
27.14,185.0,0
2.57,231.0,0
1.64,217.3,0
35.54,250.1,1
29.75,116.2,0
26.75,283.4,0
5.25,267.5,0
16.04,110.8,0
23.96,294.9,0
29.41,207.5,1
7.73,188.7,1
1.80,191.7,0
21.31,105.0,0
14.57,103.0,0
22.41,206.2,1
34.59,292.0,1
11.73,175.3,0
2.01,139.1,0
39.60,151.1,1
0.27,112.6,0
30.32,244.6,0
11.91,241.7,0
34.21,190.6,1
23.06,214.4,1
20.82,222.8,0
16.92,239.3,0
6.48,280.5,0
33.55,259.9,1
13.86,101.4,0
13.33,121.9,0
8.41,296.1,0
2.66,234.7,0
20.83,169.4,1
5.96,184.1,0
5.24,189.4,0
29.66,184.9,0
30.43,201.6,0
36.12,278.4,0
14.22,141.5,1
22.06,216.1,0
28.87,208.7,0
15.88,229.0,0
8.41,285.3,0
36.04,262.8,0
20.56,140.6,1
25.45,244.0,1
34.36,295.3,0
12.63,295.2,1
17.90,162.7,0
22.57,195.1,1
14.51,228.3,0
28.44,283.7,0
4.25,274.8,0
36.40,186.0,0
19.72,113.1,0
12.16,117.5,0
5.05,295.1,0
0.67,278.6,1
32.50,154.1,1
16.75,213.2,0
17.35,234.7,1
3.71,184.9,0
39.46,265.3,1
26.91,278.9,0
27.20,151.3,1
37.36,115.3,1
34.04,145.7,1
23.52,272.0,0
37.57,271.3,0
11.33,273.8,0
30.58,228.5,0
28.92,201.6,0
39.98,144.1,1
16.31,252.5,0
33.55,187.5,0
12.61,257.3,0
31.27,239.5,0
5.61,107.1,0
33.63,125.1,0
1.32,118.4,0
27.71,116.7,1
38.98,214.1,0
12.30,249.0,0
13.06,244.6,0
8.81,269.3,1
29.35,189.1,1
34.95,224.4,1
12.83,281.7,0
7.35,202.4,0
0.34,130.8,0
31.89,249.4,1
5.48,239.2,0
16.77,152.7,0
1.73,216.8,0
27.58,202.9,1
14.46,127.3,0
12.06,159.8,0
5.33,264.3,0
7.26,202.6,0
34.52,190.8,0
16.91,259.7,0
35.96,272.7,1
31.82,242.2,0
4.88,289.3,0
11.51,129.9,0
20.39,261.9,0
37.57,112.8,0
13.98,270.6,0
21.02,241.0,0
16.42,156.1,0
12.44,166.7,1
17.61,112.8,0
1.31,270.8,0
0.61,251.9,0
1.67,273.1,0
11.77,131.3,0
16.05,155.0,0
23.71,212.6,0
38.97,106.2,1
12.39,282.0,0
12.36,242.2,0
18.04,203.0,0
4.08,225.7,0
22.73,125.2,1
17.81,190.4,1
31.15,260.0,1
4.59,130.5,0
8.80,127.5,0
16.52,144.2,0
5.67,115.6,0
14.57,203.8,0
13.09,260.7,0
0.65,189.9,0
21.18,167.3,1
32.94,271.4,1
33.05,211.8,0
5.18,169.9,0
17.11,175.0,0
16.54,175.2,0
5.56,101.5,0
35.82,272.9,1
0.99,243.1,1
6.47,251.0,0
28.01,108.4,0
1.66,216.7,1
22.83,267.1,0
34.21,114.0,0
38.34,196.8,1
30.37,145.2,1
0.18,146.0,1
24.24,209.6,0
3.00,274.8,1
20.96,227.2,0
39.17,275.4,0
32.96,122.7,0
34.64,206.4,1
2.56,293.9,0
39.14,167.9,0
3.83,221.6,1
15.86,182.7,1
20.89,210.5,0
26.32,112.7,0
22.59,237.2,0
34.80,151.0,0
2.23,182.2,0
9.18,256.5,0
8.69,262.5,0
36.23,292.8,0
4.43,206.5,0
16.08,152.0,0
10.25,238.0,1
20.09,129.9,0
37.71,186.2,0
32.32,148.2,0
12.12,117.4,0
36.00,154.7,0
14.66,138.7,1
32.30,298.5,0
11.13,292.6,0
3.97,284.1,0
7.08,159.3,1
10.51,170.8,0
4.99,103.0,1
15.16,279.4,0
12.48,107.3,0
16.68,142.0,0
35.65,284.8,0
12.55,287.7,0
13.64,221.1,0
8.96,285.9,1
27.39,203.5,0
39.17,176.5,1
10.75,153.3,0
24.09,247.6,0
8.37,253.2,0
19.16,106.1,0
22.15,227.8,0
11.77,283.1,0
23.41,261.7,1
6.01,105.4,0
35.75,123.6,1
22.29,290.0,0
22.69,295.1,0
23.16,274.9,0
33.50,225.9,0
17.93,230.7,0
8.24,137.9,0
36.57,148.3,1
36.96,260.9,0
18.35,173.5,0
1.85,218.5,0
29.33,162.6,0
13.46,229.6,1
32.04,200.4,0
22.79,152.2,0
25.58,277.0,0
35.99,198.9,1
20.16,122.7,0
24.05,181.1,1
32.91,191.5,0
22.87,145.5,0
20.12,209.0,0
14.80,292.3,0
23.28,259.3,0
36.75,106.5,1
13.88,156.0,1
30.62,212.7,0
4.14,271.3,1
33.94,274.0,0
39.32,271.3,0
16.55,173.1,0
10.90,271.8,0
12.33,161.3,0
12.90,294.4,0
29.19,260.8,0
6.62,195.2,1
30.04,113.5,0
10.72,210.5,0
12.68,120.0,0
4.10,192.3,0
0.56,208.7,0
9.44,258.1,0
24.05,281.2,0
16.01,281.0,0
15.08,270.8,0
11.04,242.9,0
12.43,271.4,1
26.16,151.1,0
23.09,122.1,0
14.21,173.9,0
26.86,204.9,1
23.22,179.5,0
14.29,117.9,0
34.60,290.6,0
23.23,183.6,0
35.46,137.3,1
32.91,145.8,1
13.42,197.4,0
7.81,171.9,0
16.30,225.6,0
26.79,242.5,1
19.58,262.6,0
12.73,133.5,1
3.69,176.8,0
2.57,140.9,0
11.00,195.9,0
12.59,134.3,0
17.41,151.9,1
7.78,293.5,0
1.89,152.7,0
32.51,274.2,0
36.25,269.9,0
38.11,138.2,0
1.07,136.9,0
13.38,283.7,0
24.32,278.2,0
16.19,240.9,0
32.20,248.8,0
14.65,120.2,0
32.92,186.7,1
27.07,266.7,0
2.13,188.4,0
3.03,171.1,1
27.03,267.0,1
7.28,201.4,0
14.11,250.6,0
20.18,266.1,0
36.87,276.4,1
15.50,107.0,1
15.86,188.0,0
9.98,110.5,0
16.81,256.7,0
32.39,258.2,1
38.75,139.3,1
16.63,102.6,0
12.50,222.6,0
13.50,107.5,0
22.60,119.0,0
27.68,205.9,0
21.65,194.2,0
15.37,171.7,0
26.05,246.6,0
38.80,188.2,1
19.58,124.7,0
20.01,276.1,1
0.95,189.2,0
17.45,115.0,0
2.23,149.3,0
37.14,203.2,1
8.28,246.4,0
13.61,216.2,0
17.04,159.8,1
34.99,131.3,1
12.90,106.8,1
38.22,153.1,1
31.28,134.4,0
36.63,247.1,1
18.45,174.5,1
32.18,117.8,1
1.69,136.6,0
20.87,284.8,0
16.61,282.7,0
0.91,275.9,0
2.35,292.8,1
22.19,204.5,0
28.71,261.3,1
1.30,195.0,0
33.13,206.1,0
10.29,133.3,0
21.84,194.3,0
12.98,279.8,0
39.45,186.5,0
37.52,131.5,1
28.74,227.6,0
13.89,295.0,0
12.96,175.2,0
20.12,231.4,1
37.81,288.5,0
7.74,199.7,1
31.87,139.4,1
23.00,175.2,1
20.06,287.5,0
23.20,143.6,1
28.06,165.9,0
11.50,130.7,0
35.47,167.5,1
18.09,142.7,0
0.44,226.3,0
37.21,206.1,0
26.11,196.9,0
2.16,158.5,1
29.94,113.2,0
25.77,252.4,0
26.51,191.5,0
4.32,211.3,0
4.26,141.6,0
24.81,240.8,0
12.90,117.1,1
8.32,178.4,0
22.49,279.2,0
38.40,142.0,0
25.01,185.6,0
37.56,109.9,1
31.48,267.8,1
5.40,102.7,0
31.84,157.1,0
2.47,169.5,0
10.88,231.7,0
14.14,255.7,0
19.01,222.3,0
38.04,241.3,1
8.57,188.0,0
32.40,158.4,0
38.67,136.4,1
18.42,280.5,0
26.84,226.5,0
1.74,209.8,1
6.74,144.6,0
27.04,102.8,0
29.12,130.4,0
36.17,122.0,1
13.07,108.3,0
34.15,262.7,0
37.85,135.8,1
19.14,122.1,0
20.73,216.1,0
2.06,175.2,0
15.24,255.9,1
36.46,270.0,1
35.46,156.4,1
1.47,232.5,0
12.95,218.4,0
18.29,190.3,0
32.91,174.8,1
29.57,242.5,0
2.81,143.3,0
39.36,286.5,0
7.82,285.1,0
6.54,221.4,0
13.19,179.1,0
4.17,123.4,1
38.65,288.0,1
18.39,266.8,0
24.82,267.6,0
7.91,244.0,0
37.39,272.6,0
35.18,141.0,0
6.56,131.5,0
34.57,231.5,0
5.93,251.8,0
5.78,136.3,0
17.19,265.4,0
2.18,286.1,1
11.82,113.3,0
37.75,158.6,1
35.08,114.3,0
23.08,132.7,0
25.92,162.6,1
23.94,162.7,0
34.02,276.0,0
33.98,145.9,1
15.32,213.5,0
10.11,171.5,0
20.87,170.2,0
11.17,219.5,1
38.17,250.4,0
16.68,196.4,0
14.91,223.4,0
22.01,237.0,0
2.20,268.7,0
15.34,116.3,0
12.30,189.5,1
7.29,104.2,1
14.21,119.6,0
7.08,227.9,0
14.24,184.5,0
28.02,291.5,0
28.08,117.8,0
3.77,194.7,0
38.89,137.7,1
18.03,296.4,1
31.89,273.9,0
21.37,100.4,1
13.01,298.6,1
32.27,272.2,0
25.10,198.9,0
37.25,214.2,1
25.55,236.9,0
30.20,124.5,0
24.85,258.3,0
37.87,177.0,1
6.08,238.7,0
15.34,139.0,0
40.00,111.4,1
8.22,175.3,0
36.46,277.4,0
28.06,133.0,0
16.14,272.0,0
29.08,174.7,0
17.97,279.9,0
24.94,297.2,0
0.17,289.4,0
25.09,154.8,0
3.83,205.7,1
1.45,233.7,0
5.37,268.0,0
10.79,263.9,0
23.21,191.5,0
3.44,185.3,1
33.53,189.9,1
27.63,234.1,0
5.97,234.9,0
17.91,269.7,0
16.91,264.9,0
1.34,172.5,0
32.19,233.7,1
4.45,244.2,1
6.39,234.4,0
5.35,120.6,1
11.57,273.0,0
10.83,100.2,0
29.12,219.5,0
21.00,292.7,0
16.85,233.4,0
6.01,248.9,0
12.80,140.4,0
24.11,176.1,0
26.19,279.2,0
31.49,238.0,1
17.72,257.2,1
23.35,241.3,0
7.28,245.6,0
10.59,218.7,0
10.86,260.4,0
22.06,132.0,0
19.05,262.3,0
16.95,123.9,0
13.98,120.4,0
9.50,187.0,0
9.45,102.0,0
22.32,167.2,0
10.98,234.1,0
26.40,298.7,0
32.00,270.7,1
9.74,164.1,0
12.52,228.9,0
17.98,235.0,0
22.66,299.7,0
28.26,236.2,0
35.58,281.7,0
31.54,278.3,0
2.94,189.5,0
8.49,283.7,0
5.12,106.1,0
27.13,291.4,0
29.08,106.5,1
0.53,205.0,0
14.69,232.6,0
21.63,205.2,1
37.84,268.7,0
26.49,247.1,1
18.99,223.5,0
21.59,148.6,0
38.82,130.6,1
28.32,231.0,0
28.63,253.8,0
31.53,160.3,1
23.70,140.2,0
4.68,197.3,0
11.73,284.9,0
34.01,186.0,1
1.53,287.4,0
10.71,194.4,0
19.50,292.2,0
11.88,237.7,0
15.13,238.8,1
20.83,244.3,0
27.00,178.7,1
11.92,173.6,1
10.32,262.7,0
0.76,149.6,0
10.78,273.7,0
18.37,150.8,0
29.00,275.3,1
3.59,200.5,0
29.10,185.6,1
32.38,139.8,1
25.02,252.0,1
36.62,120.7,1
7.76,287.8,1
22.95,225.3,0
3.89,147.3,0
10.96,164.0,0
24.09,183.6,0
27.01,263.1,0
12.65,167.9,1
6.40,106.6,0
22.93,133.4,1
2.93,217.8,0
31.74,236.8,0
0.60,151.3,0
22.58,222.7,0
15.11,186.2,0
2.09,127.7,0
30.53,208.5,0
13.22,162.1,0
14.98,109.2,1
9.61,269.1,0
2.61,136.7,0
6.02,165.3,1
19.75,109.7,0
34.64,108.0,1
8.28,174.7,0
35.95,209.4,1
36.28,110.6,0
5.93,154.6,0
30.48,281.8,1
38.52,111.5,1
37.24,129.6,0
34.92,222.9,0
24.39,181.9,0
37.17,143.1,0
34.40,174.4,0
11.96,167.3,0
7.54,206.1,1
22.75,180.7,0
19.02,255.6,0
11.32,295.1,0
1.79,105.6,0
39.90,217.5,1
34.71,143.8,0
5.36,160.2,0
21.07,271.2,0
5.23,199.3,0
1.95,219.9,0
36.80,202.1,0
23.23,256.1,0
17.39,184.7,0
1.42,267.3,0
17.81,123.7,0
14.07,163.0,0
8.71,258.8,0
19.53,235.6,0
3.17,221.9,0
32.82,181.9,0
13.50,234.7,1
5.06,136.0,0
29.44,106.5,0
17.85,170.2,0
8.62,123.7,0
4.87,265.7,0
25.12,270.7,0
24.97,256.3,0
15.63,215.9,1
35.26,101.1,0
37.50,135.6,1
39.03,182.4,1
34.81,184.8,0
1.33,108.9,0
26.24,295.5,0
11.56,121.5,0
4.96,174.3,0
1.39,251.7,0
33.88,206.8,0
11.94,153.4,0
39.12,102.8,1
27.98,172.9,0
25.26,254.4,0
19.81,281.5,0
34.04,224.4,0
14.66,281.4,0
26.25,200.5,0
32.08,278.6,0
33.89,114.0,1
2.94,152.4,0
38.55,218.8,1
17.13,192.9,0
19.47,113.7,0
11.67,225.9,0
4.56,199.0,0
20.46,108.1,0
30.70,177.1,0
7.25,187.2,0
3.05,130.9,1
13.80,235.4,0
8.54,117.4,0
34.76,274.2,0
19.97,251.8,0
16.37,131.6,1
27.40,295.2,0
2.39,299.9,0
0.19,194.8,0
13.00,241.1,0
14.85,139.2,0
19.06,207.6,0
20.51,159.5,0
4.65,260.4,0
23.51,199.8,0
1.79,296.2,0
17.05,127.3,0
10.53,295.4,0
33.73,244.9,0
11.80,286.6,0
17.36,248.9,0
37.88,229.3,0
15.01,222.3,0
29.73,194.2,0
36.79,211.3,0
11.60,124.4,0
10.83,273.9,0
5.37,213.7,0
26.65,104.2,0
1.59,235.6,0
17.26,237.6,0
23.40,220.3,0
5.29,198.3,0
33.13,162.1,0
1.87,230.6,0
26.44,162.9,0
0.03,206.6,0
36.59,237.0,1
5.91,221.3,0
35.63,153.8,1
21.30,178.0,0
17.15,134.8,1
13.97,214.8,1
1.60,151.3,0
6.15,213.8,0
30.23,256.5,0
10.37,248.6,0
32.35,235.9,0
22.55,201.7,0
36.77,212.1,1
7.23,263.8,0
33.61,263.7,0
9.64,279.6,0
19.64,279.7,1
4.78,140.5,0
19.19,158.9,0
14.50,107.4,1
24.70,107.8,0
19.67,110.4,0
3.61,123.5,0
2.18,152.0,0
28.11,265.9,0
25.89,219.3,0
15.06,142.7,1
36.04,273.1,0
36.57,137.2,0
25.10,112.1,0
3.17,182.8,0
7.54,155.3,0
8.83,272.6,1
3.61,113.0,0
14.82,188.2,0
27.17,121.3,0
1.43,134.5,1
11.52,198.8,0
9.79,242.9,0
6.21,141.9,0
8.93,296.4,0
29.89,151.2,1
35.78,285.3,0
16.19,296.6,0
10.30,255.7,0
38.67,242.9,1
2.83,184.7,0
25.40,167.9,0
12.87,287.8,0
3.86,247.4,0
21.31,116.9,0
4.25,266.8,0
10.77,104.0,1
18.89,121.2,0
0.23,150.2,0
39.15,197.1,0
18.68,298.7,0
15.75,200.7,0
29.27,202.7,1
29.91,211.0,0
6.97,292.1,0
35.59,211.5,0
29.30,180.3,0
4.89,239.6,0
24.62,133.9,0
1.61,192.1,0
21.50,150.5,0
21.42,174.9,0
17.05,247.3,0
8.89,126.9,0
22.41,247.1,0
1.77,282.6,0
37.03,134.6,1
30.74,202.6,0
17.27,289.9,0
5.21,215.2,1
2.01,172.3,0
23.55,293.8,0
15.89,128.2,1
24.41,285.5,0
6.58,220.4,0
38.88,296.5,0
39.93,257.4,1
8.70,251.5,0
4.79,250.7,0
38.67,195.4,1
12.84,207.8,0
27.39,253.7,1
20.00,191.0,0
5.89,208.0,0
13.79,201.7,0
19.45,206.4,0
7.14,178.0,0
19.98,114.3,1
17.03,268.8,0
36.04,202.3,1
18.58,109.5,1
35.82,225.1,1
4.31,254.3,0
2.03,220.8,0
0.88,158.7,0
7.50,135.2,1
35.50,101.2,1
39.20,265.3,0
10.98,256.3,1
13.77,288.3,0
3.98,213.4,0
33.71,212.8,0
12.01,262.7,0
22.36,123.1,0
4.27,187.6,0
10.49,289.1,0
13.94,189.1,1
35.25,248.3,1
35.72,163.8,0
29.26,221.6,1
35.83,120.6,1
21.08,165.8,0
6.32,277.9,1
1.71,177.1,0
34.79,165.8,0
5.88,203.3,0
2.80,131.1,0
11.97,262.0,1
30.36,252.0,0
18.13,162.1,1
1.75,202.6,1
2.79,156.5,0
24.23,164.3,1
12.13,170.4,0
23.78,246.5,0
15.18,271.7,0
24.99,189.8,0
18.75,124.7,0
0.46,137.2,0
31.27,213.7,1
17.15,106.8,1
36.82,135.1,1
11.32,193.0,0
6.34,100.8,0
28.11,251.4,0
25.54,191.9,1
20.65,228.4,0
3.95,209.0,0
7.42,255.0,0
7.53,216.3,0
13.98,101.9,1
39.00,242.0,0
38.25,273.0,0
8.57,100.8,0
38.64,249.6,0
7.86,219.0,0
8.69,254.7,0
19.77,140.1,1
22.55,190.8,1
23.24,269.1,0
37.74,112.4,0
18.21,203.2,0
37.08,125.3,0
10.21,101.4,0
25.62,291.1,0
0.41,218.0,0
16.69,102.1,0
31.20,109.7,1
8.16,258.2,0
34.00,226.3,0
14.15,137.2,0
6.08,135.9,0
15.63,143.1,0
9.07,159.5,1
11.73,241.1,0
13.52,215.2,1
3.03,155.4,0
32.21,157.2,1
20.85,118.0,0
6.20,218.4,0
32.05,261.4,0
0.43,136.9,0
37.93,187.2,1
25.36,218.5,1
21.85,271.9,0
0.86,161.4,0
37.75,164.2,0
30.27,291.9,0
5.73,227.7,0
30.42,152.3,0
25.49,167.9,0
36.02,256.6,1
10.47,146.8,1
24.55,223.1,1
3.56,229.6,0
17.67,164.3,0
10.33,145.1,0
2.59,233.6,0
25.74,203.2,0
4.59,232.2,0
1.82,104.5,1
32.98,232.6,0
8.85,280.4,0
19.86,189.0,0
12.72,201.5,1
5.84,225.7,1
17.34,193.1,0
22.68,299.3,1
16.61,158.6,1
16.65,251.0,1
35.84,102.6,0
1.01,120.4,0
39.35,295.9,0
0.04,263.6,0
39.60,120.3,1
32.20,126.1,1
32.22,143.8,0
13.25,237.7,1
17.63,294.1,0
12.08,253.0,0
2.73,118.7,0
27.89,129.8,0
33.54,148.6,1
35.79,225.2,0
26.42,114.5,0
0.31,261.2,0
34.22,145.4,1
24.60,288.0,0
3.44,254.5,1
12.59,158.2,0
34.32,211.8,0
9.29,137.3,0
15.19,119.7,0
34.31,239.4,0
36.54,222.6,1
14.05,159.8,0
14.92,227.8,1
18.51,189.7,0
22.57,163.2,1
19.89,254.7,0
0.82,221.4,0
13.64,177.0,1
35.62,298.0,0
23.09,194.9,0
30.58,104.3,1
15.27,252.7,0
33.37,213.6,0
36.27,144.6,1
28.14,180.5,0
9.46,165.3,0
21.01,155.8,1
13.08,291.3,0
30.09,207.4,1
9.85,235.2,0
7.77,104.6,0
36.79,119.7,1
13.80,170.4,0
8.73,165.5,1
23.07,279.2,1
39.33,243.4,1
6.46,297.5,0
1.62,131.9,0
30.66,128.3,1
22.76,229.2,0
25.61,111.9,0
11.49,121.8,1
8.45,153.0,0
13.24,210.0,1
26.90,150.1,1
15.12,275.5,0
24.20,264.1,1
24.59,269.6,0
23.40,202.4,0
15.69,121.1,0
27.09,107.8,0
38.66,141.9,0
35.77,157.1,0
11.01,169.7,0
4.66,113.2,0
2.18,215.9,0
35.85,224.8,0
17.81,289.8,0
16.29,261.7,0
15.78,282.7,0
2.79,172.5,0
3.41,191.0,0
32.67,270.4,0
0.87,255.2,0
12.49,288.5,0
14.51,109.5,0
23.73,155.7,0
27.22,204.6,0
36.94,271.6,0
20.31,244.8,0
17.13,128.1,0
37.20,276.5,1
15.54,103.8,0
23.03,137.4,0
26.36,150.2,0
31.97,298.0,0
38.44,233.5,0
21.54,170.5,0
9.81,200.3,1
21.04,261.9,0
27.38,248.8,0
38.54,259.1,0
18.46,213.1,0
1.94,250.2,0
1.25,160.8,1
24.57,294.6,0
19.53,165.6,0
0.83,241.3,1
34.45,237.5,0
3.24,267.2,0
23.78,146.7,0
25.42,276.8,0
6.74,253.2,0
6.96,167.2,1
2.23,189.3,0
19.43,256.3,0
23.87,257.8,0
26.92,237.9,0
13.94,276.6,0
31.50,295.1,0
1.80,178.6,0
38.12,219.7,0
4.34,141.3,0
37.80,232.3,1
39.40,152.3,1
11.32,241.7,1
37.59,252.7,0
1.03,191.1,1
19.82,165.0,0
13.66,294.5,0
12.41,242.0,1
20.01,136.0,0
2.70,269.9,0
0.18,118.6,0
38.69,289.0,0
1.00,225.5,0
30.07,128.0,0
33.23,123.0,1
31.75,162.0,0
20.09,127.8,0
16.16,262.8,0
5.84,261.7,0
9.97,267.2,0
11.42,178.2,0
25.97,282.2,0
21.68,292.1,0
9.94,186.8,0
25.73,143.2,0
6.22,178.0,0
4.73,181.1,0
23.47,247.1,0
23.96,112.1,0
31.27,213.1,0
38.25,137.0,1
19.89,208.0,0
35.46,187.7,0
39.97,198.6,0
31.93,183.5,0
7.18,195.4,1
14.05,230.5,0
36.59,107.8,1
35.75,268.6,0
13.61,132.1,0
10.05,155.7,0
18.71,241.3,0
10.93,251.8,0
18.07,113.6,1
39.16,119.2,1
13.73,139.2,0
1.14,162.0,0
6.65,161.4,0
11.95,249.8,1
30.25,117.7,0
12.71,278.3,0
5.04,276.7,0
18.98,129.0,1
11.00,214.4,0
15.78,226.7,0
13.49,149.1,0
25.03,198.2,0
39.94,130.1,0
30.03,119.0,0
23.61,192.5,0
24.00,119.7,1
26.31,177.5,0
10.63,199.3,0
6.20,156.5,0
20.18,156.2,0
5.08,164.5,0
36.54,296.5,1
19.17,199.0,0
19.30,207.5,1
34.24,240.4,0
6.99,262.7,0
12.58,217.3,1
38.27,250.9,0
9.12,282.2,1
34.75,135.8,1
10.70,229.2,0
6.83,188.6,0
16.26,225.7,0
37.95,233.9,0
35.33,102.1,1
14.07,191.2,0
27.83,209.0,1
37.80,144.2,0
21.73,178.8,0
32.40,213.8,0
32.83,134.3,1
32.34,142.4,0
13.65,168.0,0
14.19,178.3,0
24.80,187.1,0
16.30,181.0,0
24.70,121.9,0
38.16,240.8,1
10.79,191.4,0
27.13,276.7,0
26.58,172.7,0
8.45,121.2,0
33.01,147.8,1
17.20,251.7,0
22.84,293.6,1
12.51,104.5,0
11.30,125.9,0
12.85,282.5,0
4.92,130.8,0
7.86,268.2,1
5.13,276.9,0
31.27,207.3,0
12.69,222.2,0
25.26,254.6,0
14.80,103.2,0
33.41,216.2,1
31.57,239.0,1
7.31,261.9,0
19.98,257.1,1
36.48,201.0,0
9.23,154.7,0
35.22,159.5,1
5.19,294.0,0
30.02,275.9,0
4.54,197.1,0
35.53,117.5,1
31.51,261.5,1
20.06,104.8,0
2.53,130.6,0
18.14,194.5,0
27.70,295.3,1
22.63,203.3,0
8.60,154.7,0
16.60,187.9,1
4.76,102.5,0
11.04,115.7,0
22.30,287.1,0
10.61,111.7,1
9.64,106.6,0
38.08,103.2,0
3.07,272.2,0
10.91,266.0,0
11.43,135.9,0
6.36,111.4,1
24.41,155.7,0
1.66,132.7,0
31.51,297.1,0
35.65,171.5,1
30.02,292.4,1
5.74,155.1,0
15.28,204.6,0
14.16,181.0,0
21.81,114.0,1
29.13,221.0,1
5.19,162.5,0
14.95,110.3,0
24.41,223.7,0
28.47,136.0,0
16.90,106.4,0
4.07,116.9,0
27.86,128.0,1
1.53,216.0,1
38.34,275.1,1
1.67,148.0,0
4.91,153.7,0
29.29,133.3,0
32.84,251.1,1
11.09,193.9,0
28.69,254.8,1
18.21,178.0,0
35.06,117.7,0
39.51,298.5,0
26.05,259.4,1
10.43,227.3,0
4.44,246.4,0
27.22,148.8,0
26.46,162.5,0
37.05,188.5,1
21.21,194.1,1
4.03,187.4,0
38.06,233.9,0
3.75,245.2,0
16.36,270.6,0
5.53,289.6,1
39.70,131.7,1
4.14,227.5,0
31.82,263.9,0
19.45,187.3,0
26.01,225.1,0
26.78,231.3,0
32.94,105.0,1
18.38,236.7,1
20.65,143.1,0
8.75,187.3,1
28.63,151.4,1
9.21,212.8,0
3.95,177.3,0
28.42,154.5,0
31.87,187.7,0
14.58,143.4,0
2.53,116.1,0
13.15,278.6,0
8.81,225.7,0
28.26,193.3,1
5.89,133.8,1
17.81,194.4,0
12.38,230.9,0
15.57,285.5,0
15.81,165.7,0
9.25,175.3,0
23.21,220.7,0
16.06,266.3,0
29.23,280.8,0
7.80,295.8,0
5.76,252.1,0
31.60,254.3,0
5.87,263.3,0
5.39,277.5,0
21.37,227.9,0
7.75,276.5,0
6.98,230.9,0
34.64,122.5,0
3.74,202.5,0
32.07,283.1,1
6.25,265.4,0
21.08,144.4,0
25.87,193.8,0
1.04,126.4,0
20.35,294.4,0
23.52,143.0,0
35.81,249.5,1
38.36,246.7,1
31.01,170.6,0
21.55,158.0,0
32.91,226.1,0
16.89,250.4,0
4.22,244.1,0
28.38,175.3,0
23.86,293.4,0
0.92,125.0,0
12.37,205.4,0
12.23,255.6,1
30.67,268.1,0
23.26,100.1,0
13.91,243.7,0
32.52,151.1,0
5.87,270.1,0
31.97,184.9,0
3.33,150.2,0
18.25,158.4,0
39.14,201.9,1
19.99,116.3,1
31.10,171.5,0
33.09,250.8,0
4.72,254.9,0
37.84,158.8,1
38.94,229.9,0
1.87,293.7,0
34.91,110.6,0
15.43,288.5,0
0.63,252.6,0
21.55,190.5,0
0.21,109.9,0
14.12,160.1,0
16.65,213.3,0
32.11,269.1,0
16.69,194.6,1
24.86,287.2,0
11.58,183.7,0
26.47,290.3,0
27.47,119.7,0
35.14,103.6,1
26.63,233.1,0
1.38,230.7,0
12.94,217.7,0
24.74,122.9,0
22.57,129.3,0
15.98,282.9,0
35.05,113.2,1
21.75,140.3,0
19.33,299.2,1
14.62,249.2,0
30.17,291.7,0
17.62,236.1,0
30.30,104.8,0
13.76,161.9,0
8.04,154.3,0
39.87,288.4,0
30.02,271.2,0
5.53,116.8,0
17.35,254.3,0
3.30,271.2,0
36.20,200.8,1
6.55,268.0,0
12.63,275.8,0
24.94,126.4,0
37.94,255.8,0
13.85,221.5,0
24.50,193.2,1
7.35,159.5,0
22.88,286.0,0
0.69,211.4,0
14.43,284.7,0
32.66,171.9,1
27.37,120.9,1
27.58,149.1,0
13.93,281.7,0
25.77,186.3,0
1.09,102.8,0
25.43,122.1,1
14.32,137.9,0
28.99,243.4,1
5.49,229.9,0
27.75,127.0,1
18.66,115.8,0
13.91,172.6,0
15.81,177.8,0
3.54,228.1,0
24.09,209.3,0
17.62,145.6,0
8.68,164.1,0
14.63,237.1,0
36.63,120.1,0
19.41,180.9,1
0.47,261.0,0
30.72,127.3,0
14.53,183.7,0
10.44,113.5,0
30.17,120.2,0
37.71,168.7,1
27.07,133.8,0
29.42,208.8,1
16.06,274.7,1
14.94,142.5,0
15.49,119.4,1
1.05,141.5,0
16.14,207.4,0
18.80,257.2,0
35.18,287.7,1
31.58,242.2,0
25.86,180.7,0
35.27,216.0,1
12.22,244.3,0
34.97,149.8,1
30.52,232.5,0
2.90,171.8,0
6.52,280.4,0
12.70,282.6,0
26.78,276.2,0
25.97,175.8,0
7.03,260.3,0
30.49,116.1,0
25.87,148.0,0
26.79,134.6,0
6.96,136.7,0
27.83,110.3,0
20.86,211.0,1
9.86,235.3,0
34.34,240.7,1
33.96,110.6,1
39.82,234.2,0
20.45,244.4,0
19.85,242.7,0
14.17,240.6,0
12.19,260.9,0
3.01,250.4,0
13.61,229.1,0
11.65,148.8,0
4.47,242.3,0
20.66,119.7,0
12.07,279.5,0
32.87,204.3,1
39.79,106.0,1
28.20,203.8,1
11.59,299.7,0
4.66,103.8,0
16.14,226.2,1
3.33,250.1,0
4.48,182.1,0
19.58,220.3,0
8.89,235.7,0
35.19,126.3,0
28.10,212.1,0
4.30,213.9,0
12.20,179.6,0
8.04,133.1,0
10.11,201.5,1
3.65,120.6,0
7.96,256.5,1
15.09,184.6,0
33.31,100.7,1
16.52,123.6,1
26.86,166.5,1
36.24,142.1,0
30.54,277.0,0
30.73,144.8,0
12.48,128.0,0
15.77,140.0,0
29.97,226.4,1
24.37,151.1,0
22.96,223.8,0
11.51,274.6,0
37.11,267.6,0
0.36,254.7,1
33.61,265.6,0
5.35,159.8,0
4.66,131.6,0
14.00,204.7,1
20.32,125.7,0
32.49,283.0,0
35.76,202.0,0
25.01,114.3,0
26.83,207.1,1
11.91,235.5,1
15.12,296.7,0
4.03,193.8,0
33.12,114.2,0
39.35,131.6,1
18.36,167.1,1
31.10,298.7,0
17.47,215.4,0
23.49,151.1,0
31.83,219.7,0
17.61,120.0,0
25.07,224.2,0
22.28,207.0,1
35.60,134.2,1
37.25,266.6,0
9.47,205.8,0
21.44,282.3,0
9.64,256.0,0
34.18,286.2,0
18.61,266.8,0
10.59,275.6,0
18.02,129.6,0
23.30,251.9,0
18.58,224.8,0
0.66,253.3,0
9.21,296.8,1
38.31,296.7,0
4.57,199.7,0
39.20,246.7,0
12.84,132.0,0
24.98,172.3,0
1.87,199.5,0
4.85,232.6,0
3.66,135.0,0
7.70,279.4,1
2.02,212.0,0
10.37,269.7,1
25.10,232.1,0
35.93,298.7,0
4.28,113.8,0
12.28,176.8,0
33.30,275.2,0
5.54,297.7,0
14.61,269.0,0
32.63,101.2,0
29.47,115.9,0
19.98,210.0,1
20.83,128.8,0
6.66,291.1,0
28.57,244.0,0
19.53,180.8,1
20.22,282.2,0
17.79,108.3,0
32.97,188.8,1
20.23,279.6,0
34.48,262.8,0
20.55,276.0,1
23.92,102.1,1
29.72,168.8,0
19.64,159.5,0
14.63,138.3,1
19.97,122.7,0
28.01,232.0,0
37.46,127.2,1
15.65,135.7,0
21.73,253.5,0
30.84,280.8,0
39.98,283.1,1
3.10,178.7,0
13.75,131.5,0
39.69,118.6,1
21.76,191.6,0
28.96,188.0,0
34.76,240.6,0
39.52,208.3,0
35.01,268.0,1
39.53,239.3,1
28.22,103.5,1
15.51,283.1,0
23.35,113.9,0
10.21,264.7,0
39.99,219.3,0
4.39,281.0,1
35.34,254.7,0
16.16,254.4,0
34.42,111.1,1
6.45,192.7,0
35.47,258.4,1
28.22,264.2,0
25.18,100.2,0
33.74,201.0,1
36.02,220.2,0
39.77,260.9,0
9.49,118.1,1
18.43,149.2,1
0.08,161.3,0
9.91,154.3,1
9.05,202.9,1
9.50,284.7,0
20.37,183.9,0
5.68,160.9,0
2.54,276.4,1
26.65,206.0,1
11.16,245.0,0
11.43,170.1,1
22.42,240.8,0
21.14,151.4,0
16.09,188.5,0
9.39,122.6,0
13.48,165.7,0
0.86,174.3,0
30.40,156.0,0
39.44,260.7,1
3.06,184.4,1
36.82,296.2,0
36.87,200.8,1
26.23,121.5,1
15.50,278.9,0
27.18,219.6,1
3.21,299.3,0
6.97,161.0,0
27.03,251.9,0
17.52,259.3,0
16.01,119.8,0
32.12,120.4,0
24.04,289.4,0
24.89,130.1,0
18.14,106.1,0
23.93,113.1,0
29.03,214.3,0
28.79,293.3,0
33.92,227.3,1
28.36,223.6,1
7.80,265.7,0
10.95,135.2,0
37.96,147.4,0
34.22,104.2,0
21.88,256.1,1
34.37,183.4,0
39.72,294.1,1
19.03,259.7,0
4.93,113.4,1
25.42,165.0,0
14.30,216.6,0
37.25,244.8,0
12.64,262.1,0
37.44,201.4,0
4.01,158.2,0
4.03,143.6,0
16.71,183.1,0
15.35,239.1,0
2.53,169.2,1
12.92,131.3,1
22.40,238.6,0
39.25,261.3,1
23.81,231.0,1
38.63,227.7,1
13.78,163.4,0
5.06,178.9,0
6.33,280.4,0
5.28,123.0,0
33.16,277.4,0
19.14,143.3,0
36.60,234.3,0
5.31,141.9,1
37.74,129.4,0
1.61,271.7,0
37.92,292.6,0
38.10,205.7,0
24.79,298.9,0
14.04,287.9,0
9.35,133.7,0
11.90,231.0,0
36.34,297.7,0
17.40,243.3,0
18.98,280.4,1
3.78,143.7,0
39.44,233.6,1
26.73,170.9,0
21.87,167.1,0
21.71,204.4,0
17.71,190.5,0
22.53,171.6,0
1.18,145.5,0
2.58,121.8,0
6.39,279.6,0
37.62,252.8,1
29.63,204.2,0
31.57,291.2,0
23.89,160.1,0
16.00,248.0,0
19.02,282.2,0
18.69,294.6,1
21.61,204.6,0
4.40,213.3,1
13.54,199.4,1
3.08,122.9,0
19.21,287.8,0
28.54,222.4,0
34.61,233.3,0
5.33,292.0,0
23.73,227.6,1
8.03,103.9,0
2.59,175.0,0
2.03,240.7,0
37.55,265.1,1
22.79,266.8,0
6.71,220.8,1
39.08,123.4,1
14.52,285.9,1
6.26,257.9,0
19.78,131.8,0
26.76,192.9,0
12.19,110.3,0
6.93,147.6,0
30.93,183.0,1
15.51,277.9,0
11.12,187.2,0
34.90,276.6,1
25.03,224.6,0
17.17,158.0,0
32.94,161.7,1
34.16,124.0,0
28.97,106.9,1
18.61,263.6,0
37.39,128.1,1
5.65,165.0,0
2.70,108.5,0
14.70,109.1,1
21.36,144.9,0
16.59,293.0,0
39.71,198.0,0
18.53,200.0,0
30.87,186.5,0
38.76,151.1,1
27.92,158.1,0
25.70,200.0,0
26.63,188.9,1
31.86,220.6,0
24.91,273.7,0
9.70,266.3,1
17.52,196.6,0
2.68,207.2,0
0.11,118.2,0
20.49,243.2,0
0.80,269.6,0
2.22,299.9,0
27.58,221.4,0
28.99,273.4,0
7.30,204.5,0
2.87,149.4,0
25.49,180.2,0
2.45,207.4,0
27.94,200.5,1
28.63,168.0,0
32.31,148.2,0
31.74,156.8,0
12.48,153.5,0
25.34,154.3,0
38.27,250.1,0
20.94,280.8,0
39.20,193.3,0
14.07,177.5,0
11.32,291.3,0
11.50,228.8,0
25.64,266.3,0
36.38,149.8,1
11.97,273.5,0
7.07,171.6,0
1.21,283.6,0
18.67,272.0,0
30.47,101.3,0
1.78,140.0,0
22.21,216.3,1
12.76,152.3,1
27.03,178.9,0
20.83,112.4,1
4.26,252.4,0
37.61,254.5,0
8.90,186.5,0
21.41,105.5,0
5.87,179.5,0
23.40,209.3,0
38.10,140.9,1
35.60,252.0,0
39.91,157.5,1
14.23,237.2,1
25.59,208.7,1
11.03,279.9,0
12.10,231.4,1
15.84,204.0,0
35.59,240.4,1
35.36,229.3,1
37.26,184.9,1
15.42,199.1,0
22.11,268.5,0
16.82,255.2,0
32.34,204.2,1
35.00,269.9,0
6.60,120.3,0
15.22,238.3,0
3.67,191.6,0
13.53,259.2,0
36.57,109.1,1
19.24,125.7,0
24.43,183.7,0
34.55,120.4,0
2.30,106.5,0
11.54,272.4,0
39.34,157.6,0
32.44,239.1,0
17.90,122.1,1
34.80,273.5,0
33.34,148.3,1
17.65,165.0,0
26.79,141.6,0
24.75,155.8,0
7.15,159.9,1
5.58,236.3,1
29.13,116.2,0
12.80,138.7,0
30.87,193.4,1
29.76,228.2,0
34.88,188.5,1
16.29,122.9,0
32.63,135.1,1
23.99,121.4,0
35.16,249.8,1
8.42,112.6,0
0.60,268.9,0
11.96,184.6,0
13.46,281.1,0
1.41,298.5,0
3.26,224.7,0
5.64,291.7,0
25.08,236.7,1
11.15,135.8,0
30.71,257.5,0
17.37,202.6,1
25.68,178.4,0
21.76,147.2,0
35.17,140.1,0
2.69,201.8,0
12.70,218.7,1
5.49,107.3,0
23.53,266.1,0
22.52,178.5,0
27.06,258.2,1
26.67,118.9,1
10.49,119.5,0
9.36,122.4,1
6.96,209.3,0
14.00,280.4,1
23.07,176.6,0
33.73,258.8,1
17.51,114.5,0
7.56,230.6,0
29.01,210.9,0
35.89,201.7,1
1.10,269.9,0
29.56,245.9,0
9.71,264.6,1
17.41,203.1,0
19.61,154.8,0
13.65,276.9,0
7.47,270.7,0
16.73,268.1,0
13.45,165.7,1
8.28,298.6,0
24.20,153.7,0
8.92,188.2,0
1.16,275.3,0
36.27,218.4,0
26.30,111.4,1
16.57,145.5,0
31.90,143.5,0
27.46,224.5,0
21.43,142.7,0
10.72,129.5,0
33.20,105.8,1
15.06,139.5,0
31.30,220.9,1
29.75,144.7,0
27.84,282.6,0
2.71,252.6,0
5.85,287.0,0
39.84,151.2,0
34.85,267.1,0
18.23,195.5,0
27.69,256.2,0
39.93,119.9,0
12.83,165.4,0
12.49,259.4,0
18.79,245.5,0
35.82,290.7,0
12.06,171.8,0
32.52,215.7,1
12.35,195.9,0
12.58,229.0,1
32.58,115.6,0
22.34,160.4,1
37.32,138.7,1
39.68,274.4,0
38.50,163.8,0
2.23,165.0,0
7.81,248.9,0
25.18,222.8,0
23.09,254.5,0
29.80,184.3,0
10.53,199.4,1
8.68,158.4,0
0.83,232.8,0
16.51,220.4,0
17.14,102.0,1
6.87,138.0,0
36.86,170.8,0
18.76,264.1,0
15.31,201.5,0
18.62,235.4,0
28.09,133.4,1
28.92,232.1,0
10.85,235.4,1
2.09,295.8,0
36.09,293.5,1
28.03,297.1,1
5.38,148.4,1
2.23,197.6,0
1.93,111.6,0
24.22,270.0,1
36.74,114.4,1
8.05,221.2,0
30.62,267.7,1
11.64,222.1,1
5.10,248.8,0
16.89,158.9,0
6.24,142.0,0
14.31,141.4,0
34.13,277.3,0
23.42,293.4,0
1.49,271.8,0
13.14,124.4,0
1.46,128.8,0
21.49,192.1,0
33.05,293.7,0
29.33,236.0,0
24.19,150.1,1
13.03,143.1,0
11.83,196.1,0
6.09,242.9,1
39.02,119.6,0
37.82,172.5,0
5.89,137.3,0
36.70,178.7,1
25.59,164.8,0
11.12,192.4,0
12.98,117.6,0
31.50,221.2,0
38.61,226.2,1
30.63,161.5,1
3.74,225.3,0
34.14,197.4,0
19.07,297.5,0
24.23,190.0,0
20.68,274.1,0
39.21,228.5,1
7.22,252.4,0
19.25,265.7,0
24.76,287.4,0
36.87,140.1,0
27.26,219.2,0
2.84,194.6,0
7.71,122.2,1
5.08,133.4,0
11.19,216.9,0
34.13,194.2,0
37.36,128.2,1
9.02,278.3,0
22.38,135.6,0
9.74,100.9,0
22.69,148.7,1
39.03,245.1,1
38.69,175.2,0
11.23,198.5,0
15.97,165.6,0
32.41,122.3,0
36.35,237.3,1
14.52,243.9,0
9.77,230.8,0
37.23,194.8,0
39.85,109.9,1
14.48,278.9,0
13.28,113.7,0
1.50,167.6,0
12.12,104.5,0
33.22,273.5,0
32.99,214.4,1
18.71,134.0,1
29.14,229.1,0
25.28,174.5,0
0.71,156.5,0
29.69,234.2,0
34.69,127.4,0
15.03,127.3,0
33.38,102.4,1
22.38,177.4,0
24.08,152.8,0
26.52,176.3,0
24.86,258.9,0
38.25,130.4,0
13.17,237.2,0
34.96,231.6,0
23.32,187.3,0
12.08,200.7,0
28.93,176.6,1
14.24,288.3,0
11.27,230.4,0
18.95,267.0,0
11.46,130.4,0
6.74,136.4,0
13.28,203.2,0
39.64,190.8,0
36.49,211.4,0
29.42,170.2,0
23.49,274.3,0
15.05,108.2,0
22.58,157.7,0
34.92,208.4,1
17.59,207.4,0
14.57,230.3,1
27.17,298.8,0
5.32,141.2,0
10.14,142.4,1
4.48,227.3,0
25.65,241.3,0
39.46,181.5,1
14.75,178.2,0
13.92,184.4,0
6.66,252.2,1
29.40,142.0,0
31.73,227.7,0
31.09,121.8,1
23.18,249.6,0
18.68,284.9,0
16.46,226.9,0
19.56,282.5,0
35.62,239.2,1
19.48,255.2,0
35.50,197.6,0
8.08,258.8,0
12.35,117.7,0
11.60,142.6,0
23.70,287.1,0
34.33,185.2,1
19.69,274.3,0
22.72,105.7,0
34.26,265.9,1
38.08,102.8,1
12.55,237.4,0
11.48,251.1,1
18.61,149.8,0
19.35,292.4,0
13.72,205.9,0
1.87,137.1,0
10.89,252.9,0
0.83,125.6,0
11.52,268.9,0
10.01,125.1,0
6.19,130.7,0
33.66,236.8,0
18.90,230.4,0
24.28,223.8,0
20.98,178.7,0
16.74,204.2,0
28.09,189.7,0
2.55,189.4,0
26.09,194.0,0
0.59,196.5,0
11.51,197.0,0
1.31,159.4,1
20.41,279.5,1
32.86,230.9,0
27.12,274.7,0
9.28,187.8,1
3.70,200.0,0
8.06,142.8,0
5.62,230.3,0
15.26,159.9,1
28.99,151.0,1
21.85,141.0,0
33.57,284.1,1
21.81,111.0,1
4.81,102.2,1
15.14,118.7,1
5.08,193.8,0
21.96,164.2,1
12.54,158.8,0
14.42,129.7,0
8.57,264.8,0
27.33,261.6,0
29.00,159.7,1
18.32,238.2,0
36.05,278.6,0
8.13,244.3,0
5.95,273.6,0
35.55,237.8,1
37.12,206.5,0
29.87,200.9,0
1.72,231.3,0
25.42,116.5,1
10.71,231.7,0
30.39,101.1,1
9.27,161.2,0
32.46,289.6,0
29.05,173.4,0
27.42,144.7,0
24.18,215.2,0
16.64,155.9,1
33.51,166.5,0
36.90,104.5,1
18.81,204.1,0
34.32,148.8,1
6.44,191.7,1
15.36,279.2,0
39.87,289.8,1
3.64,266.4,0
4.69,118.6,0
38.12,189.7,0
0.45,197.1,0
3.61,294.9,0
8.73,212.0,1
13.13,290.0,0
26.28,150.3,0
33.26,161.6,1
37.61,261.2,0
34.00,161.3,0
16.89,239.3,0
26.76,291.6,0
32.19,269.6,1
4.50,249.9,0
1.72,130.0,0
13.48,241.6,1
13.79,236.9,1
30.40,119.3,0
4.25,246.1,0
24.11,228.4,0
1.31,177.9,1
30.21,103.8,1
22.92,208.5,0
16.16,116.6,0
37.90,204.3,0
13.08,126.8,0
3.00,286.0,0
11.40,233.4,0
17.27,109.6,0
25.46,137.6,0
1.88,247.8,0
6.90,180.6,0
23.34,288.7,0
10.99,273.0,1
33.26,101.0,1
24.29,297.7,0
25.26,116.2,0
4.42,156.2,0
10.43,162.2,0
14.05,129.2,0
19.78,295.9,1
31.05,107.6,1
39.69,236.3,0
31.14,198.7,1
9.07,263.1,0
9.97,262.1,0
20.80,154.8,0
31.16,209.6,1
29.07,252.3,1
5.23,223.9,0
16.03,296.3,0
19.80,176.6,0
12.37,117.5,0
18.94,265.1,0
22.52,159.6,1
38.08,147.2,0
38.70,278.7,0
5.46,267.6,0
28.02,257.9,0
1.01,292.8,0
1.13,101.2,0
19.32,164.5,0
36.51,157.9,1
35.11,167.3,0
18.16,144.7,0
0.93,120.1,1
15.81,107.1,0
32.28,177.3,1
1.67,194.7,0
23.57,131.7,0
14.70,297.9,0
24.61,191.1,1
11.64,129.1,0
31.32,202.7,0
3.47,211.6,0
7.54,179.2,0
39.14,152.1,1
32.25,281.3,0
25.04,217.4,0
38.58,257.1,1
36.41,182.0,0
5.38,149.7,0
33.51,274.7,0
13.47,231.2,0
9.45,257.5,0
9.18,130.3,0
21.85,285.9,1
32.90,296.1,0
15.15,171.7,0
25.24,221.2,0
13.80,106.5,1
24.68,164.4,1
11.47,171.2,0
20.90,290.6,0
14.34,264.6,0
16.49,145.1,0
25.77,271.8,0
30.47,125.1,0
36.67,210.9,1
18.59,151.9,0
6.00,183.2,0
4.07,222.9,1
30.47,293.9,1
5.94,151.1,0
31.90,119.3,1
28.72,184.4,0
21.74,233.7,0
20.14,173.4,0
13.55,298.5,0
1.55,292.1,0
2.57,112.7,0
2.81,168.6,0
9.37,124.6,0
13.52,251.0,0
23.67,120.8,0
21.30,222.4,0
33.77,252.8,1
2.48,189.8,0
17.06,280.1,0
3.34,210.7,0
18.00,281.0,0
34.77,219.9,1
13.12,177.7,0
28.68,294.4,0
3.08,149.5,0
21.87,121.2,0
9.12,137.8,1
16.85,149.3,0
18.63,124.4,0
2.03,291.6,0
26.58,102.8,0
30.52,135.7,0
17.57,289.9,1
3.41,247.4,0
23.16,204.2,0
32.33,186.9,1
20.80,117.6,0
1.80,173.7,0
38.02,192.4,1
17.55,149.6,0
39.02,272.3,0
26.23,230.3,0
11.97,147.5,0
24.64,117.3,1
2.14,271.5,0
7.90,119.7,0
38.20,159.2,0
13.53,124.6,1
15.98,119.7,0
27.86,260.1,0
34.07,173.2,0
39.43,117.6,0
6.73,294.0,0
25.22,235.1,0
20.30,186.7,0
9.17,184.0,0
34.89,180.9,0
14.17,115.2,0
9.98,276.8,0
39.17,233.7,1
4.16,213.2,0
30.57,252.9,0
16.78,224.7,0
8.67,116.7,0
34.25,204.3,1
22.29,161.4,0
36.52,105.8,0
11.63,138.1,0
18.21,270.0,0
39.24,222.3,0
32.33,142.1,0
10.22,159.6,0
35.40,221.4,0
15.25,257.3,0
29.69,171.0,1
30.83,143.1,0
24.33,275.3,0
3.34,123.3,0
6.09,191.6,0
19.62,127.0,1
22.94,298.8,0
10.57,138.2,0
15.38,247.2,0
5.36,230.3,0
15.73,154.9,0
24.32,250.5,1
18.96,157.1,1
5.89,193.7,1
12.08,164.9,0
33.48,182.5,1
16.75,274.5,1
15.88,149.5,0
2.61,125.6,1
35.20,134.0,1
31.34,115.2,0
17.10,112.1,0
34.51,231.3,1
14.76,103.8,1
24.10,206.0,1
5.11,176.2,0
37.44,105.4,1
37.01,200.1,0
29.96,112.2,0
26.06,296.4,0
10.25,141.7,0
29.28,117.8,0
30.64,276.0,0
10.52,219.0,1
11.16,125.1,0
16.80,155.6,0
28.10,214.0,0
27.70,180.3,0
20.81,178.8,0
15.69,281.5,0
11.21,100.5,0
3.76,227.5,0
30.13,191.3,1
9.46,168.4,0
22.70,169.2,0
16.79,178.6,0
31.39,239.4,0
29.89,161.3,0
27.85,298.2,0
1.71,114.4,0
27.17,259.9,0
29.13,175.7,0
5.77,261.5,0
12.54,218.4,0
0.28,254.0,0
29.98,132.5,0
0.36,185.7,1
39.58,230.0,0
5.23,210.8,0
9.24,169.0,0
27.11,118.7,0
10.69,101.8,0
39.83,256.8,0
16.74,195.1,0
12.70,134.9,0
3.04,243.6,0
23.55,253.9,0
39.86,164.6,0
5.44,211.8,1
34.57,283.7,1
39.86,223.3,0
10.82,235.4,1
1.92,229.1,0
18.50,284.9,0
11.39,266.5,1
24.81,172.4,0
24.97,221.4,0
36.46,142.0,0
17.06,253.2,1
2.93,296.0,0
10.54,231.8,0
34.44,135.7,0
10.46,230.3,0
6.75,241.6,0
17.56,294.5,1
29.25,257.8,0
14.49,296.5,0
3.84,132.0,0
20.47,257.9,0
0.46,121.5,0
21.22,187.5,0
2.30,165.9,0
0.95,146.0,0
37.92,250.1,0
6.62,271.0,0
18.26,145.6,1
1.37,181.5,1
30.02,162.1,0
0.11,131.3,0
9.19,263.0,0
8.39,189.6,1
3.88,198.4,0
37.95,182.2,0
3.32,177.8,0
21.27,229.4,1
34.51,179.0,1
12.61,239.1,0
11.68,288.6,0
18.68,241.6,0
3.52,251.4,0
24.20,106.1,0
17.17,148.8,0
27.71,154.9,0
5.48,148.5,0
24.98,114.8,0
39.15,178.0,0
2.92,295.9,0
31.28,159.6,1
31.84,259.2,0
25.66,257.0,0
20.99,204.5,0
11.45,264.5,0
26.25,241.6,0
2.01,178.4,0
20.10,194.1,0
24.85,129.9,0
36.81,195.7,1
9.13,114.9,0
21.72,160.4,0
7.15,236.5,0
30.28,163.4,0
20.64,149.4,0
3.16,192.1,0
4.43,151.0,1
13.74,183.4,0
36.81,202.2,0
20.00,278.9,0
13.46,290.7,0
13.15,129.7,0
17.70,242.8,0
31.54,180.0,0
8.74,104.9,1
15.12,257.7,0
18.61,157.0,1
32.39,291.9,1
38.86,128.3,1
8.42,154.7,0
28.11,209.7,0
37.93,226.9,1
13.15,239.5,0
36.40,182.2,1
30.12,121.3,0
36.29,231.3,0
26.06,154.7,0
35.41,273.6,1
14.10,258.2,0
1.87,164.5,0
21.93,163.3,1
19.21,164.1,0
16.32,234.3,0
19.16,223.8,0
1.94,205.7,0
14.23,276.4,0
27.50,190.3,0
37.10,111.8,1
24.40,281.7,1
7.44,144.8,0
12.79,204.2,0
13.64,209.8,0
35.28,140.0,0
14.44,132.4,0
11.45,202.4,0
38.14,274.6,1
27.71,229.9,0
23.37,191.4,0
20.37,290.1,0
30.67,226.9,0
39.79,226.6,1
20.89,180.4,0
27.39,107.5,1
34.16,247.6,1
3.39,100.8,0
36.93,186.8,1
18.87,127.9,0
31.85,246.4,0
31.23,190.5,0
38.74,112.4,1
1.44,125.3,1
21.89,260.0,0
39.96,110.9,1
8.00,246.6,0
19.85,182.7,0
38.51,144.3,0
1.79,234.0,0
18.31,293.2,0
15.41,212.6,0
32.25,260.0,0
1.60,171.1,0
37.57,118.9,0
35.06,257.8,0
0.12,168.8,0
36.20,103.2,0
1.25,278.6,0
4.95,261.7,1
17.37,296.7,0
11.01,158.5,0
21.90,193.4,0
22.57,288.7,0
20.90,281.3,0
26.80,271.4,0
33.37,211.9,0
14.45,244.8,0
31.37,220.6,0
6.82,161.0,0
39.47,107.9,1
35.88,147.1,0
23.21,200.2,0
12.61,108.9,0
38.92,228.9,0
36.87,135.4,0
23.58,249.3,1
37.62,181.0,0
11.34,248.6,0
28.34,235.0,0
13.72,129.7,0
26.43,127.1,0
5.30,261.9,0
8.06,224.9,1
9.74,109.4,0
14.29,159.4,0
33.89,243.4,1
27.98,164.1,0
32.02,169.3,1
0.78,189.7,0
26.24,202.8,0
2.56,283.4,0
5.25,231.3,0
33.80,290.5,0
23.88,220.0,0
22.98,146.0,0
13.48,199.3,0
30.36,199.1,1
27.48,182.1,0
30.89,173.0,1
30.05,176.4,0
38.75,225.1,1
35.55,220.0,1
8.54,249.1,0
1.69,264.6,0
7.64,247.8,0
22.59,169.9,0
22.95,225.2,1
28.81,276.3,0
30.99,222.1,0
34.12,295.8,0
32.21,219.6,1
36.59,193.6,1
25.97,210.5,1
38.81,163.7,0
24.78,254.3,0
26.35,271.4,0
22.66,182.2,0
1.05,186.3,0
3.88,187.4,0
23.59,238.3,0
5.77,263.7,1
21.61,233.0,0
34.81,153.8,0
33.41,263.3,0
31.36,104.6,1
35.22,289.1,0
32.51,160.1,0
26.00,163.7,1
19.61,143.4,0
22.29,130.4,0
0.53,207.2,0
23.57,267.1,0
28.49,180.1,0
37.05,160.2,1
1.56,226.2,0
25.97,200.0,1
36.35,106.3,0
8.64,286.6,0
20.61,129.4,1
30.02,222.8,0
17.18,277.4,0
11.36,237.2,0
6.49,109.3,1
32.67,188.9,1
5.57,179.8,0
18.18,156.7,0
11.28,260.7,0
12.92,274.0,0
29.01,178.6,0
25.50,148.0,0
9.75,256.1,0
12.27,128.7,0
13.08,290.4,0
5.16,251.5,0
24.49,133.7,0
10.89,202.5,0
25.81,140.4,0
1.33,172.9,0
37.12,268.6,1
34.76,233.9,1
24.01,155.4,0
5.41,300.0,0
38.48,174.8,1
27.19,165.5,0
4.20,279.7,0
3.18,118.3,0
21.29,225.3,0
1.41,264.1,0
16.80,280.2,0
37.06,231.8,0
5.20,129.2,0
26.81,158.2,0
39.08,273.7,0
6.66,144.0,0
32.07,109.4,1
14.81,160.7,0
11.07,270.1,0
7.81,180.8,0
19.35,146.8,0
37.24,100.4,1
11.03,237.0,0
34.07,117.1,1
32.94,115.9,0
22.80,166.6,1
4.80,258.0,0
32.56,268.0,0
14.32,196.5,0
7.00,121.5,0
4.39,233.7,0
39.25,173.7,0
16.56,121.6,0
36.90,251.3,0
4.48,183.4,1
9.20,115.8,0
25.56,299.3,0
37.50,180.7,0
27.22,278.3,0
2.83,176.2,0
3.90,102.8,0
30.50,100.8,0
37.66,264.8,0
6.46,200.5,0
29.14,116.7,0
14.42,246.4,0
15.94,288.8,1
22.14,177.6,0
8.29,129.9,0
23.44,293.0,0
21.24,172.8,0
33.51,162.4,0
36.21,102.3,0
34.15,191.2,0
9.70,109.7,0
37.49,208.0,1
31.18,190.8,0
37.77,198.5,0
24.75,184.2,0
9.49,119.1,0
32.18,112.4,1
14.92,248.4,0
19.87,238.3,0
11.09,131.3,0
27.07,206.7,0
28.79,268.2,0
10.78,241.4,1
22.68,177.3,0
6.71,233.4,0
15.54,212.0,1
3.64,127.4,1
34.27,252.3,1
19.96,281.5,0
6.10,236.5,0
30.73,240.1,1
19.09,143.0,0
19.30,275.8,1
29.50,271.5,0
7.71,274.4,0
26.03,152.2,0
19.24,203.9,0
36.95,130.4,0
25.31,108.1,0
17.83,241.2,0
27.78,280.1,0
19.61,170.6,1
1.77,152.8,0
23.27,182.5,0
19.50,232.9,0
11.47,169.1,0
32.93,208.0,0
24.06,264.6,0
34.98,162.8,0
18.45,118.8,1
14.96,279.5,0
16.51,266.7,0
8.50,169.5,0
11.32,198.4,0
30.77,275.7,0
29.20,298.7,0
27.76,152.6,1
4.87,261.1,0
22.14,130.9,0
35.25,123.1,0
18.61,150.9,1
8.61,194.1,0
5.17,251.2,0
1.16,200.9,0
3.11,117.5,0
10.43,179.2,1
30.22,131.2,0
7.42,261.9,0
26.45,208.4,0
1.54,273.7,0
34.63,284.9,1
36.99,139.6,0
35.27,212.7,0
16.36,154.5,0
24.33,245.8,0
21.40,267.2,0
14.01,286.1,0
3.60,182.2,0
22.41,149.4,1
20.95,197.5,0
24.78,168.4,1
32.93,105.0,0
24.85,209.7,1
27.30,167.6,0
39.92,250.5,1
19.05,244.9,0
24.21,242.8,1
25.02,164.5,0
14.89,114.0,0
3.87,154.8,1
13.74,226.2,0
10.88,246.5,0
38.80,264.0,0
36.54,232.9,1
26.00,133.7,0
36.10,205.9,0
11.05,136.0,0
32.99,213.6,1
26.76,105.0,0
26.52,206.6,0
8.07,273.6,0
30.32,265.9,0
27.75,219.4,0
23.38,226.3,0
6.47,168.9,0
19.70,248.4,0
15.25,207.3,0
18.31,191.0,1
32.92,182.7,0
39.87,124.7,0
16.19,100.3,0
16.43,204.9,0
31.77,218.5,1
3.62,141.5,0
31.02,100.5,1
23.74,167.8,0
11.05,244.1,0
39.53,131.1,1
26.17,290.9,1
23.67,264.4,0
31.63,232.4,0
30.86,171.0,0
15.18,258.7,0
21.15,256.0,0
32.05,119.7,0
6.13,176.0,0
26.59,123.3,0
21.85,133.8,0
36.70,294.3,0
39.45,177.0,1
25.27,185.1,1
21.25,265.1,0
34.72,169.9,1
2.34,279.0,0
13.68,216.3,0
4.06,293.1,0
0.72,105.4,0
9.22,294.4,0
4.85,291.0,0
0.36,199.8,0
11.28,266.7,0
7.36,222.8,0
13.92,105.3,0
22.57,178.3,0
27.48,149.0,0
29.93,277.6,1
2.31,217.8,0
18.88,150.1,0
38.06,173.3,0
28.52,233.6,0
21.33,216.1,0
37.55,204.4,1
14.11,169.3,0
8.24,287.4,0
30.97,107.6,0
34.33,130.8,1
13.33,213.8,1
38.56,114.6,1
32.90,170.9,0
22.74,277.6,0
22.33,192.8,0
13.93,257.8,1
10.61,285.2,0
1.49,191.1,0
8.72,215.0,0
36.44,282.9,0
28.47,214.4,1
31.33,208.3,0
14.27,105.3,0
25.23,292.0,1
21.46,272.6,0
7.59,213.1,1
38.56,116.4,0
20.84,251.4,0
0.84,178.2,0
31.18,218.7,0
7.65,233.3,1
8.18,278.0,0
1.02,271.9,0
25.11,209.1,0
3.91,152.7,0
36.46,249.9,1
3.16,234.8,0
33.18,249.7,0
9.10,107.6,0
39.27,181.1,1
3.89,212.8,0
5.04,193.6,0
4.52,232.4,0
20.85,115.7,0
16.38,275.7,0
31.42,257.2,0
12.77,136.3,0
37.28,144.7,0
16.64,205.8,1
10.44,185.0,0
38.88,179.2,1
24.79,255.0,0
4.84,103.0,0
24.24,174.4,0
38.19,213.4,0
15.47,143.0,0
30.52,118.6,1
19.67,122.6,0
19.95,286.8,0
29.91,285.6,0
37.64,225.2,0
19.89,294.4,0
36.95,263.1,1
2.09,245.3,0
27.72,111.5,0
38.99,236.4,0
29.36,263.5,0
22.81,197.3,0
15.20,226.4,0
34.47,134.6,0
22.59,102.3,0
8.14,291.7,1
32.95,298.0,0
20.88,161.9,0
31.68,165.6,0
30.94,133.2,0
28.51,174.6,0
16.10,290.7,0
13.28,118.5,0
34.03,200.3,0
35.74,185.9,1
23.50,189.2,0
6.73,268.5,0
30.49,236.5,0
14.87,217.5,0
7.21,274.5,1
10.07,171.5,0
3.33,287.0,1
38.61,216.2,1
17.22,162.8,0
3.99,225.7,0
21.07,256.1,0
0.06,244.0,0
31.04,159.3,0
3.57,201.2,0
39.45,238.5,0
25.64,298.9,0
29.81,252.0,0
24.20,188.1,0
2.29,214.0,0
18.16,284.9,0
31.71,124.4,0
19.31,295.4,0
25.79,160.0,0
0.59,276.8,0
6.29,144.8,0
32.79,210.4,0
39.56,126.2,1
0.28,267.1,0
26.18,148.4,0
0.84,258.0,0
32.52,131.7,0
39.87,195.4,1
15.58,105.4,1
4.68,147.6,0
28.97,125.2,0
8.17,171.9,0
4.88,298.4,0
18.86,149.3,0
10.47,141.5,0
30.67,173.0,0
0.45,257.7,0
6.61,220.0,0
20.90,193.3,0
36.43,148.0,0
27.06,255.6,0
20.45,187.4,0
28.99,202.7,0
3.45,127.5,0
28.94,116.3,0
5.01,289.8,0
13.21,222.7,1
1.72,110.8,1
8.22,188.3,1
32.88,217.4,0
31.72,262.8,0
9.18,190.8,0
39.26,258.1,1
29.74,156.6,0
26.19,208.1,0
6.75,216.2,0
23.08,195.0,1
16.12,130.1,0
5.89,255.4,1
25.70,148.0,0
7.81,283.7,0
31.11,284.1,0
7.83,206.3,1
26.77,247.4,0
6.68,197.2,0
9.90,296.5,0
10.75,184.0,0
4.85,187.2,0
5.20,121.7,0
4.37,223.3,0
39.25,103.8,1
8.92,254.7,1
1.94,172.8,0
20.73,177.7,1
36.45,265.7,0
26.01,119.7,1
18.27,248.2,0
28.66,101.7,1
35.95,286.2,1
17.51,291.3,0
14.62,296.4,0
13.70,104.4,0
0.27,256.2,0
20.98,209.3,1
21.97,104.1,0
19.53,108.2,0
25.48,265.5,0
39.92,103.7,0
0.87,175.6,1
20.98,175.4,0
8.97,169.6,1
39.09,295.0,1
21.19,236.2,0
27.72,221.0,1
10.88,102.4,1
13.33,236.4,0
9.62,191.1,1
29.13,188.3,1
29.70,155.9,1
19.72,113.1,0
14.71,149.3,0
32.65,126.8,0
38.58,234.6,1
39.14,200.4,0
12.88,199.0,0
32.06,142.2,1
18.70,260.0,0
4.11,151.3,0
1.53,122.9,0
34.08,250.7,0
9.40,256.7,0
36.15,293.7,1
23.01,104.9,0
27.12,110.7,0
33.18,117.4,0
26.11,131.0,1
28.71,130.3,0
9.43,146.3,0
9.29,209.2,1
32.90,231.1,1
21.07,214.9,0
34.93,169.9,0
33.66,163.8,1
31.55,188.7,1
30.88,154.0,1
8.61,147.3,0
16.25,129.4,0
27.01,254.6,0
11.87,245.9,0
32.23,213.2,0
13.04,107.3,1
31.80,102.4,1
13.48,267.3,0
23.47,236.1,0
8.16,200.5,0
39.86,144.4,0
16.47,155.2,1
33.30,131.0,0
36.57,240.1,0
31.17,127.8,1
32.39,299.8,0
10.76,152.9,0
27.70,289.6,0
37.66,156.7,0
36.37,289.6,0
11.77,202.9,0
30.94,135.9,1
35.07,220.7,0
10.49,276.1,0
12.24,244.2,0
25.59,144.2,1
15.71,262.8,0
33.63,162.6,0
37.96,155.4,0
28.90,251.7,0
38.48,195.4,1
4.06,276.9,0
2.97,204.7,0
13.54,188.8,1
6.94,101.3,0
21.22,257.3,0
28.47,248.7,1
0.40,245.2,0
6.61,102.7,0
29.35,128.4,1
15.82,201.5,0
24.53,273.8,0
31.66,127.3,0
31.25,256.6,1
28.13,139.1,0
35.61,197.7,1
14.80,286.6,0
26.13,218.6,0
15.79,296.1,0
25.28,175.9,0
12.66,182.5,0
36.98,105.2,0
23.36,113.7,0
15.08,142.7,0
13.86,109.1,0
34.79,117.5,1
34.53,253.7,1
26.68,115.3,0
19.01,227.0,0
2.75,227.1,0
10.17,156.3,0
12.76,153.5,0
27.21,153.4,1
12.45,264.5,1
36.96,221.5,1
6.79,283.4,0
6.72,288.4,0
18.27,201.9,0
36.06,264.1,0
17.62,220.0,0
27.08,192.7,0
24.56,242.3,0
3.78,142.1,0
10.62,141.9,0
11.95,200.9,0
12.01,120.1,1
39.34,292.9,0
28.13,208.2,0
29.31,182.9,0
30.65,189.7,0
20.13,216.4,0
38.85,127.9,0
30.02,236.4,0
11.39,294.7,0
3.64,148.1,0
1.17,144.2,0
15.22,186.7,1
10.01,284.3,0
24.46,151.4,1
3.50,163.9,0
6.17,182.3,0
29.78,254.4,0
24.55,245.4,0
6.44,156.9,0
26.03,116.9,0
39.05,130.3,1
6.57,250.1,0
15.27,139.6,0
32.98,178.7,0
33.20,141.7,0
32.27,233.9,0
5.77,183.6,0
32.70,232.3,0
12.27,264.7,0
21.94,118.1,0
12.37,152.4,0
30.25,113.3,0
22.54,120.9,0
39.92,274.2,1
36.28,201.5,1
33.45,149.8,0
26.42,177.2,0
31.63,102.6,0
20.70,270.3,0
28.27,236.6,1
17.67,110.0,0
16.41,236.4,0
0.32,152.1,0
4.12,156.1,0
11.05,211.4,1
28.67,133.3,0
34.99,294.2,0
12.95,167.5,0
22.98,236.1,0
39.76,175.3,0
31.53,203.7,1
0.40,168.5,0
12.43,193.8,0
5.68,258.3,0
23.37,105.0,0
16.90,125.8,0
35.17,237.4,1
11.85,140.9,0
12.87,129.8,0
33.75,274.7,1
27.11,221.6,1
22.10,134.5,0
25.33,215.0,1
20.84,165.8,1
38.32,236.9,1
25.02,141.6,0
34.61,293.5,1
35.48,169.5,1
24.16,220.7,0
5.67,141.5,1
30.80,146.6,0
7.96,285.2,0
5.18,179.0,0
31.71,263.7,1
11.10,279.1,0
12.58,254.1,0
17.09,236.9,0
21.21,129.2,0
35.72,277.5,1
17.49,252.3,1
18.76,240.8,0
6.08,269.4,0
0.32,242.5,0
6.01,288.2,0
8.99,142.9,0
32.71,242.8,1
1.10,116.5,0
8.23,207.3,0
25.16,171.9,0
10.36,217.7,0
7.89,202.5,0
8.35,155.4,0
10.06,175.3,0
11.84,126.1,0
1.18,112.9,1
39.31,260.4,0
39.85,276.2,1
26.53,119.5,0
18.88,240.1,1
29.68,135.6,1
5.64,296.5,0
0.67,157.3,1
26.00,103.0,0
24.92,129.2,1
19.97,294.8,0
29.41,181.6,1
33.37,279.2,1
20.13,207.0,0
31.14,283.0,0
22.38,246.1,0
29.12,159.1,1
13.75,122.0,0
37.20,239.6,0
31.75,112.7,0
21.52,219.4,1
25.85,176.0,1
9.29,121.1,0
10.31,192.6,0
30.24,218.8,0
0.30,215.7,0
20.14,213.6,1
7.30,233.3,0
5.12,244.1,0
16.14,147.8,0
39.88,104.0,0
32.82,125.1,1
30.48,236.2,1
18.53,191.9,0
9.06,282.1,0
13.84,102.4,0
19.13,192.3,0
17.22,273.8,1
17.02,212.5,0
12.31,277.4,0
34.32,295.0,1
12.29,197.2,0
14.54,154.1,0
28.22,225.4,0
12.99,242.8,0
28.36,271.3,0
24.80,163.3,1
36.31,260.1,1
26.97,158.4,0
7.21,203.9,0
11.96,228.5,0
1.37,258.0,1
3.70,204.4,0
7.83,231.7,1
26.48,198.1,0
31.74,148.7,0
36.13,133.4,0
18.92,106.9,0
25.51,192.3,1
32.77,125.8,0
35.19,121.6,0
36.12,268.8,0
29.18,161.7,1
28.62,152.8,0
5.23,279.9,0
2.95,183.8,0
30.32,198.1,0
19.07,121.8,1
34.05,176.8,0
25.37,189.1,0
24.58,186.7,0
34.35,221.6,0
29.25,277.2,0
3.98,147.0,0
36.66,135.6,1
15.29,227.2,0
11.15,146.5,0
17.96,155.1,0
36.25,263.7,0
22.03,108.4,0
24.30,178.8,0
19.20,270.7,0
26.87,270.6,0
33.58,259.7,0
3.79,208.0,1
29.41,199.8,0
7.55,244.1,1
5.59,120.5,0
29.13,101.3,0
2.05,152.1,0
31.32,114.0,0
37.59,237.5,0
5.17,155.3,0
18.74,224.9,0
11.62,155.7,1
6.20,234.6,1
37.86,231.6,1
10.52,239.5,0
4.16,125.6,0
18.81,230.3,1
11.66,289.5,1
4.07,292.8,0
18.48,102.9,1
27.27,235.0,1
24.00,234.1,0
20.42,204.4,0
14.58,123.4,0
14.48,176.8,0
37.03,138.1,1
18.01,139.5,0
37.82,242.3,1
31.76,282.5,0
0.87,115.1,0
1.46,163.1,0
13.78,185.6,0
17.49,247.4,0
15.04,298.5,0
34.78,110.4,0
34.13,216.6,0
37.42,282.1,0
12.19,136.6,0
17.80,135.4,0
39.95,113.0,0
34.34,294.8,0
0.89,260.0,1
1.93,226.7,1
33.20,245.3,0
4.37,220.6,0
32.80,159.6,0
13.66,147.1,1
13.23,277.4,0
0.98,154.2,0
13.31,270.9,0
22.77,121.9,0
27.18,192.7,0
38.61,264.3,1
2.70,105.6,0
26.54,246.8,0
33.51,143.1,1
9.45,100.6,1
1.75,299.2,0
9.16,118.1,0
15.46,204.8,0
5.87,107.9,0
5.07,150.3,0
17.78,155.3,0
21.61,138.4,0
36.61,178.2,0
11.03,175.1,0
28.73,133.7,0
28.04,141.6,0
1.33,215.8,0
25.75,142.9,0
18.44,170.3,1
24.15,131.5,0
3.11,163.1,0
15.41,201.5,0
13.51,171.1,0
0.91,122.5,1
39.28,130.2,0
24.16,131.3,1
33.83,296.3,1
38.64,191.9,0
23.03,218.8,0
13.93,130.0,0
35.25,205.5,0
26.23,100.8,0
18.90,206.5,1
9.23,122.8,0
15.86,299.9,0
1.44,191.9,0
7.88,233.3,0
14.77,215.9,0
25.59,157.5,1
25.22,292.1,0
15.10,172.6,0
5.58,130.7,1
1.96,134.3,0
0.50,120.9,0
38.96,293.6,1
37.17,228.5,0
18.02,217.5,1
1.51,242.7,0
18.09,297.8,0
24.19,121.4,0
32.54,206.7,1
17.35,117.0,1
30.56,184.6,1
15.51,229.9,1
23.56,120.9,0
24.11,181.0,1
3.13,133.9,0
9.07,212.4,0
20.22,145.4,0
10.67,118.2,0
2.69,124.0,0
3.70,153.1,0
38.72,268.0,1
1.57,164.2,1
33.57,147.3,0
7.09,220.0,0
13.01,149.3,0
11.03,235.5,1
27.09,104.3,0
34.24,187.4,1
15.30,145.7,0
7.57,238.4,0
29.81,289.6,1
4.51,136.3,0
8.82,270.1,0
3.58,265.8,0
12.61,248.8,0
10.91,275.4,0
26.62,118.6,0
9.42,108.2,0
31.95,208.2,0
36.32,266.6,1
37.85,141.3,1
1.95,185.9,0
22.47,245.9,0
36.48,227.4,0
14.51,196.7,1
33.88,259.7,0
25.35,223.4,0
15.06,286.1,0
19.20,157.3,0
10.58,166.8,0
6.75,275.1,0
21.94,208.3,0
38.99,106.7,1
36.18,230.1,0
2.19,223.4,1
17.88,107.4,1
25.35,215.0,0
3.34,104.0,0
32.02,211.8,1
27.70,157.7,0
36.83,265.7,1
28.90,227.0,0
16.11,188.8,0
36.91,187.3,0
18.01,239.8,0
17.27,299.4,0
28.81,114.3,1
27.54,181.4,0
3.25,198.7,0
32.63,191.2,1
11.71,162.2,0
36.65,233.6,0
19.71,196.3,1
29.90,128.6,1
15.43,208.9,0
11.73,273.4,1
37.74,207.9,0
25.85,175.7,0
16.61,194.0,0
18.11,129.7,0
29.07,201.7,0
8.02,125.8,1
23.84,232.2,1
7.73,192.4,0
33.47,151.3,1
23.64,275.2,1
2.00,137.6,0
35.95,123.5,0
19.38,297.2,0
33.89,170.6,0
29.29,200.1,0
24.49,194.5,0
38.98,200.4,1
32.31,145.4,0
20.01,269.5,0
3.95,161.0,1
30.54,201.5,0
31.55,187.4,1
5.25,120.3,1
20.92,186.8,0
19.02,262.7,0
11.27,204.0,0
25.42,171.9,0
23.57,179.2,0
18.97,260.8,0
35.85,200.8,0
36.48,140.1,0
13.13,296.6,0
21.64,149.5,0
15.14,142.0,1
20.44,286.7,0
29.35,160.3,0
9.75,236.0,0
27.04,297.9,1
28.35,265.8,0
11.53,252.3,0
3.64,256.0,0
3.39,264.1,0
24.09,288.4,0
10.04,130.3,0
13.36,281.0,0
4.94,174.4,0
36.66,205.6,0
29.53,291.4,0
34.90,244.5,0
29.23,282.9,0
31.93,192.3,1
8.28,211.9,0
12.29,162.5,0
11.14,114.6,0
8.10,196.6,0
16.22,230.4,0
23.75,193.8,0
16.64,286.4,0
29.13,240.2,0
24.68,173.7,0
6.36,120.2,0
24.53,144.3,0
9.78,138.8,1
26.58,218.2,0
2.67,108.1,1
30.83,106.7,0
17.08,206.6,0
0.00,260.1,0
16.97,152.6,0
24.50,192.0,0
35.63,170.8,0
26.66,144.1,0
8.81,129.1,1
1.80,263.7,0
1.18,193.5,0
39.41,128.7,0
19.34,145.6,0
27.96,151.7,0
4.35,290.6,0
31.24,233.1,0
38.16,212.7,1
10.32,244.0,1
22.29,298.9,0
0.11,104.7,0
2.87,294.5,0
16.88,214.5,0
19.69,168.6,0
34.24,119.2,0
10.42,129.8,0
9.06,143.8,0
38.04,264.8,1
0.95,123.6,0
35.93,183.3,1
20.65,294.2,0
10.29,139.1,0
24.53,110.9,1
16.05,239.9,1
1.09,189.1,0
19.08,209.9,0
5.67,108.3,0
20.25,220.7,0
34.71,232.5,0
1.96,105.3,1
23.97,251.0,0
19.90,183.8,0
16.73,196.2,0
1.94,232.1,0
30.16,287.0,0
32.07,214.5,1
7.30,253.3,1
24.58,245.1,0
3.14,265.7,1
19.21,244.6,0
28.58,130.8,1
12.85,259.7,0
26.73,201.7,1
38.57,114.2,1
36.94,168.3,1
10.61,220.7,0
22.10,202.4,0
16.77,126.1,0
35.48,241.3,1
26.33,150.5,0
25.92,282.4,0
3.60,248.9,0
2.67,146.7,0
15.60,189.0,0
4.92,239.3,0
29.89,254.8,1
25.05,173.5,0
33.59,186.4,0
19.28,155.4,0
34.77,243.5,1
37.88,231.9,1
28.56,101.7,0
1.59,289.1,0
17.30,244.2,0
12.13,128.0,0
18.75,236.9,0
10.29,200.4,0
15.58,260.5,0
39.34,276.3,1
19.61,270.4,0
13.31,147.0,0
22.90,284.8,0
26.75,180.0,0
8.77,272.9,0
27.17,250.7,1
39.72,225.3,0
12.77,103.6,0
10.09,182.0,0
2.30,124.8,0
3.97,257.0,0
6.58,254.0,0
9.49,156.5,1
38.52,152.6,1
6.97,117.2,1
33.01,200.0,0
39.60,212.6,0
17.84,271.0,0
27.77,223.6,0
20.25,110.1,0
11.73,136.8,0
16.78,279.0,1
12.62,264.6,0
5.69,283.7,0
30.02,102.3,0
8.38,297.2,0
35.19,243.7,0
36.85,215.3,1
12.69,241.6,1
28.89,252.8,1
10.83,101.3,0
12.44,127.5,0
20.91,255.5,1
36.10,163.8,0
23.63,273.8,0
31.55,240.7,0
10.41,298.5,0
4.65,275.8,0
27.09,299.3,1
3.20,176.1,0
10.83,296.1,0
0.78,152.0,0
22.29,279.7,1
23.77,269.0,0
14.42,105.9,1
2.85,240.0,0
9.01,255.3,1
32.25,212.0,1
3.09,292.2,0
36.14,126.5,1
12.65,169.7,0
32.53,222.5,0
28.81,171.7,0
2.41,157.8,0
26.70,266.8,0
36.62,273.1,1
37.97,126.6,0
7.87,155.2,0
8.27,264.6,0
9.04,127.0,0
34.84,145.4,0
26.57,140.2,0
5.96,235.4,0
27.93,226.4,0
1.57,297.6,1
20.19,117.8,1
26.34,135.2,1
28.12,149.9,0
13.35,126.5,0
11.24,207.3,0
31.43,296.0,0
30.29,276.9,0
36.08,268.7,0
14.52,291.3,0
21.58,130.3,0
34.20,281.9,1
27.95,116.5,0
37.08,140.5,1
18.00,158.6,1
13.92,229.7,0
3.54,141.3,0
23.68,262.8,0
31.27,204.7,1
39.34,180.4,1
7.99,118.8,0
27.62,206.2,1
22.98,116.1,0
7.60,245.5,0
30.46,263.8,1
6.88,159.4,0
7.41,195.9,0
28.60,289.3,0
1.68,229.0,0
30.61,284.6,0
32.35,257.7,0
5.10,105.4,0
1.96,268.0,0
10.70,173.4,0
38.13,146.5,0
7.46,236.0,0
7.89,183.7,0
13.18,263.9,1
36.11,260.1,0
14.20,291.2,0
9.87,177.2,0
13.96,186.9,0
37.45,120.3,1
16.62,165.4,0
16.03,137.3,0
15.46,158.9,0
31.02,149.3,1
37.27,265.2,0
7.17,204.7,0
20.49,236.6,0
25.30,152.0,0
4.97,186.3,1
32.02,153.0,1
20.42,241.1,0
39.74,188.7,1
25.14,151.1,0
35.51,281.9,1
39.57,271.8,0
20.16,255.6,0
32.48,298.7,0
3.17,102.3,0
11.40,177.4,1
16.40,248.4,0
37.85,223.2,0
22.89,192.1,0
25.48,155.7,1
18.55,123.7,0
25.16,102.5,1
34.06,203.9,1
26.17,232.4,0
21.93,215.8,0
31.99,272.2,0
25.08,280.5,0
18.40,189.3,0
19.94,171.6,1
22.56,255.6,1
18.21,198.5,0
19.35,171.1,0
30.52,132.2,1
39.90,281.0,0
11.41,203.9,0
31.29,226.1,1
36.88,281.5,0
39.78,253.3,0
31.28,154.1,0
14.80,116.8,0
10.25,280.6,0
11.02,281.2,0
5.00,124.0,0
23.33,118.6,0
22.98,150.8,0
5.00,281.8,0
33.62,295.5,1
12.81,163.4,1
1.42,195.5,1
15.12,136.6,0
27.18,227.0,0
6.94,184.7,0
12.60,216.4,1
4.46,279.3,0
17.05,237.7,0
10.46,117.7,1
23.87,231.4,1
14.26,183.0,1
39.00,203.2,0
0.58,113.6,0
23.43,224.0,0
4.51,119.4,0
19.18,102.9,0
36.21,103.8,0
37.05,142.7,0
3.74,180.8,0
31.00,195.2,0
21.93,292.5,0
11.33,196.1,1
31.86,122.3,0
9.71,127.4,0
15.55,117.1,0
12.60,139.2,0
33.86,201.3,1
22.69,108.9,0
26.89,257.1,0
12.00,177.1,1
20.82,106.1,0
1.62,255.6,0
21.76,262.3,0
4.34,119.2,1
7.09,111.7,0
23.55,184.1,0
20.75,161.6,0
3.58,299.6,0
23.98,167.0,1
32.04,275.6,0
7.24,205.9,0
29.61,174.7,0
6.99,105.3,0
20.15,287.5,0
16.18,197.3,0
12.01,185.9,1
17.72,199.3,0
30.80,231.2,0
7.07,249.1,0
24.17,220.8,0
34.33,171.6,1
35.83,114.3,0
33.96,192.2,1
39.55,185.6,0
17.49,125.4,1
38.01,171.6,0
27.67,262.2,1
13.57,167.2,0
12.72,171.5,0
38.24,101.4,0
20.90,259.6,0
27.95,153.3,0
39.97,271.7,1
32.09,137.9,0
36.14,163.3,1
38.11,163.8,0
25.62,222.9,1
30.70,227.1,0
39.95,274.6,1
28.07,100.5,0
33.34,222.5,0
15.70,275.8,0
16.97,141.6,1
7.96,166.9,0
3.77,189.5,0
31.49,126.6,1
22.67,181.5,1
0.80,219.6,0
34.55,110.6,0
34.32,271.7,1
33.18,270.6,1
10.76,199.6,0
33.86,161.3,1
34.61,112.9,1
10.49,171.6,1
39.58,143.1,0
31.08,233.6,0
35.10,100.5,1
33.19,172.2,0
34.51,218.4,0
3.33,250.3,0
39.30,189.7,0
7.81,284.4,0
28.11,121.6,0
2.31,244.3,0
34.75,182.1,0
33.14,254.2,0
35.32,224.1,0
16.41,291.1,0
36.18,205.6,0
6.22,133.0,0
20.93,242.3,1
36.00,262.1,1
29.13,237.1,0
15.39,244.3,0
2.39,154.8,0
34.19,243.1,1
19.16,125.5,0
21.30,238.5,0
27.85,294.8,0
30.67,253.0,0
9.87,174.4,0
13.69,229.9,1
38.38,272.9,0
32.87,188.2,1
35.84,210.3,0
7.11,242.5,0
5.30,169.3,0
8.35,163.8,0
26.26,181.1,1
3.29,196.3,0
24.07,223.4,0
24.09,295.9,0
34.16,124.7,0
36.60,289.0,1
16.97,160.8,0
22.01,292.8,0
5.46,247.0,0
4.08,254.8,0
1.14,262.0,0
28.21,140.4,1
25.17,278.6,0
17.10,295.4,0
39.82,194.7,0
22.68,113.9,0
11.60,113.6,0
1.43,157.4,0
30.59,150.3,0
20.71,290.0,0
16.45,142.2,1
22.75,138.2,0
15.06,246.9,0
11.19,281.0,1
34.62,132.2,0
38.97,299.0,0
5.81,171.6,0
37.33,286.9,1
38.18,217.9,0
24.50,151.0,0
14.60,221.1,1
18.74,180.5,0
14.91,159.7,0
30.73,254.8,0
5.58,109.5,0
2.60,229.1,0
15.88,156.1,0
28.69,199.7,1
8.86,247.0,1
22.33,268.8,0
11.18,103.4,0
39.25,130.9,1
9.59,294.4,0
25.90,180.7,0
21.76,138.6,0
27.03,211.6,0
30.21,181.5,0
17.19,208.6,0
15.09,190.8,0
30.30,125.7,0
35.27,206.3,1
30.41,268.5,1
24.61,248.0,0
39.93,233.0,0
27.14,216.9,0
22.11,248.0,0
11.77,206.1,1
34.03,173.3,1
4.83,182.3,1
25.32,118.2,0
33.27,226.2,0
29.79,229.3,1
8.93,199.7,0
27.84,227.3,0
36.24,121.8,0
16.40,102.5,0
9.93,107.4,0
15.45,222.0,0
17.30,111.9,1
9.13,158.4,0
1.00,207.0,0
23.30,254.5,0
6.32,249.7,1
28.53,128.4,1
6.96,148.9,1
25.65,235.2,0
8.69,159.3,0
4.01,235.0,0
32.68,103.4,0
6.82,290.6,0
7.35,130.1,0
37.63,188.2,1
31.52,268.5,0
12.97,264.3,1
20.97,136.4,1
13.59,270.7,0
38.21,225.3,1
11.58,118.2,0
21.16,286.9,0
7.84,122.5,0
3.48,249.1,0
38.83,157.4,0
12.53,115.2,0
1.55,223.0,0
13.47,251.7,0
35.43,128.3,0
21.11,117.5,0
25.45,273.8,0
12.04,156.7,0
3.77,249.7,0
2.21,259.2,0
29.01,212.6,0
11.24,245.1,0
15.99,218.4,0
10.81,239.3,1
21.40,111.6,0
11.26,105.3,0
12.11,291.9,0
9.25,238.9,0
21.93,251.7,0
24.04,241.0,0
7.32,156.2,0
32.89,255.8,1
30.96,101.3,0
2.35,107.9,1
7.26,159.8,0
13.39,150.2,0
18.90,192.2,0
21.38,161.5,0
1.01,239.9,0
27.96,149.2,1
11.79,225.2,1
27.06,201.7,0
27.04,201.6,0
7.05,201.9,0
30.72,250.4,0
3.01,167.6,0
32.83,234.2,0
12.88,141.1,0
36.38,166.1,1
22.55,134.0,0
15.84,133.8,0
7.65,203.3,0
39.35,215.4,1
28.77,248.9,0
28.69,134.4,0
21.71,222.4,1
13.57,287.8,0
8.58,281.2,0
36.64,145.9,0
14.56,205.2,0
31.43,208.9,0
24.04,188.8,0
37.72,271.4,0
27.89,212.1,0
38.45,177.3,0
33.09,118.2,0
4.94,262.9,0
9.59,102.3,0
8.29,183.7,0
4.53,262.8,0
34.64,268.7,0
8.55,291.3,0
4.26,241.4,0
36.51,254.6,1
38.19,226.5,0
25.26,296.6,1
8.90,109.6,0
39.70,217.3,1
37.02,126.5,0
25.72,203.6,0
11.42,145.0,0
34.73,284.4,1
0.52,294.4,0
4.43,224.0,0
38.37,272.7,1
1.08,274.6,1
5.75,104.2,0
2.51,278.8,0
28.31,289.1,0
6.28,182.4,0
19.42,252.9,0
29.90,280.8,0
1.85,235.5,0
30.43,284.5,1
10.55,245.9,0
18.75,241.0,1
18.57,169.7,0
10.79,235.0,0
31.10,110.6,0
38.38,135.1,1
28.79,108.2,0
18.19,240.5,0
1.20,236.9,0
18.42,123.9,0
20.45,248.4,0
38.79,163.6,1
8.95,168.3,0
4.00,139.3,0
26.02,184.7,0
15.45,170.2,0
28.14,258.1,0
5.99,221.5,0
33.38,270.3,1
3.00,273.6,0
13.00,182.1,0
6.34,215.3,0
4.59,145.3,1
34.99,211.2,0
5.16,229.5,0
2.20,205.7,0
13.88,249.8,0
2.89,176.8,0
17.38,282.0,0
39.09,189.0,0
33.44,121.7,1
23.07,101.2,1
31.53,123.1,1
37.67,169.2,0
6.06,294.5,0
2.66,226.4,0
11.55,197.3,0
6.12,206.2,0
24.67,277.7,1
24.72,144.6,0
16.67,108.1,0
35.53,165.5,1
23.49,235.4,0
1.59,148.8,0
16.79,238.7,0
0.72,246.9,0
8.17,123.9,1
21.54,239.6,0
13.44,196.9,0
28.97,188.2,0
33.22,191.2,0
30.51,137.5,0
16.15,239.7,0
27.68,137.4,0
39.58,128.3,1
10.52,176.1,0
22.31,108.5,0
39.05,247.3,0
23.28,101.2,0
39.74,161.2,0
13.80,114.6,0
21.61,127.1,0
28.74,238.1,0
14.55,197.6,0
23.82,130.6,0
21.82,126.5,0
22.82,222.4,0
2.57,111.3,0
37.51,161.7,1
36.40,132.4,1
3.40,186.7,0
7.90,190.0,0
0.44,188.2,0
31.62,108.0,0
17.73,170.7,0
25.03,204.8,0
14.88,280.7,1
12.82,147.6,0
15.12,219.6,0
13.80,258.1,0
20.85,198.2,0
8.76,135.5,0
7.98,143.9,0
9.26,299.5,0
30.88,165.7,1
11.19,299.5,1
20.99,237.2,0
34.40,247.5,0
36.88,232.5,0
34.30,212.8,1
5.87,194.5,0
15.01,205.5,0
36.50,169.4,1
38.67,196.4,1
21.30,194.8,0
28.45,241.8,0
7.12,278.0,0
35.25,145.5,1
29.27,110.8,0
5.23,136.0,0
28.48,279.6,0
28.32,174.9,0
38.33,159.6,0
26.91,226.3,0
25.57,212.2,0
17.19,210.9,0
23.64,208.5,0
5.50,249.1,0
6.88,293.8,0
11.07,189.5,0
34.40,282.7,0
33.85,154.5,0
39.16,291.9,0
18.61,183.3,0
37.27,108.6,0
0.05,201.0,0
21.65,250.1,0
18.37,109.6,0
1.56,148.8,0
13.54,211.2,1
20.43,183.3,0
17.68,297.7,0
39.18,143.4,1
23.73,118.0,0
31.56,292.8,0
12.57,297.1,0
20.56,264.5,0
27.06,156.0,1
8.83,277.3,0
20.24,127.6,0
38.06,111.8,0
18.49,111.5,0
38.31,219.1,0
21.82,254.3,0
30.89,290.2,1
10.98,229.5,0
0.46,129.8,0
12.47,253.7,0
14.43,193.5,0
32.58,250.6,0
7.83,187.1,0
32.81,143.9,0
25.28,101.8,1
32.72,127.7,1
4.19,260.7,0
28.59,177.3,0
29.91,109.6,0
28.52,186.3,0
10.92,125.4,1
34.51,234.4,0
5.62,274.7,0
31.64,116.0,0
32.51,177.1,0
4.08,221.4,0
9.35,104.0,0
27.28,226.0,0
16.76,275.6,0
5.37,215.1,0
39.20,154.3,1
31.90,187.1,1
25.82,154.8,0
0.56,157.6,0
33.22,110.3,1
1.68,217.3,0
14.66,196.5,0
7.96,270.5,0
9.23,148.9,0
36.68,177.5,0
33.36,127.1,0
23.70,278.4,0
19.19,290.9,0
30.43,299.3,0
7.24,158.1,0
19.03,139.8,0
10.49,155.1,0
25.72,161.5,0
25.08,210.2,1
13.36,156.6,0
32.14,290.5,0
38.66,198.5,0
24.81,208.9,1
20.47,148.2,0
25.99,103.5,1
32.25,219.7,1
19.20,266.3,0
2.16,284.9,0
26.93,277.5,1
37.41,196.8,0
3.65,266.9,0
10.22,228.1,0
9.24,177.8,0
15.32,239.0,1
14.28,227.9,0
17.41,205.5,0
15.63,290.2,1
5.78,274.8,0
32.38,179.6,1
7.38,256.7,0
24.72,286.1,0
22.07,248.6,0
34.04,174.6,1
38.68,116.1,1
7.40,129.0,0
4.19,299.9,0
5.89,140.1,0
22.55,155.9,0
9.11,129.0,0
10.94,178.1,0
0.09,229.4,1
18.30,217.4,0
34.49,214.9,0
11.37,228.8,1
15.95,249.0,0
25.52,109.8,0
7.88,180.6,1
11.40,194.0,1
25.46,105.8,1
2.49,131.7,0
31.46,276.9,0
15.51,188.6,0
7.14,178.6,0
10.63,296.5,0
13.01,285.8,0
31.17,139.3,1
16.75,191.7,0
29.13,166.4,1
6.41,164.7,0
35.26,158.6,1
3.95,162.9,0
37.51,221.2,1
32.00,138.6,1
33.23,119.1,1
11.78,247.7,0
14.34,144.1,1
17.99,200.6,0
27.88,217.7,1
27.59,149.2,1
22.38,147.6,1
5.02,240.5,1
33.55,292.5,1
10.71,183.5,0
20.50,293.1,0
22.66,186.6,0
23.18,287.6,0
5.21,132.0,0
14.64,245.3,0
4.18,219.0,0
18.68,163.9,0
39.46,253.4,1
17.69,283.2,0
26.40,213.8,1
30.98,254.9,0
34.73,108.5,0
25.49,182.1,0
1.67,146.7,0
27.93,204.0,0
15.04,193.4,0
2.92,280.2,1
8.61,182.0,0
37.33,142.1,0
20.28,245.7,0
1.40,242.9,0
19.05,228.0,0
11.69,160.9,0
3.43,220.0,0
1.69,283.3,0
3.84,112.4,1
34.00,269.1,0
36.82,186.8,0
5.56,199.5,0
4.02,133.4,0
38.14,118.2,0
15.40,125.0,1
25.70,125.1,0
9.88,240.1,0
6.93,110.5,0
8.36,169.9,0
36.67,188.6,0
26.83,282.0,0
5.20,146.8,0
23.87,233.4,0
12.70,167.2,0
39.63,166.1,0
13.64,194.5,1
7.32,290.8,0
6.98,299.0,0
6.01,173.5,0
0.12,112.1,0
18.50,110.3,0
30.12,109.3,0
35.87,238.2,0
7.63,161.9,0
1.36,200.6,0
38.94,210.1,0
39.44,109.1,0
31.57,199.4,1
17.51,270.5,0
17.14,230.4,0
35.56,238.1,0
27.62,236.2,1
10.44,111.5,0
18.07,254.2,0
10.05,171.2,0
38.70,150.6,1
17.66,257.6,0
19.79,118.5,0
31.26,212.7,0
24.18,255.1,0
6.42,102.2,0
29.50,203.1,0
5.19,145.2,0
19.94,136.5,0
23.38,170.0,0
2.39,183.7,0
27.14,155.4,1
22.38,289.3,0
13.35,189.4,0
2.73,174.4,0
10.89,249.0,0
8.05,263.4,1
18.23,135.6,0
35.74,126.8,1
5.83,241.0,0
37.69,184.8,0
1.72,174.9,1
30.10,181.1,1
39.90,111.3,1
28.40,188.8,0
21.07,256.7,1
21.25,290.0,1
25.97,177.9,0
9.45,211.8,0
32.68,293.7,0
21.21,236.1,0
38.13,238.6,1
2.88,269.7,0
28.06,205.1,1
27.75,113.7,0
32.96,114.8,0
35.29,155.9,1
24.99,152.7,0
18.27,281.2,0
21.72,109.8,1
8.57,291.9,0
13.74,206.5,1
5.09,229.1,1
38.41,136.4,0
21.74,200.6,0
21.45,132.0,0
22.46,233.6,0
26.99,282.0,0
31.30,168.5,0
35.83,241.9,0
38.42,288.6,1
32.15,252.3,1
18.30,175.8,0
31.55,227.2,1
15.85,192.3,1
11.25,257.1,0
27.52,296.7,0
7.49,175.7,0
11.16,150.1,0
2.14,129.9,1
5.95,291.0,0
25.39,169.3,0
24.82,256.5,0
5.22,206.4,1
4.30,145.3,0
24.12,120.6,0
7.26,152.3,0
18.82,255.0,1
26.32,271.9,1
33.14,184.5,1
37.17,289.1,0
13.71,289.6,0
38.00,174.5,1
18.58,150.3,0
9.20,217.8,0
26.72,105.5,0
2.81,126.4,1
2.59,139.3,0
11.50,111.6,1
2.11,179.5,0
25.48,300.0,0
0.72,275.5,0
3.56,194.3,1
10.97,194.2,0
12.88,269.3,0
9.39,202.0,1
32.72,176.7,1
16.08,225.9,0
3.27,158.1,0
20.70,213.5,0
2.54,104.3,0
5.20,233.2,0
30.37,150.8,1
12.37,187.7,0
11.50,194.4,0
33.90,123.1,1
12.55,242.2,0
15.21,181.7,0
39.69,239.2,0
19.80,157.7,0
9.77,206.0,0
7.87,207.9,0
20.08,174.6,0
15.13,120.6,1
1.73,238.6,0
26.87,228.2,0
10.35,279.2,0
15.03,271.2,0
35.94,189.3,0
18.59,116.5,0
6.54,144.6,0
17.11,168.0,0
11.80,164.2,1
24.44,159.7,1
35.61,222.2,0
3.51,124.4,0
28.23,208.8,0
31.67,150.9,1
21.83,148.7,0
7.86,105.1,1
14.56,292.9,0
29.62,126.9,0
7.43,295.4,0
20.59,211.5,0
7.02,225.2,0
16.99,130.1,0
0.74,259.4,0
17.72,221.3,0
29.15,151.2,0
6.99,245.7,0
8.83,216.3,1
8.43,175.5,0
9.63,116.2,0
28.66,240.2,0
20.06,280.8,0
8.56,227.8,1
20.24,241.4,0
8.77,201.3,0
11.27,255.0,1
10.38,206.5,0
0.07,246.9,1
17.27,133.1,1
31.15,145.6,1
15.37,234.1,0
16.44,267.8,0
34.12,298.5,0
15.56,103.9,0
36.39,123.5,0
25.73,104.5,0
31.96,247.0,0
24.04,137.5,0
16.38,207.1,0
8.66,151.1,0
2.98,178.7,1
33.22,175.7,1
21.03,201.0,0
21.34,277.7,1
26.14,216.4,1
13.18,226.7,1
34.53,126.6,0
1.83,271.5,0
22.51,295.8,0
16.45,227.0,0
16.42,176.4,0
24.96,173.7,0
25.45,182.7,0
27.66,296.9,0
19.63,115.6,0
30.00,216.0,0
34.02,133.4,0
35.85,120.1,0
15.44,196.4,0
36.11,168.1,0
21.44,192.4,1
38.39,284.0,1
25.19,134.3,0
29.25,149.1,0
31.39,208.9,0
31.37,141.1,0
33.96,210.3,0
37.70,105.4,1
15.21,276.0,0
12.33,290.8,0
9.08,246.2,1
11.87,200.0,0
15.30,183.9,0
26.21,243.3,0
10.85,109.8,0
19.86,261.3,0
22.11,271.0,0
21.66,156.8,0
35.11,101.3,0
19.71,222.4,0
1.46,280.1,0
13.65,138.7,0
6.77,181.8,0
22.56,167.0,0
9.09,126.9,0
26.86,203.1,1
30.20,135.7,1
32.33,227.5,1
7.03,196.6,1
25.67,215.0,0
27.72,264.7,0
34.01,144.8,0
39.12,193.3,1
19.14,222.2,0
10.59,110.3,1
34.63,101.6,1
3.64,263.9,0
4.16,261.5,0
31.87,185.9,1
27.64,268.5,0
39.68,265.1,0
7.81,220.1,0
3.07,269.5,0
28.90,109.2,0
15.51,260.3,0
23.90,290.0,0
3.44,111.9,0
5.64,276.3,0
5.89,104.9,0
28.12,226.3,1
27.14,112.6,0
5.61,293.8,0
10.34,108.4,0
20.47,242.9,0
15.63,205.0,0
28.14,103.3,1
12.87,261.5,0
28.73,208.7,1
0.50,138.7,0
7.48,220.0,0
32.96,263.8,0
23.31,272.8,0
10.95,269.5,0
38.68,159.7,1
6.00,171.3,0
16.26,223.7,0
29.37,292.3,1
16.71,223.4,0
37.84,227.3,0
30.69,230.1,1
12.98,228.1,0
18.59,106.3,0
33.45,152.2,0
18.42,147.6,0
13.66,100.5,0
25.74,197.3,0
30.68,298.1,0
3.35,216.6,0
11.12,248.8,1
38.06,188.1,1
14.59,168.2,0
21.21,131.8,1
0.45,278.5,0
17.54,160.1,1
10.49,247.7,0
8.04,198.4,0
29.45,164.6,1
36.53,285.8,1
18.34,250.9,0
2.73,129.3,0
29.80,204.0,1
19.98,143.6,0
26.22,283.7,0
27.95,249.5,0
17.00,248.1,0
12.34,179.8,0
23.95,116.1,0
12.11,136.0,1
22.25,222.7,0
17.76,289.2,0
13.33,188.0,0
1.79,144.5,0
1.14,150.6,0
14.23,154.9,1
1.57,123.7,0
10.12,239.6,0
34.03,185.1,0
35.45,245.7,1
16.53,106.7,0
11.38,250.8,1
26.11,246.6,0
11.91,171.2,0
12.79,254.3,0
27.64,120.5,1
1.67,291.1,1
12.99,109.3,0
21.96,257.6,0
35.44,124.7,0
21.92,278.0,0
9.79,240.6,0
6.59,250.7,0
6.53,281.4,0
7.17,224.4,0
32.87,207.0,1
18.96,226.1,1
25.73,246.0,0
3.22,163.3,0
5.01,268.7,0
27.03,145.7,1
7.88,176.5,0
18.05,149.6,0
12.36,147.2,0
24.97,259.8,1
35.32,162.8,0
31.94,173.1,1
28.14,226.4,0
25.66,127.2,0
9.52,222.2,0
4.45,163.9,0
8.81,128.7,0
23.88,270.6,0
29.81,189.8,1
39.44,252.3,0
34.89,194.1,0
20.20,288.9,1
26.66,294.8,0
36.17,184.3,0
4.04,178.3,0
10.49,197.1,0
33.17,107.7,0
26.72,129.3,0
36.61,159.3,1
32.25,296.2,1
21.29,192.0,1
16.65,123.3,0
22.99,245.0,0
32.24,232.2,0
30.60,177.6,0
32.88,171.1,1
36.75,192.3,0
12.13,261.4,0
2.05,157.0,0
15.35,270.3,0
18.95,277.7,0
20.79,269.6,0
23.21,242.0,0
3.39,129.6,0
10.82,206.3,1
24.78,269.6,0
2.43,165.7,1
20.53,195.8,1
14.10,126.8,0
10.21,244.1,0
17.31,282.8,0
33.80,268.7,0
34.93,291.9,0
22.14,150.6,0
21.59,245.1,0
16.98,258.4,0
23.19,123.6,1
32.67,232.9,1
16.35,248.8,0
31.26,179.1,1
11.14,191.1,0
39.61,122.7,0
38.85,269.4,0
18.77,292.9,0
33.80,163.2,0
33.55,284.3,0
20.61,262.2,0
9.79,243.5,0
0.72,219.3,0
39.46,202.2,0
3.68,242.2,0
39.00,252.8,0
10.67,152.9,0
36.62,288.2,0
19.92,299.3,1
22.56,201.8,0
12.41,233.5,0
29.78,288.8,1
22.88,117.4,0
25.16,266.1,0
17.06,147.8,0
1.47,221.6,0
31.53,196.5,1
37.18,274.0,1
33.09,138.4,1
34.75,268.0,0
36.65,262.5,1
19.77,193.9,0
0.12,249.9,1
36.30,220.1,1
6.64,114.3,0
19.79,114.4,0
9.33,118.4,0
26.00,113.3,0
14.33,122.7,0
19.95,245.7,1
33.95,235.2,0
13.27,241.8,0
32.85,262.4,0
16.65,207.8,1
34.27,298.5,0
34.83,140.0,0
13.35,256.7,0
34.01,218.9,0
23.71,279.2,0
12.96,202.4,0
25.38,289.4,0
6.87,170.1,1
19.62,277.4,0
19.98,245.1,0
31.71,173.7,0
8.66,135.6,0
11.14,204.8,0
10.96,274.1,0
2.50,154.4,0
2.40,291.4,0
25.10,152.8,1
15.07,197.8,0
11.63,272.9,0
30.97,104.2,0
37.04,159.7,1
23.77,265.2,0
38.20,217.6,1
11.73,192.5,0
20.89,284.7,0
4.40,218.2,0
5.53,252.5,0
0.93,238.0,1
36.60,198.1,0
35.72,151.7,1
29.76,110.7,1
21.56,148.0,0
19.33,123.0,0
29.72,116.6,1
35.59,252.6,1
15.62,229.5,0
6.43,291.2,1
14.38,189.1,0
6.87,149.9,0
22.11,172.2,0
8.28,277.5,0
39.96,173.7,0
31.90,152.0,0
2.36,211.9,0
16.38,202.6,0
30.58,291.6,0
38.86,204.3,1
3.49,187.4,0
20.04,181.7,0
31.87,101.8,1
12.90,243.4,0
11.35,279.6,0
8.57,178.1,0
17.74,209.9,0
9.65,131.8,0
0.01,173.8,0
15.00,172.5,1
26.27,119.1,0
19.77,137.7,0
23.15,215.5,0
29.72,133.6,0
5.62,270.0,1
24.68,125.4,0
39.55,142.0,0
36.14,276.9,0
8.82,249.1,0
29.38,153.8,0
38.60,119.3,1
14.06,243.8,1
39.46,144.4,0
7.98,249.2,0
7.30,161.4,0
32.57,273.8,0
13.03,176.2,0
15.34,230.9,1
8.28,178.0,0
14.68,241.4,0
19.30,258.2,0
28.34,150.9,1
33.40,158.0,0
34.77,106.2,1
22.32,271.1,0
26.09,110.5,1
5.77,117.9,0
2.66,273.9,0
4.88,163.0,0
21.30,234.4,0
0.66,228.1,0
26.87,271.3,0
23.76,264.2,0
13.96,239.5,0
10.92,172.6,0
22.11,173.3,0
16.72,139.7,0
37.70,215.2,1
8.33,249.3,0
3.72,252.9,0
11.11,164.7,0
21.53,105.9,0
31.56,104.1,1
5.92,139.5,1
9.92,295.6,0
29.29,127.8,0
22.15,140.5,0
34.48,245.2,1
3.32,271.1,1
25.00,284.3,0
16.73,134.7,0
25.54,167.5,0
11.32,286.4,1
33.95,185.8,1
11.92,121.9,0
14.48,118.8,1
20.70,168.3,1
6.88,289.7,0
20.50,229.1,1
14.18,145.9,0
29.56,209.2,1
6.52,262.7,0
1.87,211.3,0
37.64,117.8,0
22.70,259.5,0
24.68,264.5,0
23.67,231.9,0
28.72,258.5,0
3.75,248.4,0
8.84,144.3,0
28.09,114.1,1
37.03,189.0,0
36.72,236.1,0
33.00,269.6,1
22.48,175.7,0
0.02,101.7,1
27.50,293.2,0
24.52,259.0,0
21.09,182.1,0
13.71,221.0,1
18.95,194.8,0
31.92,271.3,0
36.64,201.0,0
15.36,294.3,0
10.34,252.8,1
21.78,166.0,0
17.98,238.5,0
18.64,231.6,0
16.53,148.7,0
24.92,235.1,1
10.21,269.1,0
14.70,104.2,0
16.56,231.4,0
13.42,185.7,0
3.45,295.2,0
18.27,118.4,0
36.93,183.7,0
18.53,103.5,0
3.54,109.3,0
31.04,146.4,0
9.83,103.5,0
34.03,256.7,0
37.23,212.6,1
6.98,115.1,0
26.32,119.3,1
9.73,212.8,1
20.93,195.3,0
24.42,235.3,0
9.26,253.7,0
0.49,125.5,0
33.88,183.5,1
28.57,155.7,1
0.18,141.7,0
5.08,209.9,0
37.70,137.2,1
15.96,245.4,0
37.58,109.2,0
19.63,225.0,0
16.38,163.1,0
16.76,296.3,0
29.46,264.1,1
26.04,167.7,0
33.80,188.3,0
4.80,250.7,0
37.34,124.1,0
16.75,139.1,1
24.43,109.3,0
15.72,252.9,1
30.29,141.5,0
23.63,218.2,0
32.89,110.1,1
21.02,180.9,0
31.27,176.7,1
9.73,264.6,0
31.35,175.9,0
27.02,235.8,0
21.38,144.0,0
22.98,297.2,0
30.86,263.9,0
14.51,226.4,1
23.31,188.9,1
32.70,286.7,0
23.25,109.1,0
21.63,103.7,0
36.78,117.9,1
24.92,210.7,0
20.09,229.6,0
25.26,108.5,0
39.70,253.9,0
23.12,232.6,0
39.48,213.5,0
3.04,239.4,0
34.49,194.7,0
17.23,225.9,0
5.43,121.7,0
3.35,125.8,0
9.44,225.1,0
19.82,299.0,0
11.73,254.2,0
21.04,289.1,1
29.55,256.6,0
18.60,100.8,0
21.65,186.2,0
11.94,156.7,0
12.15,236.9,0
10.66,120.7,0
4.81,291.8,0
8.04,288.8,0
39.39,232.7,1
28.82,125.8,1
25.62,228.3,1
25.72,149.3,1
31.57,162.6,0
31.48,298.3,0
25.92,183.0,0
8.81,122.2,0
5.10,216.7,0
24.38,249.6,0
20.18,130.5,0
38.88,173.5,0
23.91,221.1,0
18.11,237.6,0
28.56,244.1,1
34.00,252.4,0
38.73,288.7,0
12.75,155.2,0
16.16,152.0,0
17.25,121.4,0
20.51,295.5,0
32.38,141.5,1
30.67,226.7,1
18.41,192.1,0
13.19,239.9,0
17.60,195.8,0
19.32,262.6,1
37.76,170.0,0
20.02,223.3,0
23.10,183.1,1
6.39,128.2,0
11.67,183.3,0
36.74,287.9,0
17.62,181.3,0
7.39,170.9,0
10.45,116.1,0
11.76,274.7,0
0.49,195.6,0
38.42,271.7,1
5.69,206.7,1
39.14,275.5,1
20.85,286.7,1
2.74,177.6,0
18.56,117.6,0
17.07,112.7,0
33.36,286.1,0
28.03,138.2,0
9.62,160.5,0
37.74,195.4,0
38.93,253.5,0
7.47,174.6,0
13.70,192.0,0
5.90,131.6,0
25.88,105.8,0
25.72,116.5,1
35.64,165.7,1
16.05,291.0,0
38.14,237.9,0
3.16,171.1,0
10.52,121.5,0
3.86,161.9,0
29.75,231.3,0
4.49,211.0,1
8.41,150.1,1
0.76,255.3,0
1.95,152.0,0
7.30,272.5,0
4.00,156.3,0
20.13,128.4,0
27.64,101.9,0
0.90,242.1,0
0.77,164.8,0
14.75,180.9,0
11.72,215.8,1
13.02,166.7,0
9.92,116.1,0
30.07,184.9,0
36.30,237.3,0
3.08,200.3,0
1.80,229.6,0
22.47,110.2,0
10.66,281.0,0
1.42,133.3,0
38.67,297.7,1
9.83,113.6,0
6.03,179.5,0
12.59,287.7,0
32.81,221.8,0
37.39,127.8,0
24.39,252.6,1
8.23,130.6,0
0.86,100.1,0
0.43,233.9,0
10.29,251.3,0
20.64,151.9,0
17.99,295.5,0
7.88,155.6,1
24.42,255.5,0
4.05,154.9,0
37.44,177.4,0
22.67,274.0,0
27.08,252.9,1
29.59,120.3,0
36.00,184.8,0
8.64,269.1,0
4.19,129.9,0
9.57,112.6,1
20.66,230.2,0
6.63,163.8,0
1.51,274.5,1
32.18,103.6,0
31.92,101.1,0
2.40,167.7,1
15.44,211.4,1
12.94,260.9,0
16.48,224.1,0
15.29,136.2,0
15.05,126.5,0
8.91,131.9,0
8.67,214.6,0
1.11,166.4,0
23.75,120.6,0
20.63,183.8,0
2.25,146.9,0
0.16,152.0,0
12.49,162.2,0
21.19,240.2,0
37.62,283.3,0
4.94,176.8,0
15.16,232.2,0
19.35,106.8,0
18.42,144.9,0
36.47,182.1,0
26.57,106.5,0
22.90,103.2,0
6.43,298.1,0
28.26,134.7,0
37.16,269.1,0
19.14,168.2,0
31.46,233.9,1
24.93,280.8,1
27.57,293.5,0
19.98,199.6,0
3.71,108.8,1
24.28,195.7,0
3.16,256.2,0
26.13,238.8,0
26.37,196.8,1
32.75,255.5,0
33.58,139.1,1
14.36,221.0,0
31.06,261.1,1
18.63,188.1,1
14.99,113.4,0
15.81,109.7,0
11.54,237.4,0
11.62,111.3,0
29.02,298.7,0
23.96,238.8,0
29.53,290.2,0
36.19,200.6,0
8.89,139.2,1
22.30,168.9,1
14.98,230.5,0
27.15,221.1,1
18.91,266.2,0
17.29,150.4,0
25.95,206.0,0
3.05,243.5,0
29.28,222.8,0
13.79,172.7,0
33.40,294.9,1
24.43,126.5,0
36.83,283.8,1
37.76,127.8,0
15.95,139.4,0
24.70,293.5,0
39.11,260.0,1
7.96,164.7,0
38.28,135.7,0
26.06,190.5,0
23.63,159.9,0
18.24,104.4,0
18.43,212.2,0
33.03,190.0,0
0.41,295.6,0
35.48,141.7,0
37.29,257.8,1
20.21,110.4,0
39.69,127.0,0
26.49,204.7,0
39.42,297.4,1
5.38,231.0,0
29.26,137.4,1
1.63,125.4,0
27.28,109.4,1
21.70,249.2,1
31.20,103.5,1
11.61,135.5,0
33.58,235.1,0
24.10,177.3,1
31.38,141.2,0
25.66,226.2,0
11.72,298.3,0
16.74,228.8,0
16.89,216.3,0
37.22,258.1,0
4.29,216.3,0
26.21,185.2,1
35.61,248.1,0
19.75,136.1,0
23.09,243.5,1
13.91,170.0,1
13.14,204.6,0
16.02,117.4,0
37.05,102.5,1
35.27,270.4,1
38.69,239.0,0
24.24,236.5,0
26.71,249.4,1
8.88,196.2,0
1.43,245.9,0
16.47,236.3,0
9.33,142.0,0
36.93,208.2,1
15.19,191.1,0
8.12,170.4,0
36.07,189.8,0
9.13,278.8,0
37.83,181.0,0
30.54,250.6,0
17.16,255.3,0
22.47,258.0,0
16.55,259.9,0
2.70,114.5,0
34.86,140.0,0
35.96,260.9,1
33.96,197.9,0
27.44,285.1,0
14.56,268.6,0
18.39,138.9,0
27.89,120.7,0
5.43,251.9,1
11.67,267.0,0
11.34,127.9,0
0.75,238.7,0
36.64,113.8,0
8.87,162.7,0
27.83,191.8,1
29.64,186.8,1
5.59,254.4,0
10.79,187.4,0
37.23,125.1,0
37.34,179.0,1
35.98,139.0,0
8.45,197.2,0
22.06,147.5,0
31.06,280.3,0
23.01,102.1,0
36.24,194.1,1
2.36,210.9,0
26.87,284.6,1
5.65,143.9,1
1.13,210.4,1
21.10,205.6,1
12.94,209.6,0
27.01,272.4,0
21.90,152.4,0
22.09,226.1,0
39.51,155.5,1
36.18,218.8,0
22.24,193.1,0
14.60,214.7,0
33.80,210.5,0
18.05,218.8,1
1.40,169.9,0
0.59,169.8,0
33.64,169.8,0
1.15,230.9,0
2.94,199.3,0
2.29,135.4,0
37.40,277.5,0
1.05,172.3,1
9.37,276.2,0
14.55,299.4,0
39.19,202.5,0
31.85,222.9,0
18.76,108.7,0
31.12,105.0,1
2.78,211.4,0
31.24,168.0,0
32.84,262.7,0
3.07,268.3,1
1.49,105.8,0
0.25,259.7,1
33.81,255.3,0
20.91,234.5,1
1.62,198.0,1
29.19,221.1,0
24.97,272.5,0
34.44,227.2,0
15.13,248.1,1
39.06,153.9,1
3.43,278.0,0
6.15,173.9,1
8.18,133.0,1
22.96,114.0,0
13.29,144.9,0
26.06,119.6,0
20.84,157.7,0
13.35,132.7,0
11.50,226.5,0
9.17,292.1,1
7.59,212.1,0
30.90,175.0,0
14.79,120.7,0
7.33,145.4,0
12.23,145.7,0
5.08,170.0,0
9.83,145.9,0
16.99,186.3,0
5.57,231.7,0
2.66,118.3,0
35.38,167.2,0
0.19,122.3,1
11.67,142.5,0
6.30,172.7,0
19.12,131.9,1
24.17,150.9,1
5.06,191.0,0
20.12,123.5,0
4.70,299.4,0
35.33,202.3,0
3.11,145.5,0
12.00,214.1,1
7.78,283.0,0
21.83,239.6,0
30.54,298.6,1
29.68,145.3,0
20.19,267.1,0
22.26,297.6,0
17.54,135.0,0
29.43,283.5,0
21.90,124.0,0
16.64,121.7,0
27.15,257.0,0
39.58,271.8,0
22.07,275.6,0
31.55,201.0,1
15.99,213.7,0
0.17,296.7,0
16.04,106.2,0
14.75,194.8,1
21.83,222.1,0
18.74,193.7,0
6.96,235.3,0
18.18,177.0,1
38.45,263.1,0
6.04,242.6,0
5.22,216.5,0
8.08,176.0,0
15.99,184.0,0
16.41,137.7,0
19.15,248.3,0
8.30,232.5,0
20.18,128.1,0
23.78,214.6,1
38.35,127.0,1
3.45,186.0,0
6.92,244.2,0
32.93,192.3,0
19.07,182.6,0
13.47,158.0,0
5.55,125.3,1
17.52,249.9,1
24.64,190.3,0
0.77,274.0,0
35.12,227.2,0
14.10,230.3,0
26.82,200.8,0
19.00,194.5,0
33.25,133.4,1
14.34,264.5,0
2.94,210.1,0
0.76,242.7,0
9.05,285.1,0
38.36,128.8,0
38.66,162.4,0
20.13,147.9,0
25.96,164.5,0
35.01,185.6,0
24.38,166.1,0
6.01,120.0,0
3.91,284.6,0
34.00,288.2,1
36.26,220.0,0
9.82,282.0,0
19.05,117.6,1
36.17,256.1,0
38.75,191.2,0
13.94,205.0,0
29.79,108.4,0
14.45,246.7,0
21.90,237.5,1
32.93,277.4,0
27.32,174.0,0
2.52,289.4,1
0.70,111.9,0
9.39,289.9,0
37.28,276.4,1
24.65,108.9,1
11.68,169.6,0
8.88,199.9,0
13.83,166.1,0
8.97,192.8,0
36.71,231.4,0
24.50,252.2,0
37.69,191.3,1
23.01,170.5,0
11.46,137.5,0
13.62,253.4,0
0.06,106.6,0
30.93,205.6,1
21.61,139.8,0
21.73,182.3,1
32.80,176.1,1
34.81,118.2,1
7.79,102.4,0
5.87,278.1,1
3.30,243.3,1
4.44,239.6,0
37.24,277.5,0
35.77,249.0,1
10.68,288.6,0
0.79,197.7,0
33.88,216.9,1
20.36,276.4,0
27.74,180.1,0
31.83,129.0,0
15.56,263.4,0
1.31,282.6,0
24.04,283.4,0
22.99,285.4,0
22.92,184.1,0
2.99,140.3,0
37.16,230.8,0
3.50,167.2,1
37.94,144.4,1
30.89,137.9,1
33.95,204.0,1
38.12,145.2,1
37.65,130.3,0
23.14,210.1,0
34.01,172.7,0
16.82,240.7,0
15.72,166.5,0
25.36,183.8,1
21.91,184.5,1
37.16,126.8,1
13.35,159.8,0
2.88,277.4,0
1.46,225.3,0
0.10,239.3,1
0.22,260.0,0
27.68,202.1,0
6.77,296.7,0
1.12,255.8,0
38.96,285.8,1
24.29,272.1,0
33.29,248.5,0
24.01,103.2,0
36.06,281.3,1
21.58,126.7,0
24.13,182.4,0
22.89,221.0,0
25.50,228.5,0
25.60,218.1,0
12.12,147.5,0
19.31,134.6,0
25.99,294.6,0
37.02,199.9,1
14.10,102.1,0
17.09,178.5,0
0.63,187.2,1
35.81,259.4,1
14.27,170.7,0
17.75,175.8,0
27.49,287.0,1
6.60,245.4,0
12.70,160.8,0
12.69,267.1,0
17.48,174.9,0
20.24,192.1,0
7.71,111.4,1
12.37,140.8,0
4.41,103.6,0
3.58,213.4,0
0.57,268.6,0
28.39,298.7,0
21.18,292.3,0
10.98,147.3,0
32.59,235.0,0
14.72,177.1,1
9.49,149.2,0
24.19,170.5,0
5.14,292.7,0
1.70,169.9,0
5.66,120.3,0
19.51,231.6,0
9.84,276.7,0
20.14,149.1,0
24.38,167.8,0
37.59,214.4,0
29.22,189.1,0
13.94,229.8,1
11.49,221.8,1
38.99,167.3,0
34.39,197.0,1
0.06,254.2,0
5.33,249.5,0
4.47,281.5,0
10.94,258.8,0
13.38,228.1,1
5.88,237.2,0
16.81,174.1,1
34.98,258.7,1
7.87,279.7,1
12.71,286.9,0
2.49,256.2,0
39.91,294.2,0
25.62,194.9,1
14.76,173.3,0
2.03,243.6,0
1.24,246.9,0
28.59,179.4,0
23.51,272.1,0
38.29,267.7,0
12.48,103.1,1
32.84,155.5,1
19.87,194.0,0
12.76,203.5,1
22.51,247.5,0
24.75,213.3,0
34.60,178.5,0
2.79,206.0,0
13.09,119.9,0
30.68,163.8,0
20.42,148.8,0
16.90,192.0,0
30.79,231.0,0
15.50,181.0,0
38.66,113.9,1
25.76,213.3,0
1.74,262.4,0
2.13,158.6,0
20.99,185.1,0
31.04,233.3,0
10.54,273.1,0
23.54,186.1,1
8.01,271.8,0
15.54,169.4,0
21.20,264.5,0
16.78,117.6,0
37.13,227.5,0
32.56,114.7,0
25.82,219.7,0
17.16,192.8,0
9.04,118.0,0
23.52,116.8,0
30.93,116.0,0
2.61,118.1,0
14.62,267.4,0
13.79,114.3,0
39.68,122.2,0
31.11,297.2,0
39.22,141.7,0
27.92,264.5,0
24.29,137.1,0
2.68,103.1,0
30.57,292.2,0
29.78,223.8,0
33.34,187.6,0
26.57,212.1,1
6.73,196.2,0
22.87,267.9,1
6.55,297.7,0
21.54,188.7,0
0.07,215.7,0
18.27,233.3,0
4.11,232.9,0
34.45,256.9,0
28.27,225.9,0
3.50,203.0,0
33.68,166.5,0
26.52,228.5,1
30.60,178.9,1
5.47,222.0,0
39.71,139.5,0
18.89,144.8,0
23.25,270.3,1
37.59,111.6,0
26.49,234.7,0
25.86,134.1,0
11.86,274.0,0
30.84,145.7,0
27.50,281.0,1
25.65,280.0,0
18.49,154.5,0
26.15,180.8,0
3.73,184.4,1
35.05,141.9,0
25.70,100.4,0
35.80,173.2,1
35.73,213.8,1
2.92,243.2,0
31.14,180.4,1
29.93,163.8,1
7.88,203.5,0
21.13,226.5,0
20.18,186.4,0
28.87,195.1,1
23.93,290.0,0
33.85,108.2,1
6.08,217.2,0
9.49,298.1,1
15.43,256.5,1
3.10,146.9,0
36.91,112.6,0
6.72,207.0,0
30.99,156.4,0
36.98,226.0,1
15.74,217.4,0
8.72,130.2,1
34.97,129.1,0
10.08,272.3,0
11.65,288.0,0
5.91,183.5,0
3.08,231.8,0
26.36,137.4,0
17.81,238.9,0
24.82,180.6,0
39.08,150.1,0
37.17,271.7,0
15.89,168.8,0
9.13,185.9,0
23.88,143.9,0
33.69,165.8,0
33.15,154.2,0
3.20,272.2,0
20.39,255.2,0
19.27,289.8,0
31.50,211.3,0
38.03,236.3,0
21.61,100.9,0
15.08,293.7,0
32.07,293.9,0
32.27,229.8,1
5.38,209.2,1
33.21,240.4,0
32.30,216.7,0
0.95,115.5,0
25.65,101.6,0
39.22,104.3,1
6.42,224.1,1
32.12,273.9,0
21.65,247.6,1
2.27,238.1,0
25.73,176.3,1
2.54,179.0,0
9.77,140.8,0
22.99,177.8,1
16.37,167.0,0
2.15,186.1,0
20.46,277.2,0
14.58,105.3,1
37.93,294.2,1
3.11,154.5,0
39.94,181.6,0
4.68,248.4,0
17.69,221.8,0
10.36,282.2,0
9.81,212.5,0
24.34,213.4,1
39.00,195.6,0
6.25,184.4,0
1.78,124.5,0
21.06,162.9,0
34.31,155.4,0
22.11,229.9,0
22.18,241.9,0
8.63,182.8,0
24.50,278.0,0
33.23,193.2,0
9.40,221.3,0
27.16,137.5,0
8.29,225.6,0
25.41,184.2,0
33.09,182.9,0
15.09,270.7,0
38.64,215.4,1
31.37,184.5,0
15.94,266.9,1
17.82,297.1,0
0.24,136.8,0
3.14,143.5,0
2.13,176.2,0
20.26,280.2,0
5.16,150.4,0
9.99,240.5,0
39.86,247.0,0
25.00,170.0,0
17.40,199.9,0
22.26,206.8,0
30.02,146.6,0
1.43,101.8,0
15.28,249.2,1
32.55,267.0,0
34.42,222.2,1
23.03,270.0,0
6.64,282.2,1
18.81,156.5,0
33.36,246.5,1
5.47,102.2,0
27.22,230.1,0
22.65,234.9,0
24.77,261.5,0
27.84,196.3,0
13.62,224.3,0
14.92,113.2,0
33.47,281.7,0
38.12,283.7,1
31.01,262.5,0
17.38,189.9,0
8.90,127.2,0
31.79,284.7,0
22.80,173.2,0
34.86,130.5,0
19.63,256.3,0
14.62,280.4,0
4.87,184.1,0
18.29,240.7,0
17.37,289.1,0
34.61,235.7,0
1.03,297.5,0
24.78,111.1,1
19.62,195.2,0
25.09,152.0,1
16.06,171.6,0
30.90,286.0,0
39.31,258.4,0
12.14,237.7,1
14.25,211.5,0
14.81,206.8,1
8.09,194.3,0
9.60,152.3,1
28.38,233.3,1
18.13,189.9,0
35.15,294.8,0
14.84,164.7,0
0.27,238.0,0
32.88,231.5,1
7.84,119.0,0
23.87,178.7,0
32.87,180.7,1
4.74,288.2,0
30.02,151.6,0
6.34,227.0,1
11.58,275.6,0
7.40,237.7,0
17.15,194.7,0
37.22,180.2,0
38.15,222.1,0
32.08,176.6,0
18.52,152.8,0
3.18,147.8,0
14.34,188.9,1
35.09,189.5,1
25.44,184.9,1
6.18,187.7,0
1.08,166.3,0
24.40,225.3,0
11.80,102.8,0
21.15,119.9,0
33.34,261.5,0
39.53,143.4,0
13.58,210.3,0
26.21,113.0,0
39.99,237.9,1
1.43,189.2,0
35.45,228.2,0
29.87,259.4,1
13.23,161.8,0
34.90,202.1,0
35.38,231.2,1
35.69,258.7,0
7.54,282.9,0
18.73,299.8,0
15.56,272.2,0
33.48,271.8,1
35.04,266.5,0
19.55,274.6,0
21.19,129.1,0
21.83,293.4,1
39.61,169.2,0
12.45,178.3,0
28.46,288.0,1
31.00,143.8,0
39.31,165.7,0
13.93,192.5,1
29.85,297.6,0
21.81,146.4,0
18.28,107.7,0
24.81,249.9,0
16.91,294.0,0
28.17,176.4,0
14.26,212.0,1
5.54,299.6,1
34.50,233.9,1
39.00,107.5,0
32.68,267.0,0
37.04,171.3,1
9.35,141.0,0
17.81,286.3,0
20.70,236.3,0
15.80,166.1,0
4.44,201.3,0
2.37,217.6,0
6.31,134.6,0
24.03,251.1,0
5.25,217.6,0
12.05,113.0,0
30.52,209.7,1
13.74,264.2,0
10.06,136.1,0
3.43,163.0,0
15.82,106.2,0
22.15,146.1,1
28.41,100.6,0
18.10,185.3,0
33.56,127.7,1
30.69,217.4,0
27.49,196.4,0
13.63,162.6,0
5.46,127.8,0
38.01,265.6,0
13.96,120.4,0
24.23,260.7,1
34.78,224.5,1
26.63,120.4,1
25.95,110.2,0
9.12,226.0,0
5.99,124.2,0
17.76,270.8,0
30.15,158.4,0
0.31,109.6,0
15.29,259.4,0
23.84,221.9,1
15.46,199.6,0
34.16,291.2,1
35.91,156.5,1
4.43,293.4,0
16.66,182.5,0
26.79,182.2,1
13.33,202.5,1
23.26,122.4,0
7.44,189.1,0
18.24,215.0,0
14.80,195.6,0
30.14,111.7,1
15.14,139.0,0
26.41,260.9,0
8.90,103.6,0
25.81,193.2,0
0.61,240.1,1
7.33,213.6,0
17.72,163.7,0
1.02,275.1,1
4.65,130.9,0
27.03,245.4,0
7.24,182.3,0
7.89,168.0,0
31.30,289.8,1
34.85,144.0,1
20.32,183.9,0
37.46,182.1,0
13.35,119.2,0
36.05,122.7,1
23.42,133.4,0
33.37,272.0,0
28.29,294.4,0
23.40,233.5,1
26.60,157.9,0
16.95,259.4,0
6.36,175.8,0
0.09,116.1,0
23.84,247.6,0
2.77,280.8,0
16.33,209.1,0
20.20,259.5,0
24.51,180.3,0
38.19,154.5,1
0.02,197.3,0
24.07,162.5,0
29.86,253.7,0
31.82,287.8,0
16.39,132.9,0
34.03,299.6,1
18.63,264.8,0
15.09,269.0,0
24.92,298.6,0
29.34,128.0,1
35.51,195.6,1
30.63,295.6,0
37.35,251.3,0
23.21,184.7,0
34.11,250.4,1
12.08,123.4,0
13.87,277.8,0
22.35,238.0,0
15.62,257.2,0
23.27,159.5,0
32.47,160.3,1
13.91,119.8,0
13.04,279.7,0
9.44,217.0,0
1.30,142.2,0
26.02,293.9,1
23.56,155.3,0
36.27,140.5,1
20.17,178.6,0
28.43,291.1,1
28.61,183.1,1
34.77,112.9,0
28.98,188.8,1
3.47,135.8,0
9.60,153.0,0
7.11,166.3,0
12.41,281.4,0
2.10,178.1,1
14.74,276.8,0
5.02,152.8,0
16.78,102.0,0
24.18,271.9,1
33.20,165.7,0
35.19,256.3,0
19.05,250.6,0
6.22,226.6,0
12.15,147.6,0
12.75,191.8,0
4.28,223.0,0
36.61,234.1,0
29.34,128.2,0
33.03,166.4,1
24.27,278.0,1
31.83,212.1,1
15.34,166.3,0
5.26,177.4,0
25.39,138.6,1
10.03,170.8,0
34.04,108.0,0
5.03,255.4,0
16.94,219.4,0
32.17,106.8,0
28.02,282.3,1
24.21,183.4,0
23.26,115.7,0
33.75,256.3,0
14.60,111.4,0
16.92,129.5,0
6.17,165.3,0
8.61,175.8,0
18.94,176.9,1
3.05,186.7,0
32.19,101.1,1
28.15,291.9,0
29.59,102.3,0
28.64,273.9,1
28.01,177.4,1
24.75,223.6,0
29.76,124.3,0
33.99,217.2,0
9.57,267.6,0
34.07,167.3,1
21.86,119.3,0
6.73,148.1,0
28.85,255.9,0
11.08,200.9,0
10.49,195.5,0
6.41,197.9,1
34.17,209.3,0
6.68,163.1,0
11.71,155.6,0
7.13,145.6,0
6.70,184.6,0
26.41,103.0,1
5.15,297.9,0
37.62,267.0,0
18.53,266.1,0
26.57,160.6,0
6.05,268.4,0
19.44,157.8,0
25.39,272.3,0
36.49,261.3,0
17.95,103.1,0
4.59,168.6,0
15.06,257.7,0
16.86,114.1,0
37.02,273.3,1
18.12,143.8,0
37.70,225.8,0
21.63,172.8,0
25.17,263.0,0
37.99,150.8,0
1.26,149.6,1
31.60,277.0,1
29.19,253.9,1
13.32,103.3,0
38.45,297.3,0
36.58,281.8,0
1.85,293.9,0
39.12,289.3,1
37.86,114.6,0
16.67,238.1,0
0.36,222.0,0
34.50,104.2,1
29.58,227.2,0
36.19,296.8,1
8.98,110.2,1
3.06,214.2,0
16.97,132.4,0
18.50,226.8,0
23.27,189.6,0
27.81,123.2,1
8.35,243.4,0
32.48,148.4,1
39.88,218.0,0
5.22,109.4,0
16.97,280.9,0
33.52,151.8,1
22.48,260.7,1
36.15,133.6,0
7.32,159.6,0
33.40,192.7,0
2.70,100.1,0
36.88,210.9,1
26.54,232.0,0
5.39,146.4,0
29.88,285.6,0
18.78,218.8,0
39.99,239.5,0
36.27,139.6,1
26.94,184.3,0
8.05,210.2,0
1.23,113.9,0
36.98,105.5,0
9.62,182.7,1
23.87,123.1,1
31.20,102.7,0
30.50,264.9,0
3.30,148.5,0
12.43,273.1,0
35.63,161.2,0
29.28,244.9,0
7.26,182.9,0
39.13,227.4,0
8.95,281.9,0
20.72,218.7,0
21.90,227.6,1
20.82,190.6,0
14.44,151.0,0
0.99,167.1,0
20.80,246.0,0
6.28,269.4,0
38.60,284.3,0
7.85,147.4,0
36.05,122.0,1
39.35,138.6,1
9.45,233.6,0
33.96,254.0,0
0.64,136.1,0
9.77,273.1,0
35.26,113.9,1
4.27,285.3,0
4.02,212.6,0
11.39,187.6,0
20.06,228.4,1
31.23,120.7,0
26.99,187.6,1
39.76,298.1,0
11.43,172.3,0
20.37,196.4,0
31.13,255.0,0
33.06,128.7,1
38.30,289.3,1
16.38,279.1,0
4.50,278.4,0
29.27,150.6,0
19.00,102.7,0
30.33,276.0,0
16.76,108.6,0
12.63,266.6,0
18.90,163.4,0
28.73,143.3,1
5.28,162.8,0
17.13,235.9,1
8.57,187.9,0
39.41,264.0,1
33.09,256.2,0
17.82,277.4,0
18.35,211.1,1
2.95,287.1,0
31.29,280.8,1
31.37,157.9,0
36.78,209.7,0
3.11,243.5,0
2.12,184.0,0
6.18,106.2,0
36.63,269.7,0
0.21,289.7,0
19.32,220.6,0
17.79,104.2,0
31.32,156.8,1
16.23,206.9,0
23.81,124.6,0
28.65,123.2,1
37.28,206.5,0
9.96,211.2,1
20.76,112.0,0
37.65,284.3,1
7.19,268.5,0
29.35,260.4,1
28.28,252.5,0
3.10,164.6,0
22.43,247.6,0
12.21,116.8,0
31.75,210.8,1
10.10,183.0,0
37.47,252.9,1
24.15,142.0,0
23.00,144.9,0
29.41,253.3,0
16.04,164.8,0
28.05,239.9,1
29.00,139.0,0
37.90,177.9,0
38.45,105.9,0
36.91,243.5,1
27.07,259.8,0
16.72,166.6,0
38.18,216.3,1
20.71,127.3,0
28.15,193.8,0
5.69,192.8,0
37.02,183.0,1
30.62,201.4,0
36.19,222.0,1
23.13,113.2,0
8.18,107.2,0
37.30,131.1,0
19.96,181.0,0
39.37,228.3,0
28.14,205.9,0
5.97,174.7,1
0.57,275.5,0
22.23,233.1,1
12.39,201.4,0
33.77,192.6,0
30.52,229.3,1
27.23,129.4,0
25.34,207.5,0
26.37,279.0,1
36.95,175.8,1
25.17,241.8,0
26.38,115.2,0
9.71,246.5,0
20.66,269.9,0
34.10,168.0,1
24.86,210.8,0
20.25,100.1,0
38.44,170.1,0
12.73,295.6,0
37.61,224.9,0
17.11,132.0,0
1.99,203.1,1
6.29,148.8,0
15.70,102.1,0
8.12,159.0,1
22.29,115.7,0
1.82,125.6,1
30.37,268.8,0
21.64,164.6,0
23.10,152.3,0
26.81,173.9,0
11.35,224.4,1
12.65,208.3,0
12.05,107.3,0
34.92,274.3,1
1.43,255.8,0
31.27,193.4,1
9.45,167.1,0
36.75,227.9,0
11.66,123.0,1
38.92,165.5,0
32.63,150.0,0
0.84,164.2,0
8.39,110.3,0
21.07,224.0,0
22.10,138.0,0
26.20,178.9,0
21.19,293.4,0
19.43,110.3,1
9.62,170.0,0
21.69,241.6,0
3.64,253.1,0
0.46,147.4,0
1.70,289.8,1
5.20,251.9,0
4.78,241.3,0
24.74,246.5,0
7.51,132.0,0
10.26,120.6,1
30.20,166.5,0
28.32,239.2,0
6.77,129.9,0
12.15,263.8,1
18.52,208.2,0
22.67,106.1,0
2.04,171.8,0
7.97,167.6,0
35.24,202.0,1
1.36,221.3,0
6.52,177.5,0
25.47,144.2,0
3.92,252.7,0
7.75,130.3,0
16.11,179.3,0
33.79,298.3,1
11.81,241.2,0
29.80,220.8,0
6.39,204.9,1
32.36,128.4,1
8.10,283.5,0
34.37,250.8,0
17.00,159.2,0
34.99,118.2,1
9.43,170.0,0
26.23,166.4,0
25.82,126.3,0
3.59,159.3,0
27.30,100.3,0
14.43,204.5,1
4.61,285.0,0
5.76,175.6,0
6.40,186.9,0
22.64,129.0,1
12.55,292.4,0
21.07,169.1,0
18.19,112.7,0
21.76,131.4,1
19.05,298.7,0
29.31,104.9,1
32.63,285.1,1
34.43,280.5,0
37.98,120.3,0
38.79,273.3,1
9.84,245.6,0
18.50,139.0,0
5.25,212.6,0
7.58,165.4,0
8.63,217.8,1
12.05,216.4,0
7.85,166.3,1
32.63,238.4,1
26.57,250.9,0
2.09,110.2,0
32.90,144.4,1
11.01,230.2,0
12.57,181.7,0
8.64,280.2,0
30.52,112.2,1
32.40,274.5,0
16.53,186.9,0
36.20,278.7,0
15.77,213.0,0
15.60,140.2,0
5.11,130.4,0
33.27,276.8,1
32.79,260.5,1
16.89,228.2,0
16.28,281.9,0
26.43,258.2,0
17.34,242.8,0
31.63,248.2,0
30.41,202.0,1
3.51,249.0,0
25.14,117.1,0
14.07,175.0,0
8.02,117.3,0
7.72,176.3,0
12.30,161.5,0
24.58,172.5,1
21.47,181.9,0
26.28,102.8,0
13.06,255.9,0
4.38,115.9,0
28.33,101.1,1
10.35,190.5,0
11.09,264.5,0
23.65,241.0,0
10.79,155.8,0
39.83,115.0,0
23.91,256.7,0
22.35,277.9,0
38.44,180.9,0
39.88,271.5,0
12.64,110.6,0
36.68,104.0,0
18.00,227.8,0
7.96,133.2,0
17.29,268.1,0
23.05,125.3,0
12.88,111.1,0
33.35,140.4,0
38.63,228.7,1
3.12,240.2,0
20.54,263.1,0
39.15,287.0,0
12.44,149.8,0
12.91,101.1,0
0.23,174.7,1
33.03,244.2,0
35.16,294.3,0
33.86,206.6,0
34.02,216.4,1
28.79,182.8,1
24.94,157.1,1
14.58,259.7,0
29.67,279.0,0
39.42,187.5,0
35.49,186.4,1
34.71,205.2,0
27.70,206.2,0
23.99,274.8,0
10.45,299.2,1
12.17,260.8,0
19.43,173.0,0
9.62,241.8,0
31.50,262.4,1
27.25,276.7,0
20.97,149.2,1
4.38,190.3,0
5.70,143.5,0
16.40,243.3,0
6.04,147.6,0
15.81,120.7,0
13.11,119.5,0
36.38,136.8,1
13.75,204.6,0
20.24,236.9,1
13.19,229.6,0
3.84,212.7,0
20.40,174.5,0
12.68,174.4,0
10.01,138.0,0
0.51,240.1,0
17.27,257.0,0
14.10,212.8,0
7.21,120.0,0
25.65,144.4,0
5.54,235.4,0
19.05,247.3,0
28.19,205.3,1
29.42,251.9,0
6.22,198.9,0
25.70,129.2,1
11.29,247.5,0
31.98,140.5,0
33.30,107.6,1
27.55,282.4,0
27.31,114.6,0
24.88,126.0,0
3.79,224.2,0
9.20,250.4,0
17.51,254.9,0
7.57,151.3,1
11.71,266.1,0
8.14,156.9,0
19.31,280.6,0
35.44,232.5,0
15.20,243.5,0
16.61,255.1,0
2.86,267.5,0
13.11,162.3,0
29.34,160.3,0
37.39,185.6,1
19.33,173.6,0
7.42,238.3,0
38.14,249.2,0
4.91,240.3,0
32.44,148.7,0
16.91,222.2,0
32.73,259.1,0
26.64,181.0,0
0.12,148.9,0
36.87,192.2,0
26.49,295.3,1
37.64,126.0,0
11.52,130.7,0
17.43,112.7,0
27.45,105.0,0
11.51,192.2,0
5.39,222.9,0
34.00,161.0,0
35.65,177.4,0
7.36,188.8,0
30.44,171.9,0
24.74,216.9,1
27.35,295.4,0
19.58,139.5,0
12.89,189.5,1
25.59,172.7,0
13.62,266.3,0
15.94,220.6,0
30.96,275.2,0
24.93,151.7,0
27.27,298.6,1
2.13,224.6,1
26.12,134.4,0
23.28,257.1,1
24.65,248.1,0
22.87,202.5,0
29.03,128.9,0
28.07,150.4,1
6.74,229.6,0
25.49,265.7,1
23.67,183.0,0
37.06,258.6,1
32.16,170.0,0
22.31,144.1,1
8.53,173.2,1
30.66,293.0,0
29.28,102.5,1
28.59,267.3,0
27.12,115.7,0
3.59,233.4,0
17.22,271.4,0
16.99,242.5,0
32.90,136.3,0
9.36,270.4,0
31.00,286.9,1
13.23,298.5,0
31.45,178.4,1
15.16,121.4,0
0.58,266.4,0
10.15,167.1,0
13.07,239.3,0
37.90,145.5,1
11.79,107.9,0
5.96,165.7,0
2.40,242.8,0
38.25,128.6,1
34.24,114.9,0
14.64,250.3,1
1.04,159.0,0
16.60,152.5,0
20.00,205.0,0
17.87,113.9,0
5.20,275.6,0
25.41,203.0,0
36.81,113.2,1
2.17,141.6,0
1.51,117.6,0
39.39,292.8,1
4.40,292.1,0
24.89,111.5,0
34.28,227.4,0
0.10,254.2,0
38.37,283.4,1
14.25,290.8,0
19.85,154.8,1
13.61,134.2,0
30.89,221.9,0
7.86,241.4,0
20.86,232.4,1
38.61,275.2,1
15.47,194.6,1
13.05,114.2,1
39.51,203.0,1
12.25,196.1,0
7.00,299.8,0
31.29,186.5,0
24.64,293.0,0
22.20,166.3,0
4.06,284.8,0
20.79,233.0,0
27.25,186.5,0
14.41,183.9,0
18.45,216.7,0
0.81,299.6,0
18.78,234.6,0
18.36,282.7,0
12.10,222.1,1
36.63,272.9,0
23.10,243.2,0
32.11,251.3,0
13.57,113.7,0
13.03,173.5,0
15.34,145.1,0
24.51,101.4,0
0.79,140.7,0
18.35,114.2,0
32.80,117.2,1
28.35,173.5,0
9.97,217.1,1
17.90,136.9,0
32.62,115.4,0
9.88,100.1,0
22.48,215.9,0
18.39,285.9,0
18.37,183.6,0
19.34,277.0,1
33.92,142.5,0
23.88,297.4,0
5.04,134.1,0
12.63,230.7,0
1.99,265.3,0
22.28,178.8,0
32.74,197.3,0
21.08,240.6,0
32.82,211.6,0
16.17,216.9,1
11.14,151.2,0
21.31,204.9,0
9.11,215.7,0
6.83,230.3,1
28.62,218.5,0
5.42,100.1,1
7.00,298.4,0
1.05,230.6,0
9.46,196.9,1
0.29,148.4,1
23.46,274.0,0
39.09,198.9,0
35.46,162.8,0
33.24,160.7,0
26.77,159.3,0
18.38,273.5,0
35.07,177.7,1
19.66,282.8,0
34.66,278.9,1
28.95,239.8,0
10.13,161.3,0
28.29,160.1,1
39.67,185.4,0
8.30,229.7,1
25.85,105.2,0
25.26,142.2,1
37.97,139.5,1
6.06,110.8,0
39.28,128.6,0
35.48,193.4,0
20.49,111.0,0
24.37,279.4,1
24.84,268.5,1
11.36,272.4,0
10.67,159.5,0
3.65,233.2,0
14.20,190.0,0
35.31,192.0,1
18.61,265.8,0
0.01,249.0,0
19.43,103.8,0
3.10,194.0,1
0.53,117.0,1
4.76,199.0,0
39.17,133.4,0
9.36,124.5,0
25.97,299.8,0
20.93,267.2,0
6.15,108.6,0
29.81,269.8,1
17.39,131.9,1
0.57,279.2,0
21.46,204.7,1
17.31,271.1,0
19.08,177.0,0
10.64,227.0,1
38.94,285.9,1
22.54,125.7,0
24.85,276.4,1
27.82,280.6,0
38.53,152.8,1
38.69,191.0,1
12.35,115.0,0
25.69,258.4,0
0.31,283.8,1
16.69,272.7,1
0.22,175.8,1
34.18,158.2,0
31.51,226.8,0
20.89,243.0,0
33.72,202.3,0
25.66,190.5,1
12.23,230.0,1
7.04,154.0,0
21.07,134.7,0
7.38,163.3,1
6.67,257.6,0
17.52,209.5,0
22.69,212.8,1
38.89,146.1,1
38.52,131.9,1
39.82,181.9,0
19.50,230.0,1
30.79,233.1,0
8.07,173.6,1
10.06,108.6,0
2.68,193.1,0
37.61,292.6,0
38.13,235.7,0
19.04,264.7,0
28.92,260.5,0
17.12,203.1,0
25.28,268.6,0
22.54,162.2,0
10.54,156.6,0
22.34,269.6,0
25.66,289.1,1
1.02,159.0,0
25.85,166.4,0
29.94,192.0,1
11.94,287.4,0
16.23,289.2,0
23.72,242.1,0
13.24,135.8,1
12.82,146.0,0
32.41,204.7,1
27.35,146.0,0
27.24,219.1,0
7.09,107.2,0
13.74,231.4,0
27.27,298.5,0
10.92,178.4,0
7.71,268.0,0
21.91,103.5,0
39.65,130.9,1
29.18,215.5,1
18.04,203.0,0
15.37,128.0,0
9.11,127.4,0
12.54,244.7,1
21.48,228.3,0
11.41,212.7,1
29.21,206.4,0
7.70,294.0,0
21.76,288.1,0
19.24,200.9,0
29.82,107.3,1
15.04,266.0,0
29.93,123.1,0
16.89,207.0,0
21.14,110.0,0
7.77,152.8,0
17.85,123.1,0
31.55,130.1,0
17.55,268.4,0
17.59,213.7,0
31.44,238.8,0
15.17,266.8,0
3.28,227.1,0
14.91,102.8,0
1.78,213.9,0
9.18,281.2,1
36.29,248.7,0
12.13,128.5,1
0.92,209.0,0
20.80,177.5,0
9.68,116.8,0
16.82,113.6,0
33.81,289.6,0
20.70,225.3,0
36.86,285.3,0
14.13,139.1,1
26.61,144.6,0
30.57,252.0,0
36.78,158.8,1
3.16,214.4,0
8.08,264.0,1
21.51,290.1,0
29.73,184.1,0
3.92,285.8,1
24.25,147.2,0
28.67,204.9,0
20.44,185.7,0
19.36,216.1,0
30.29,117.6,1
38.30,168.2,1
12.53,285.7,0
34.52,138.5,0
28.31,165.0,1
10.41,125.3,0
36.32,247.9,0
19.63,202.0,1
2.20,178.2,0
6.53,146.6,0
14.56,277.8,0
6.12,166.7,0
20.76,103.8,0
30.17,165.2,0
25.91,215.2,0
15.56,296.5,0
11.69,183.5,0
0.52,283.1,0
2.53,222.3,0
28.54,179.5,1
25.77,279.2,0
22.02,296.7,0
3.94,189.3,0
8.50,194.1,0
35.40,245.3,1
33.92,296.1,1
13.68,288.0,0
21.06,156.6,1
36.61,259.5,0
33.77,195.8,0
11.54,180.6,0
30.55,249.3,1
32.50,136.5,1
22.02,223.1,0
2.02,141.0,1
28.54,151.5,0
18.84,132.3,0
13.38,230.2,0
28.70,162.0,1
27.64,216.8,0
20.91,168.6,1
32.59,198.9,0
38.90,206.2,0
27.67,272.8,1
3.55,230.1,0
6.11,289.1,0
17.11,214.9,1
24.36,198.3,0
30.05,271.4,0
21.60,151.3,1
13.20,256.1,0
18.73,249.8,0
0.09,279.8,0
31.30,105.8,1
18.84,116.2,0
38.11,182.7,1
33.68,148.6,0
11.35,266.1,0
13.08,128.1,0
17.59,267.0,0
35.76,177.7,1
33.42,190.2,1
15.09,203.5,0
2.21,223.8,0
16.22,161.9,0
35.49,100.5,1
37.42,192.9,1
30.68,186.4,0
2.62,294.3,0
26.24,265.2,0
30.31,178.2,0
21.92,166.0,0
7.84,137.4,0
39.20,191.1,0
34.75,200.6,1
25.64,152.8,0
28.74,288.4,1
33.25,244.1,0
2.74,159.4,1
23.74,131.5,0
27.44,205.9,0
2.99,297.1,0
32.94,113.4,0
4.83,146.3,0
28.58,222.3,1
35.72,286.3,1
35.37,159.3,0
20.14,160.3,0
33.78,107.6,1
8.96,159.6,0
3.68,274.5,0
19.34,271.1,0
7.27,243.5,0
8.24,138.6,0
9.74,119.0,0
37.87,249.1,0
38.00,246.8,0
20.54,200.7,1
15.00,148.0,0
12.35,175.1,0
14.87,206.0,0
32.72,227.3,0
36.98,239.8,0
26.19,211.2,0
16.06,136.2,0
39.87,233.6,0
2.32,116.3,0
31.11,106.0,0
1.58,171.7,1
31.81,142.4,0
23.44,157.9,0
17.85,143.8,1
38.33,297.8,0
12.41,238.7,0
13.76,102.8,1
37.24,246.4,0
17.92,173.1,0
34.14,227.7,0
1.15,118.7,0
20.21,287.3,0
32.58,179.3,0
11.23,241.9,0
39.25,289.0,0
22.70,128.2,0
35.60,197.0,0
12.23,230.9,0
19.20,199.3,0
3.14,227.8,0
30.31,284.5,0
7.77,228.5,0
24.17,116.7,0
10.25,136.3,0
23.99,264.9,0
28.00,186.2,0
34.77,117.9,1
12.85,218.7,0
3.32,163.2,0
32.47,272.8,1
10.76,290.5,0
21.98,274.4,0
5.76,291.0,0
39.10,168.3,0
16.71,283.7,0
37.11,210.3,0
24.48,245.8,0
35.30,251.9,1
2.93,254.9,0
19.50,120.1,0
30.51,194.2,0
1.08,188.5,0
23.53,153.0,0
39.78,150.0,1
5.60,284.8,0
24.92,214.8,0
9.67,222.8,1
4.20,183.4,0
35.10,162.8,0
26.26,202.7,0
4.13,103.9,0
13.22,202.4,1
8.76,156.1,0
39.53,256.1,1
25.32,138.0,0
34.05,107.6,0
25.28,177.0,0
36.76,282.0,1
1.30,261.9,0
23.73,264.5,1
3.12,217.2,0
26.50,116.9,0
13.33,177.0,0
28.76,215.7,0
28.91,300.0,0
3.64,163.9,0
11.68,251.8,1
9.60,221.4,0
8.36,240.2,0
28.35,293.9,0
14.57,193.7,1
18.62,197.9,0
4.64,177.6,0
27.52,137.3,0
35.04,181.6,0
27.49,219.3,0
7.98,114.6,0
39.04,116.7,0
36.15,284.6,1
11.05,212.4,1
21.90,187.6,1
21.95,243.5,0
29.20,135.5,1
5.51,189.7,0
2.31,265.5,0
33.02,269.1,0
7.81,282.6,0
21.52,158.4,0
4.24,203.5,1
17.56,238.6,0
6.16,298.0,0
22.27,166.1,0
5.55,158.8,0
27.46,272.3,0
17.22,278.2,1
28.43,281.1,0
17.61,181.3,0
39.51,149.6,1
13.61,177.2,1
39.92,183.7,0
38.20,108.3,0
34.28,225.4,0
25.69,222.1,0
37.97,254.9,1
26.67,153.0,1
28.08,249.7,0
17.38,109.9,0
17.68,147.5,1
24.64,276.6,0
36.31,158.4,1
20.12,119.6,0
36.02,175.2,1
4.50,289.1,0
9.51,108.4,0
22.68,218.9,0
16.19,204.0,1
5.44,247.0,0
14.36,292.6,1
19.76,189.1,0
17.81,197.1,0
3.84,288.1,0
37.95,271.3,0
31.64,113.7,1
8.17,212.3,0
10.92,130.3,0
18.43,298.4,0
12.28,273.2,0
9.50,195.3,0
2.29,272.1,0
29.88,105.2,1
12.64,182.9,0
14.00,294.2,0
34.02,278.1,0
25.83,212.1,0
18.99,119.7,0
33.29,178.2,1
12.52,298.8,0
29.42,152.9,0
24.64,132.7,0
30.54,184.1,0
1.80,288.3,0
32.10,183.3,1
22.42,164.3,0
2.90,177.8,0
11.93,186.0,0
13.86,208.2,1
24.43,135.5,0
15.62,282.7,0
8.14,105.4,0
31.36,291.9,0
36.18,284.0,0
7.74,287.9,0
0.01,287.5,0
25.15,164.7,0
31.40,285.5,0
38.31,175.4,0
19.48,152.8,0
37.11,229.8,0
1.50,175.7,0
21.25,234.0,0
1.69,162.5,0
0.20,163.2,1
12.44,270.6,0
4.93,180.5,0
6.12,268.5,0
22.35,159.9,0
20.14,115.6,0
28.00,245.1,1
35.16,272.0,1
22.95,136.8,0
27.08,288.8,0
32.67,163.5,0
36.37,114.3,1
35.92,262.5,1
34.09,209.6,1
32.46,294.0,1
38.67,149.8,0
17.97,144.2,0
28.63,218.0,1
11.04,270.1,0
27.33,135.2,0
37.18,180.1,0
2.43,247.7,0
23.56,130.6,1
32.82,299.6,0
10.92,187.6,0
39.65,211.4,1
38.26,123.0,1
17.23,266.5,0
3.56,150.7,0
17.35,277.3,1
39.31,116.2,1
3.63,135.1,1
4.36,193.2,0
23.86,167.0,0
22.30,171.3,0
20.36,169.6,0
24.70,265.0,0
10.98,124.5,0
17.49,196.4,0
9.10,132.9,0
3.99,260.4,0
18.15,278.3,0
36.98,178.2,0
1.59,261.5,0
22.73,225.4,0
16.20,228.6,0
21.66,125.4,0
35.83,109.9,0
23.64,236.5,0
10.64,140.6,0
12.39,281.2,0
18.84,237.1,0
29.49,216.2,0
0.68,203.2,1
27.17,222.4,0
2.25,272.2,0
21.21,272.4,0
11.64,108.3,1
36.67,167.0,0
23.17,125.8,0
27.93,231.9,0
32.62,222.6,0
32.94,248.7,0
29.50,286.6,0
29.26,250.0,0
39.64,296.6,1
35.48,158.7,0
0.28,246.4,0
14.64,206.5,0
36.06,110.1,1
35.81,291.9,1
35.80,173.7,1
27.24,247.3,0
6.35,288.9,0
26.79,246.1,0
6.48,286.7,0
30.36,108.2,0
31.23,137.5,0
35.44,226.1,0
29.44,275.4,1
5.15,165.8,0
26.76,259.5,0
20.05,263.6,0
9.03,111.6,0
25.51,223.6,0
32.19,277.4,0
5.12,298.1,1
25.07,275.3,0
12.54,131.9,0
14.94,256.7,0
39.14,178.2,0
4.47,201.7,1
11.07,182.2,1
30.45,193.4,1
9.15,261.4,0
39.63,194.2,0
11.91,168.6,0
33.16,196.8,1
13.46,139.3,1
14.78,203.0,1
14.19,150.5,0
7.57,114.5,0
3.17,171.3,0
2.67,298.6,1
37.27,181.9,1
23.86,273.8,0
20.42,172.6,0
3.07,139.3,1
25.85,163.1,0
6.81,163.9,0
17.94,293.1,0
15.90,258.8,1
33.10,133.3,0
11.77,239.9,0
22.13,155.3,1
27.73,102.2,0
3.77,172.2,0
25.43,106.6,0
16.96,284.6,0
2.91,271.0,0
5.11,189.6,0
15.01,127.2,0
37.48,161.7,0
7.91,127.1,0
6.07,208.4,0
30.51,101.4,1
36.31,257.3,0
10.22,231.9,0
23.06,120.8,0
14.56,233.1,0
24.24,101.6,0
37.53,220.5,0
12.55,153.5,0
7.42,294.8,0
19.72,114.1,0
8.42,294.4,0
28.43,243.7,1
10.35,227.7,0
9.00,202.0,0
3.02,172.6,0
24.80,266.6,0
19.35,217.5,1
36.07,192.3,0
4.66,254.5,0
3.86,239.0,0
39.44,239.2,1
12.89,101.8,0
20.91,230.9,0
4.05,262.0,0
33.60,209.5,0
12.98,193.6,0
6.14,156.5,1
19.67,274.6,0
37.55,150.5,0
8.87,114.4,0
6.15,214.1,0
9.81,276.9,0
31.31,254.5,0
20.24,220.3,0
39.72,249.7,1
24.01,249.8,0
5.70,199.7,0
13.40,128.1,0
18.94,243.0,0
13.47,127.6,0
10.11,270.7,0
30.82,189.1,0
10.15,272.3,1
14.85,270.8,0
1.52,253.9,0
19.37,150.3,0
30.15,173.5,1
0.49,272.5,0
0.28,110.0,1
14.67,175.2,0
17.85,181.5,0
23.83,168.0,0
10.09,278.7,0
30.78,293.5,0
26.26,178.1,0
8.60,207.5,0
21.72,284.4,1
8.33,175.1,0
30.25,162.8,1
37.22,153.2,1
19.86,292.8,0
8.35,128.7,0
19.29,153.6,1
34.92,146.5,1
10.92,249.3,0
6.57,195.7,0
35.13,252.9,0
26.42,262.7,0
25.19,153.3,0
22.00,245.4,0
6.30,135.9,0
37.34,224.6,0
1.10,173.8,0
0.73,266.0,1
10.39,260.8,0
9.99,141.1,0
1.59,172.3,0
32.72,101.6,0
24.97,155.6,1
8.84,234.0,0
6.78,222.5,0
14.61,256.5,1
6.37,252.3,0
30.02,192.7,0
15.65,199.6,1
34.75,230.7,1
15.74,254.5,0
30.27,250.4,1
16.93,125.8,0
18.11,140.4,0
15.95,291.1,0
33.32,248.1,0
21.30,237.6,0
9.08,160.2,0
25.76,127.2,0
6.67,161.9,0
2.90,202.2,0
5.85,135.6,1
26.20,249.6,0
27.04,133.5,0
7.75,199.3,0
23.74,223.4,1
10.22,143.5,0
31.31,274.6,0
38.69,249.6,1
16.97,194.7,0
17.78,174.2,1
23.50,254.7,0
3.48,162.1,0
34.09,152.1,0
29.97,267.2,0
19.24,261.4,0
9.54,134.0,0
8.76,190.9,0
14.05,296.4,0
10.09,255.3,1
30.87,149.8,0
26.64,286.2,0
14.17,122.3,0
36.27,224.7,0
4.43,274.8,0
2.81,257.6,0
13.55,259.1,0
20.99,151.7,0
25.31,186.2,0
22.80,289.9,0
29.12,138.6,1
24.91,154.0,0
6.19,237.1,0
6.87,283.1,0
14.45,240.8,0
31.78,263.8,1
24.17,225.1,1
11.55,107.6,0
19.79,160.4,0
35.45,163.8,1
16.28,286.7,0
16.28,298.4,0
21.14,222.0,0
6.95,273.4,0
8.20,209.4,0
31.57,112.4,1
26.65,266.8,1
9.26,172.7,0
22.71,251.9,0
17.66,216.1,0
7.90,269.2,0
30.20,236.2,1
14.88,165.7,0
4.49,296.3,0
34.88,247.2,0
12.77,118.8,0
18.06,117.6,0
5.10,154.5,1
10.32,286.0,0
8.21,107.4,0
38.59,281.6,0
33.75,200.6,0
18.72,199.6,0
10.99,244.0,0
29.76,121.1,1
18.30,278.2,0
9.32,281.0,0
9.16,154.7,0
37.29,110.9,1
1.47,132.1,0
14.99,292.7,0
27.23,283.1,0
29.43,287.2,0
7.23,260.4,0
30.42,192.3,0
31.00,274.5,0
11.75,243.0,0
38.38,248.6,0
22.95,256.3,1
36.28,234.0,0
0.38,130.0,0
25.64,252.4,0
39.11,186.0,1
16.33,244.1,0
7.52,238.6,0
3.25,290.0,0
39.29,198.2,1
12.82,265.3,1
38.07,116.6,0
27.27,103.2,0
39.09,269.8,0
29.25,200.8,0
33.16,180.7,0
20.34,132.0,1
21.89,189.7,1
24.37,298.0,0
32.94,168.2,1
13.94,254.6,0
21.84,165.1,0
21.06,247.2,1
4.88,205.1,0
38.57,271.1,0
22.50,266.6,1
22.56,297.7,0
17.50,108.9,0
10.95,206.4,0
19.63,177.0,0
33.27,291.0,0
26.19,145.5,0
13.81,185.8,0
5.48,225.0,0
26.32,160.7,0
9.70,267.5,0
12.23,250.8,1
16.95,147.8,0
5.72,146.8,0
31.23,233.1,1
4.41,221.4,0
15.16,218.7,0
0.61,120.7,0
26.21,272.2,0
15.40,167.4,1
37.96,245.0,1
28.86,294.5,0
33.20,139.0,1
32.78,284.6,0
22.83,219.2,0
22.50,258.7,0
25.72,267.6,0
29.99,186.0,1
0.42,125.4,0
24.65,247.6,0
0.66,259.3,1
18.90,169.2,0
36.45,175.2,1
17.28,282.4,0
37.82,292.6,0
12.54,136.5,0
14.17,106.1,0
5.30,207.8,0
37.96,177.5,1
0.64,177.7,0
28.09,236.3,0
25.70,143.6,0
19.87,297.1,0
12.29,144.7,0
37.73,151.7,1
31.87,188.1,1
35.04,183.1,1
36.21,208.2,0
39.07,247.1,0
12.60,184.1,1
28.46,255.8,0
18.89,187.6,0
6.10,204.0,0
9.84,199.5,0
23.80,143.5,0
4.18,278.5,1
22.80,105.0,0
21.11,200.3,1
8.12,280.8,0
22.47,252.9,0
19.49,225.7,0
35.71,153.7,0
14.50,145.2,0
20.44,276.3,0
21.00,153.2,0
32.29,104.9,0
26.86,297.6,0
34.32,258.8,0
0.17,176.6,0
17.17,108.5,0
12.51,160.3,0
18.67,296.2,0
16.07,283.2,0
4.11,127.8,0
14.51,123.7,0
21.74,159.8,0
33.21,273.7,0
35.54,286.2,1
10.92,278.9,0
8.55,238.6,0
20.21,238.3,1
31.27,242.2,0
28.91,165.9,0
33.34,145.5,1
21.85,296.3,0
24.29,259.0,0
31.60,230.5,1
32.28,287.1,0
24.09,141.3,0
31.95,260.6,0
36.51,200.6,0
23.92,149.3,1
1.39,274.3,0
19.64,292.9,0
13.44,199.8,1
27.76,182.8,1
19.74,199.0,0
19.95,279.9,0
32.28,183.3,0
34.67,134.5,1
28.20,186.0,0
15.63,263.4,1
31.33,142.4,1
0.02,109.3,1
23.06,222.1,0
20.07,174.7,0
5.38,246.9,0
21.20,133.5,0
10.20,156.9,0
15.35,181.8,0
4.28,284.4,1
22.27,157.5,1
11.71,125.4,0
31.34,223.7,0
22.02,211.2,0
27.23,175.0,0
17.03,148.4,1
39.82,107.2,0
0.90,225.5,0
23.10,170.0,0
17.53,143.9,0
17.54,120.3,0
19.80,182.3,0
33.13,276.0,0
25.94,153.2,0
20.16,105.4,0
32.97,226.0,1
19.05,203.4,0
39.51,189.4,0
38.11,169.1,0
7.74,221.2,0
4.26,266.0,0
11.54,161.7,0
10.90,236.6,1
32.33,215.0,0
2.49,180.0,1
26.38,189.4,1
18.59,103.6,1
6.57,130.1,0
36.55,228.8,1
17.14,192.9,0
16.32,272.0,0
38.27,248.0,1
20.23,133.3,0
19.22,149.8,0
27.76,166.6,1
26.84,240.2,0
28.72,252.8,0
3.08,174.9,0
8.15,162.1,0
26.20,114.0,0
20.38,261.1,0
26.51,177.0,0
16.92,152.3,0
14.78,253.3,1
1.65,242.3,0
12.46,192.0,0
19.02,267.2,0
11.89,196.1,0
24.96,224.5,0
14.18,101.6,0
0.80,239.1,0
14.95,237.5,0
30.06,190.8,0
8.12,176.1,0
16.14,293.1,0
13.65,122.2,0
3.31,286.4,0
27.81,170.9,0
10.23,178.1,0
25.24,193.2,0
26.79,262.8,1
24.59,264.6,0
20.35,261.6,1
5.06,227.1,1
27.36,241.2,0
14.22,110.0,0
12.18,137.7,1
5.25,138.3,0
35.27,122.6,0
2.63,240.2,0
9.11,259.7,0
19.07,184.3,0
12.00,160.7,0
1.44,141.0,0
1.86,251.8,0
35.01,128.5,1
11.18,145.1,0
12.22,282.3,0
11.51,168.6,0
19.74,190.5,1
24.14,136.6,0
24.46,270.8,0
1.36,209.7,0
13.87,257.5,0
23.93,138.7,1
22.57,223.3,0
21.41,119.5,0
6.37,263.7,0
12.27,142.0,0
14.22,252.6,0
30.18,163.2,0
11.06,267.2,0
28.29,121.6,1
27.88,166.6,1
31.54,140.9,0
3.56,245.7,0
31.07,100.9,1
1.49,150.9,0
13.12,192.3,0
8.24,207.3,0
11.50,270.3,0
10.00,114.4,0
22.15,158.3,1
9.72,148.5,1
23.95,268.0,0
2.73,201.2,1
22.59,263.8,0
39.32,297.9,0
24.39,135.7,0
20.80,293.2,0
17.04,216.8,0
20.19,267.6,0
26.50,213.5,0
18.08,280.0,0
5.63,265.7,1
27.78,124.7,0
1.60,235.3,0
37.31,110.8,1
21.98,260.1,0
3.47,195.1,0
0.58,223.4,0
3.21,155.8,0
1.60,120.6,0
6.55,131.1,0
26.21,138.8,0
19.00,138.1,0
19.93,151.4,1
14.31,183.5,0
12.12,108.1,0
17.56,193.2,0
5.73,198.8,0
39.47,110.1,1
5.89,242.8,1
9.84,192.8,0
3.01,101.1,0
29.29,280.9,0
14.71,130.5,0
27.05,202.4,0
30.52,195.8,0
19.02,205.3,0
27.36,203.1,1
24.93,148.4,0
39.18,133.7,1
14.86,258.8,0
33.16,236.8,0
28.87,285.4,0
15.03,136.4,1
28.95,153.5,0
32.32,138.5,0
13.12,190.6,0
26.25,138.5,1
8.97,279.0,0
15.87,209.1,0
6.65,293.1,0
25.63,238.8,0
36.61,158.8,1
33.85,208.5,1
39.94,299.9,0
2.59,151.6,0
25.56,160.1,0
19.06,113.1,0
35.51,259.7,0
33.55,105.7,1
35.92,254.5,1
10.03,114.7,0
17.82,222.9,0
16.06,212.4,0
10.57,172.7,0
0.95,172.7,0
21.01,187.6,0
3.91,250.3,0
5.05,179.2,0
17.58,164.7,0
4.82,115.1,0
2.39,256.3,0
33.04,214.7,1
20.28,230.1,0
29.84,293.8,0
3.09,234.2,1
1.35,126.2,0
26.89,186.3,0
21.43,268.7,0
20.46,175.5,0
11.08,130.1,0
32.80,158.4,1
37.17,187.6,0
1.51,248.3,0
3.67,138.6,1
15.21,211.0,0
4.55,159.5,0
13.21,260.1,1
31.02,177.3,1
5.79,144.2,1
3.83,249.9,0
0.86,164.3,0
11.41,204.5,0
22.22,127.9,0
10.08,258.3,0
1.55,154.2,1
14.75,210.0,0
0.92,265.6,0
24.06,116.2,1
32.48,195.0,1
13.66,224.3,1
29.15,165.7,0
10.78,233.8,0
8.77,219.1,0
3.21,165.4,0
1.21,180.5,0
13.82,259.2,0
24.85,296.1,0
22.57,226.9,0
12.14,230.1,1
21.85,131.9,0
38.72,244.3,1
25.71,293.4,1
19.58,266.2,1
24.19,234.4,1
3.99,144.2,0
24.39,293.5,1
26.82,203.7,0
2.78,101.1,0
15.35,215.0,0
37.75,165.5,1
25.71,254.6,0
39.77,103.4,0
37.94,232.4,0
10.10,200.8,0
1.01,298.5,0
38.24,139.9,0
17.64,108.2,0
13.07,216.4,0
14.03,257.8,0
4.73,277.2,0
30.89,115.8,0
36.47,154.8,1
35.73,159.7,0
27.89,180.0,0
34.45,133.4,0
33.81,203.1,0
39.13,121.2,1
27.84,279.9,0
29.83,252.2,0
29.28,181.5,0
27.52,168.5,1
13.49,211.8,0
25.96,290.3,0
14.90,269.8,0
16.71,189.0,0
23.91,222.7,0
0.88,157.6,1
14.21,168.4,0
16.80,239.2,1
29.08,218.4,1
33.30,274.7,1
9.52,268.7,0
36.26,198.6,0
11.76,199.7,0
6.13,279.5,0
16.80,121.5,1
24.43,206.0,1
11.10,264.9,0
39.30,122.1,1
33.37,179.2,0
8.59,230.4,0
16.39,123.1,0
22.40,188.1,1
10.40,299.9,0
7.31,253.5,0
39.87,108.4,0
11.68,176.3,1
13.79,179.8,1
10.31,212.4,1
26.43,191.8,0
8.25,134.3,0
13.41,240.7,0
0.19,210.5,0
8.09,195.9,0
10.49,121.4,0
39.94,146.1,0
6.74,132.8,0
38.82,180.2,1
12.33,106.0,0
33.48,160.4,0
21.07,295.6,0
10.88,238.5,0
16.32,228.6,0
10.58,196.2,0
39.37,246.5,0
11.07,161.2,0
22.85,256.7,0
38.84,197.9,0
29.14,206.1,0
25.77,115.8,1
18.69,101.7,0
3.19,282.1,0
22.74,255.1,0
39.08,235.4,0
25.10,250.0,1
28.69,133.6,0
12.01,225.1,1
0.45,188.8,0
17.04,187.3,0
23.71,286.9,0
34.32,129.1,1
39.64,240.0,1
38.21,108.7,1
29.12,237.9,1
4.18,279.8,0
13.63,152.7,1
28.53,212.3,1
29.33,299.7,1
4.84,270.4,1
17.15,182.8,0
28.02,230.4,1
2.21,293.6,0
31.88,266.3,0
27.93,146.8,0
30.55,115.1,1
22.65,130.0,0
9.55,254.4,0
32.24,163.2,0
30.40,278.3,0
35.27,121.8,0
6.02,235.3,0
17.57,228.0,1
34.29,193.3,0
8.80,200.6,0
34.33,117.7,1
11.53,177.3,0
9.00,243.8,0
29.48,163.4,1
35.02,124.4,0
6.58,124.6,1
13.05,287.9,0
21.22,162.1,0
4.81,222.1,0
15.31,296.2,0
16.70,272.3,0
9.67,135.4,0
17.74,297.7,0
4.39,139.8,0
35.40,101.0,0
1.90,125.3,0
0.13,180.3,0
0.51,265.3,0
29.15,138.1,1
5.84,271.6,0
31.86,203.6,0
19.97,186.0,0
5.29,268.1,1
20.74,256.6,0
23.09,272.9,0
32.23,135.2,1
29.55,287.6,1
38.62,262.1,0
37.72,120.7,0
21.45,297.4,0
11.06,203.7,0
14.76,166.6,0
25.45,109.8,1
32.11,103.6,0
26.86,197.6,1
19.09,250.1,0
30.19,104.4,1
11.32,136.4,0
18.76,144.2,0
38.72,271.1,0
28.01,172.2,0
32.57,182.0,0
21.19,170.1,0
36.81,175.6,0
10.94,263.8,0
12.63,233.8,0
18.86,292.6,0
12.29,231.8,0
33.09,145.5,1
20.02,227.7,0
28.33,168.7,0
7.77,110.5,0
39.97,237.7,1
1.86,118.7,0
35.77,131.2,0
9.19,104.1,1
27.73,241.6,0
29.97,245.9,0
19.97,140.9,0
12.70,213.2,0
22.12,252.4,0
7.23,213.5,0
38.05,280.4,0
22.50,216.0,0
0.54,245.8,0
14.24,198.9,0
20.95,229.3,0
19.33,203.9,0
32.85,293.7,0
10.96,252.3,0
30.37,105.3,0
37.04,106.8,0
24.18,159.9,0
15.80,222.1,0
0.91,208.6,0
1.14,256.6,1
12.69,208.0,1
36.49,284.6,0
24.55,264.2,0
16.55,290.6,0
16.41,265.5,0
19.06,198.1,0
1.80,287.5,0
22.07,197.2,0
15.46,154.9,0
30.71,162.3,1
13.78,148.5,1
5.01,248.4,0
1.75,186.0,0
13.77,290.6,1
21.80,275.1,0
38.69,240.4,0
22.60,131.7,1
36.80,127.8,1
39.74,229.6,0
14.68,222.9,0
21.27,143.0,0
7.62,125.8,0
4.16,170.3,0
22.10,125.5,0
8.43,185.1,1
36.25,103.3,1
26.40,116.3,0
36.61,267.3,0
22.52,242.9,0
6.23,298.8,0
29.00,112.8,0
1.71,269.1,0
33.61,273.5,1
12.64,250.2,0
35.91,169.7,0
16.71,226.6,0
39.44,137.8,0
12.47,215.5,0
4.28,182.3,0
30.12,168.1,1
19.41,157.1,0
33.96,110.1,0
16.21,184.4,0
10.68,239.4,0
6.50,114.1,1
29.05,170.5,0
6.31,277.2,0
7.14,186.2,0
13.57,121.2,0
22.94,165.9,0
24.27,136.1,0
4.21,161.5,1
38.58,294.8,0
19.57,125.8,0
15.94,213.5,0
9.33,296.2,0
36.68,237.4,0
11.89,123.4,0
14.50,131.1,0
31.16,103.0,1
4.25,170.1,0
19.65,116.8,0
22.92,235.0,0
8.53,227.3,0
35.92,204.7,0
26.57,134.1,1
4.19,178.8,0
3.52,196.3,0
37.85,287.5,0
2.01,249.8,0
15.93,143.0,0
0.52,221.8,0
14.30,162.4,0
5.05,138.4,0
39.46,160.4,1
10.38,287.6,0
4.75,154.5,0
3.55,286.7,0
21.37,286.6,0
0.71,225.8,0
26.71,243.6,0
35.50,267.1,0
36.83,210.0,1
24.63,196.5,0
38.54,175.3,0
12.02,175.4,0
25.38,221.3,0
36.07,293.3,0
34.39,111.2,0
14.09,247.4,0
29.36,122.0,1
4.42,122.3,0
6.37,294.7,0
27.78,290.8,0
5.88,152.6,1
38.09,115.0,1
33.41,156.3,0
28.75,223.5,0
12.72,187.1,0
11.26,271.3,0
30.47,256.1,0
4.70,165.9,0
21.30,166.6,1
21.37,185.6,0
34.04,203.3,0
20.09,187.5,0
22.77,141.0,0
1.36,272.2,0
32.43,176.3,0
8.53,204.3,0
10.17,292.2,1
10.01,157.3,0
18.42,275.6,0
22.39,221.0,1
16.10,241.2,0
30.01,104.9,0
37.38,131.5,1
2.88,261.7,0
3.55,177.6,0
37.11,166.2,1
39.15,113.6,1
15.07,239.3,0
9.06,143.3,0
35.09,122.8,0
5.03,193.0,0
31.58,240.6,0
5.21,191.7,0
4.07,269.2,0
22.81,222.9,1
2.54,262.6,0
14.35,114.9,0
1.49,173.3,0
10.82,242.3,0
26.60,154.4,1
4.53,299.3,0
1.32,285.4,1
2.83,256.0,0
3.57,242.1,0
29.48,180.9,0
31.36,132.6,0
33.68,215.6,0
8.43,213.1,1
16.35,270.7,0
13.42,122.2,0
36.35,201.9,0
39.58,181.6,1
13.36,133.5,1
15.24,197.5,0
37.70,184.7,0
7.93,258.9,0
17.28,192.7,0
13.54,298.9,0
2.46,235.2,0
29.43,161.4,1
36.01,142.2,1
31.35,202.7,1
17.64,228.1,0
30.48,114.8,0
12.11,227.9,1
26.39,169.2,0
17.50,137.7,0
23.59,161.4,0
32.54,133.7,1
28.94,166.0,0
39.36,201.4,0
19.88,275.1,0
4.13,294.5,0
14.95,232.2,0
28.46,141.1,0
9.45,179.7,1
10.36,146.6,0
11.26,122.5,0
21.17,164.1,0
4.33,282.9,0
3.50,274.8,0
19.41,102.6,0
22.49,190.1,0
35.86,164.0,0
27.71,253.3,0
14.16,195.0,0
22.38,216.4,0
30.94,217.9,0
29.54,275.1,0
30.13,107.8,0
31.29,261.6,1
31.80,291.6,1
12.43,213.6,1
8.30,224.7,1
1.18,203.3,0
19.61,162.9,0
34.92,175.8,1
20.10,187.4,0
16.52,258.1,0
4.94,108.5,0
28.95,180.8,1
4.09,257.0,1
4.55,205.9,0
25.96,204.6,0
40.00,150.1,0
35.67,226.8,0
8.64,294.1,0
26.52,235.4,0
19.67,136.5,0
7.79,290.4,0
15.67,119.8,0
10.78,133.0,0
7.77,257.5,0
10.59,194.5,0
11.91,199.5,1
14.28,275.2,0
4.04,297.9,0
30.04,269.1,0
31.49,123.5,0
19.04,238.3,0
36.62,102.4,0
29.50,120.8,0
2.15,215.9,0
17.10,189.7,0
12.09,116.2,1
19.39,215.0,0
22.94,155.3,0
8.38,131.2,0
11.61,243.7,0
32.07,213.8,0
37.00,110.0,1
33.86,263.5,1
36.90,214.9,0
23.36,275.7,0
24.96,176.3,0
39.24,194.4,0
19.00,162.7,0
36.23,177.7,1
1.37,134.2,1
28.29,261.8,1
32.70,245.1,1
23.12,219.1,1
39.54,239.8,0
14.50,133.3,0
23.15,115.3,0
2.51,190.2,0
36.34,174.3,0
12.63,137.6,0
23.07,155.5,0
9.41,262.6,0
32.26,157.6,1
32.03,238.6,0
8.88,123.6,1
29.50,286.6,0
27.13,265.0,0
26.66,179.0,0
2.24,167.2,0
35.32,286.9,0
28.42,146.7,0
6.20,289.3,0
7.43,104.7,0
32.34,114.5,0
34.20,107.4,1
32.80,168.0,0
28.23,242.7,0
15.04,270.9,0
32.40,116.9,0
6.16,153.1,0
36.15,195.2,0
38.15,296.6,1
30.90,265.6,0
35.60,278.9,0
33.53,210.4,0
21.59,246.3,1
11.74,126.5,0
39.99,238.1,1
31.42,213.4,1
19.77,108.5,0
0.28,171.8,0
36.85,121.9,1
25.59,213.6,0
25.04,236.3,0
2.16,290.8,0
30.46,139.2,0
8.51,288.3,0
11.28,173.3,0
0.64,148.6,0
33.55,124.6,1
25.02,101.6,0
27.14,192.6,0
36.12,119.2,0
6.92,231.0,1
7.48,147.1,0
27.00,236.0,0
15.85,266.9,0
32.52,286.2,0
8.92,231.0,0
11.37,250.6,0
6.66,274.7,0
1.53,147.9,0
28.65,236.2,0
12.18,265.1,0
29.88,103.5,1
20.53,185.3,0
20.53,145.2,0
23.84,299.5,0
3.73,268.2,0
2.93,254.6,0
39.32,290.9,0
6.13,151.7,1
36.33,289.2,0
32.57,235.9,1
19.99,131.9,0
34.27,132.8,1
27.51,253.0,1
0.44,215.9,0
1.64,194.3,0
12.31,196.5,0
20.36,143.2,0
38.30,216.7,0
0.65,199.8,0
24.56,292.3,0
29.20,135.2,0
38.03,133.8,0
36.83,271.4,0
20.36,186.2,0
23.34,274.1,0
38.10,238.9,1
28.27,182.8,0
3.36,125.2,0
37.49,272.7,0
28.10,210.7,0
2.25,192.1,1
32.04,144.9,0
21.37,187.6,1
26.15,256.9,0
1.93,223.1,0
18.96,201.1,0
36.80,108.6,1
26.47,240.0,0
13.81,294.3,0
23.04,299.7,0
32.25,109.0,1
37.99,268.7,0
30.10,105.2,0
31.60,160.8,0
30.80,271.8,0
8.07,103.9,0
36.07,222.8,1
2.18,191.6,0
25.42,163.0,0
32.79,118.0,0
9.33,170.5,0
4.75,201.6,0
2.02,270.9,0
37.26,239.4,1
39.27,104.7,1
9.32,290.3,0
9.06,119.7,0
0.65,173.6,0
34.49,185.3,0
10.53,237.5,0
39.99,244.1,0
7.13,222.6,0
5.38,213.4,0
7.43,146.8,0
18.00,178.6,0
18.28,174.0,0
38.93,134.7,0
4.09,115.7,0
17.03,218.1,0
8.83,159.4,1
24.29,174.6,1
28.47,220.6,1
10.50,153.7,0
13.76,179.7,1
10.95,290.2,0
11.49,239.1,0
17.18,179.1,0
9.37,245.8,0
26.04,240.3,0
4.91,242.1,0
22.25,183.7,0
17.46,160.6,0
28.56,276.1,1
38.60,183.1,0
31.72,133.6,0
15.24,227.3,0
31.83,185.9,1
28.76,144.1,0
10.90,271.8,0
0.41,284.6,0
25.22,155.8,0
24.47,261.6,0
27.28,266.7,1
23.35,296.1,1
14.02,189.5,0
27.05,189.1,0
19.77,178.6,0
4.02,292.0,1
33.58,101.9,0
12.76,246.6,0
0.81,285.4,0
16.72,224.8,1
6.35,228.0,1
4.61,150.8,0
32.35,159.4,0
30.32,176.2,1
26.20,147.3,0
29.64,206.0,0
29.57,110.8,0
39.33,145.3,0
39.66,137.6,0
39.77,159.4,1
29.04,126.1,0
30.02,213.8,0
30.94,179.1,0
19.05,241.2,0
23.82,241.0,0
32.74,209.6,1
15.84,282.5,0
30.47,119.2,0
22.53,153.3,1
14.37,233.5,0
26.92,183.5,0
22.57,129.9,1
14.12,298.4,0
7.32,280.2,0
31.24,228.4,0
34.93,278.3,0
14.12,235.5,1
34.72,123.9,1
19.77,178.1,0
12.82,282.1,1
17.85,175.1,0
21.57,231.1,0
20.25,191.6,0
2.70,242.9,0
33.65,273.7,0
23.51,202.6,0
11.57,234.5,0
30.95,112.7,1
9.58,122.1,0
11.71,235.5,0
15.87,190.3,1
17.04,185.2,0
24.55,295.9,0
24.41,189.9,0
39.15,246.7,1
38.62,160.6,1
30.55,294.6,1
29.17,205.5,0
1.18,297.1,0
16.48,255.3,0
17.59,222.7,0
6.80,259.9,0
17.88,211.6,0
39.50,278.5,1
15.25,163.0,0
16.72,149.1,1
15.84,193.6,0
5.64,234.1,0
14.11,119.8,0
30.24,239.0,0
17.25,229.4,1
27.63,232.0,0
13.88,135.2,1
22.43,257.7,0
13.03,196.9,1
24.26,203.8,0
28.87,272.0,0
39.09,152.1,0
1.40,172.9,1
31.32,166.3,1
17.96,173.9,0
27.31,192.0,0
11.88,233.0,0
20.05,233.8,0
22.31,185.6,0
3.59,286.5,0
25.71,140.4,1
36.56,114.4,0
27.43,134.8,0
34.00,180.6,0
14.43,185.9,0
35.54,186.1,0
5.32,241.6,0
39.78,261.1,1
7.49,252.2,0
11.58,297.6,0
23.28,242.8,0
30.28,217.4,0
6.07,230.6,0
14.35,159.0,0
27.68,288.9,1
21.21,267.1,0
18.08,143.9,0
19.30,195.0,0
2.44,262.2,0
39.98,176.6,1
15.40,261.4,0
16.81,116.8,0
0.89,215.7,1
19.79,190.5,0
9.84,288.9,0
7.43,223.8,1
26.20,259.7,0
28.74,260.7,1
9.17,181.8,0
29.61,219.9,0
37.12,112.3,0
39.24,128.1,0
24.11,235.0,0
29.71,251.4,1
26.31,170.1,0
14.88,136.2,0
36.91,288.7,1
19.22,241.2,0
23.02,209.9,0
6.40,107.5,0
11.72,122.0,0
33.93,234.4,1
13.73,102.2,0
18.30,120.1,0
35.41,111.1,0
31.00,168.8,0
13.52,218.3,0
1.03,181.5,0
35.31,204.0,0
34.58,255.4,0
20.96,286.5,0
29.02,227.3,0
23.78,200.4,1
11.61,261.9,0
17.74,118.7,0
9.52,227.1,1
8.23,236.7,0
19.42,279.7,0
9.48,282.5,0
37.49,229.4,0
14.35,299.8,0
21.24,128.5,1
19.46,170.8,0
6.97,290.2,0
10.85,149.7,0
0.44,166.9,1
31.22,136.0,1
32.01,156.9,0
2.07,156.4,0
15.45,194.9,0
5.59,267.2,0
28.72,293.1,0
33.06,260.8,0
35.22,153.8,1
9.60,135.9,0
3.75,139.1,0
6.36,253.1,0
30.98,102.1,0
6.42,103.2,0
39.65,238.7,0
33.01,161.5,1
1.70,107.4,1
10.33,261.3,0
36.69,227.8,0
8.76,254.0,0
6.13,155.5,0
28.97,175.5,1
14.63,164.0,0
22.86,168.7,1
19.27,290.7,1
35.78,160.0,0
15.50,248.5,0
27.50,101.8,0
31.26,249.8,0
27.42,197.2,0
27.79,209.0,0
13.73,217.1,0
30.49,257.7,1
33.82,255.3,1
26.76,230.8,0
21.80,247.8,0
12.61,237.0,1
22.68,221.1,0
22.73,241.3,0
27.57,295.4,0
36.58,208.7,1
18.22,188.9,0
31.35,277.1,0
21.65,142.3,0
6.38,241.9,0
32.10,142.8,0
28.06,184.9,0
24.00,106.6,0
0.94,154.8,0
0.64,183.7,0
11.44,223.9,0
34.00,120.9,1
8.02,129.1,0
3.89,298.7,1
6.23,235.8,0
32.93,122.9,1
7.01,208.2,0
0.74,164.7,0
0.83,295.0,0
34.48,274.0,1
12.56,284.0,0
20.88,172.5,0
36.08,167.0,0
15.37,141.4,0
12.39,159.0,0
9.23,157.2,0
22.35,156.3,0
12.25,279.0,1
23.48,277.3,0
1.33,109.8,1
16.82,209.6,0
36.48,266.2,1
27.45,279.9,0
29.05,194.6,1
35.30,247.5,0
8.59,109.5,0
37.35,280.7,0
1.94,258.5,0
9.78,173.2,0
9.28,296.1,1
31.13,116.4,1
32.60,257.0,0
14.63,259.9,0
32.12,278.7,1
11.93,286.0,0
7.92,250.1,0
19.55,175.2,0
21.14,107.6,1
39.30,165.9,0
12.22,239.4,0
27.67,161.9,0
33.34,127.3,0
26.83,231.4,0
39.81,272.0,1
5.31,237.7,0
8.73,291.2,0
26.16,135.1,0
36.59,119.0,1
8.79,263.0,0
19.10,183.6,1
0.03,118.0,0
1.18,282.5,0
23.09,227.5,0
19.80,212.5,0
28.07,185.3,1
21.61,244.5,1
20.51,275.5,0
2.62,255.2,0
19.27,192.3,0
13.48,114.2,0
0.73,170.2,0
22.72,269.8,0
9.82,191.9,0
17.45,236.3,1
7.11,101.8,0
7.83,151.2,0
9.95,173.9,0
12.62,214.6,0
17.15,142.9,0
38.26,198.7,0
9.19,105.9,0
33.81,289.3,0
38.93,188.3,0
3.61,268.4,0
22.86,164.3,0
14.57,138.7,0
35.20,137.3,0
32.09,175.5,1
16.71,233.0,0
12.42,260.9,0
7.87,161.6,0
5.40,241.5,0
9.92,284.8,0
3.68,262.2,0
38.92,290.8,1
27.17,194.3,0
0.41,261.0,0
10.81,118.6,0
13.00,224.2,0
32.36,142.2,0
30.86,137.1,0
10.47,260.6,0
8.87,294.1,0
37.44,224.7,1
31.12,184.0,1
32.31,172.1,1
39.62,238.0,1
13.65,206.0,0
1.79,206.6,0
19.64,171.7,1
15.49,149.5,1
33.63,286.6,1
29.88,282.1,0
23.12,100.6,0
30.51,185.8,0
32.75,166.9,0
8.66,248.5,0
37.69,244.2,1
9.60,233.5,0
8.20,187.7,0
9.39,234.2,0
3.71,140.7,0
35.70,252.9,1
32.02,224.2,1
6.94,259.6,0
37.47,182.0,0
0.66,166.6,0
6.91,116.0,0
17.14,151.5,0
36.68,229.6,0
29.21,105.8,1
15.74,215.8,0
37.70,271.4,1
33.09,290.8,0
22.30,286.6,0
33.89,161.2,1
3.77,194.1,1
7.50,115.4,1
18.72,180.9,0
32.65,290.8,1
23.68,242.3,0
25.11,138.1,0
3.85,135.7,0
20.23,176.7,0
28.14,109.5,0
36.78,283.5,1
18.50,162.3,0
32.85,268.1,0
20.27,260.2,0
14.10,209.4,0
38.36,254.4,1
36.76,241.6,0
5.90,149.0,0
37.23,279.9,0
33.05,196.7,0
7.65,242.7,0
4.08,286.0,0
15.43,192.4,0
28.42,211.1,1
11.75,222.4,1
13.88,247.7,0
12.82,201.5,0
2.75,141.1,0
34.25,269.7,0
24.01,235.1,1
14.90,256.9,0
26.32,212.8,1
23.22,257.3,0
9.74,172.9,0
5.85,215.0,0
13.56,225.1,1
37.01,277.7,1
24.94,212.9,1
7.15,192.2,0
30.74,219.2,0
11.41,288.1,0
3.66,136.0,0
37.04,218.7,1
8.15,254.4,0
33.38,261.6,0
23.34,285.1,1
25.89,151.6,0
7.30,131.9,0
38.52,222.3,1
2.08,267.9,0
21.89,142.7,0
28.18,166.7,0
35.95,185.7,0
32.03,278.1,0
22.20,293.6,1
3.37,115.9,0
38.07,264.2,1
36.03,151.8,1
30.57,182.1,1
10.43,171.3,0
10.68,262.5,0
23.28,137.1,0
3.87,293.9,0
16.64,115.0,0
25.23,110.6,0
35.01,229.1,1
34.95,211.9,1
16.10,134.2,0
16.43,178.0,1
2.90,261.8,0
35.42,161.3,1
11.25,116.5,0
1.18,228.2,0
3.66,133.6,0
34.18,219.5,1
19.00,251.7,0
35.54,171.3,0
13.11,154.6,0
18.44,207.1,0
1.30,195.6,0
39.49,159.3,0
28.05,106.8,0
4.92,228.2,0
24.12,183.9,0
13.16,228.7,0
12.10,276.3,0
15.28,237.9,0
9.99,247.2,1
2.52,234.7,1
22.48,209.4,1
26.11,267.4,0
23.66,299.7,1
9.06,199.8,0
17.39,129.6,1
23.72,186.3,0
10.48,281.5,0
3.56,246.9,0
30.60,213.2,1
28.50,177.4,1
12.62,105.2,0
17.11,220.0,0
3.96,293.4,1
12.10,238.2,1
1.85,118.8,1
3.67,207.2,0
10.20,190.3,0
12.04,158.6,1
2.88,148.3,0
28.36,208.7,0
11.76,191.0,1
23.08,136.2,0
19.92,296.7,0
0.10,173.9,1
7.50,190.1,0
11.63,105.9,0
26.91,116.3,1
4.88,199.8,0
22.24,285.6,1
3.06,195.7,0
21.77,153.8,0
23.09,208.1,0
36.65,182.4,0
7.92,247.8,0
25.05,122.5,1
6.82,174.4,0
39.11,241.4,0
17.55,290.9,0
39.28,204.4,1
17.90,253.7,1
38.42,285.6,1
34.46,185.2,1
2.22,187.7,0
0.78,292.2,0
0.15,247.6,0
26.78,183.6,1
15.61,117.3,0
12.78,160.9,0
6.82,274.5,0
9.87,234.6,0
12.20,218.5,0
19.26,270.4,0
17.89,228.6,1
6.95,130.8,1
2.34,224.5,0
0.43,123.8,0
16.91,190.8,1
30.83,118.4,0
39.64,116.0,1
17.24,192.5,0
27.04,181.4,0
34.16,246.8,1
38.47,197.9,0
2.10,194.7,0
4.97,234.1,0
32.05,232.0,0
18.43,196.2,0
24.62,203.4,0
32.37,226.4,0
22.24,208.2,1
21.23,141.7,0
27.10,232.7,0
12.54,185.6,0
20.76,139.0,0
27.16,217.5,0
4.19,140.3,0
11.78,199.7,0
16.02,164.9,0
27.29,122.3,0
28.19,299.7,1
6.19,153.2,1
10.59,217.1,0
9.59,154.6,0
17.79,118.2,0
16.77,159.1,0
12.30,198.6,0
19.45,269.1,0
7.07,199.7,0
17.43,197.3,0
8.66,103.2,0
29.04,138.9,0
28.17,160.9,1
24.79,255.9,1
39.76,186.0,0
15.66,159.4,0
30.59,222.8,0
14.60,290.4,0
12.94,200.7,0
7.31,298.8,0
31.07,237.4,0
12.60,247.6,0
2.35,107.8,0
33.69,115.5,1
34.33,254.3,1
16.71,111.2,0
8.71,188.8,0
33.21,209.5,0
7.88,128.8,0
24.30,130.7,0
9.85,156.8,0
24.20,115.9,0
36.38,166.9,1
31.96,272.1,1
30.91,260.2,1
5.39,206.8,0
31.81,110.7,0
21.92,284.9,1
27.02,192.0,0
26.40,241.9,1
36.79,209.2,1
10.85,171.0,0
32.02,169.4,1
21.24,291.3,0
25.67,265.7,0
27.92,148.1,0
14.67,279.2,0
30.33,210.1,0
35.00,213.2,0
25.66,197.0,0
8.98,196.0,1
31.19,256.7,0
6.97,240.0,0
19.17,163.0,0
20.45,112.6,0
26.05,288.7,0
0.27,262.8,0
13.05,289.8,0
18.48,295.9,0
14.99,188.5,0
27.21,155.3,0
37.45,184.4,0
18.44,149.5,0
19.75,194.2,0
18.11,219.4,0
4.52,173.9,0
13.30,119.9,0
32.83,210.3,1
18.86,209.2,0
25.56,299.3,0
37.37,248.2,0
0.73,233.8,0
37.36,231.8,1
6.59,207.7,1
18.52,226.1,0
37.82,119.5,0
2.83,209.4,1
13.96,212.9,1
13.76,213.0,0
11.10,226.0,0
39.56,120.1,0
13.27,150.8,1
35.77,194.9,1
9.75,165.4,0
35.88,181.7,1
28.02,157.9,1
12.62,197.9,0
18.18,230.7,0
17.32,254.1,0
8.80,101.3,0
11.83,116.7,0
24.59,269.7,0
25.97,256.0,1
29.74,104.9,1
15.14,292.0,0
30.22,144.7,0
25.28,230.1,0
35.75,149.5,0
34.64,187.5,1
39.63,104.3,0
6.95,146.6,0
7.66,176.9,0
19.41,186.6,0
39.87,128.7,0
12.54,286.7,1
23.88,226.1,0
33.15,142.4,1
16.76,183.8,1
2.30,157.0,0
6.47,158.9,0
1.38,117.2,0
15.87,154.4,0
39.90,187.1,0
31.33,215.9,1
5.66,242.0,0
13.60,169.8,0
34.28,253.7,0
24.33,206.0,0
19.58,209.7,1
23.77,174.2,0
34.60,297.4,0
39.97,168.6,1
14.79,208.7,0
19.80,287.4,0
16.96,178.1,0
33.61,184.2,1
34.52,118.6,0
17.54,122.2,0
33.75,251.6,0
10.33,295.2,0
1.05,252.7,1
37.54,243.7,1
35.13,294.0,0
30.28,285.7,1
15.01,106.4,0
21.10,277.2,0
33.33,136.4,1
37.66,206.6,0
24.21,288.3,0
34.67,187.7,0
26.25,280.9,0
27.53,158.0,1
17.06,271.6,0
27.19,136.9,0
31.17,136.6,1
9.63,164.6,0
6.47,282.5,0
14.27,281.4,0
16.17,294.9,0
28.61,283.9,1
16.18,105.0,0
18.42,144.9,1
19.05,223.3,0
17.83,260.0,0
33.96,213.1,0
1.65,110.9,0
13.06,121.9,1
35.72,279.6,0
34.81,213.5,0
37.59,130.4,1
31.14,297.2,0
8.05,256.8,0
26.47,295.0,0
30.49,169.5,0
14.25,208.5,0
32.44,286.1,1
10.14,119.2,0
3.80,133.2,0
38.93,135.3,0
31.47,238.7,0
5.53,118.4,0
22.04,279.2,0
23.52,117.3,0
7.54,221.6,0
38.22,217.6,0
17.18,205.9,0
28.90,120.3,0
26.30,235.0,0
24.93,185.0,0
10.87,219.5,0
0.48,288.6,0
32.74,175.0,0
14.65,277.7,0
33.23,245.2,0
37.09,185.2,1
14.86,197.5,0
23.19,228.5,0
9.71,153.6,0
4.34,222.5,0
3.06,141.7,0
10.92,239.6,1
30.90,129.6,0
18.08,255.8,0
36.87,201.8,0
24.88,122.8,0
1.66,101.7,0
37.78,208.9,1
25.76,125.7,0
27.49,130.0,0
36.41,194.2,1
12.16,284.9,0
23.30,269.2,0
1.76,140.7,0
37.05,133.7,0
19.49,124.6,0
9.01,139.1,1
13.09,245.8,1
6.43,128.2,0
3.21,176.0,0
30.02,206.9,0
34.54,253.9,1
20.63,168.7,1
2.81,290.1,0
6.19,169.7,1
9.49,143.0,0
25.50,169.5,1
11.39,203.6,1
23.41,110.9,1
3.45,198.8,0
27.10,232.1,0
2.11,121.2,0
1.06,165.7,0
16.88,281.8,0
30.91,190.1,0
3.68,190.6,0
12.72,224.3,0
5.48,106.1,1
37.81,101.0,1
2.44,113.1,0
11.21,224.9,0
21.67,125.3,0
2.52,235.0,0
38.09,129.3,1
5.28,104.2,0
24.91,194.2,0
6.78,173.8,0
10.06,282.4,0
32.40,208.5,1
18.07,298.9,0
7.03,287.0,0
25.91,254.1,0
9.92,107.0,0
27.50,281.5,0
28.78,153.5,0
33.13,124.3,0
21.40,116.1,1
23.00,154.8,0
6.03,282.3,0
6.22,197.8,0
21.88,197.3,0
11.64,165.2,0
19.48,271.0,0
23.14,256.0,1
16.87,188.9,0
20.51,221.6,1
5.38,167.4,0
29.18,104.0,0
23.10,281.8,0
31.67,106.7,1
14.66,173.6,0
26.64,188.5,0
25.58,229.2,0
25.63,200.4,1
17.51,141.8,0
15.36,160.0,0
22.13,220.3,0
22.37,265.9,1
28.54,152.1,0
12.36,122.5,0
39.83,236.4,0
39.62,298.1,1
26.45,293.0,1
33.31,256.5,0
24.44,290.4,1
21.53,153.6,0
27.81,182.3,0
3.48,101.9,0
7.79,271.3,0
25.04,242.8,0
18.04,222.3,0
24.52,295.4,0
3.07,106.7,0
34.98,260.6,0
17.98,150.3,0
18.09,111.7,0
19.93,266.0,0
24.57,182.7,0
27.37,287.6,0
3.28,257.7,0
39.64,111.1,0
17.03,160.4,0
31.50,236.0,0
35.12,143.9,0
26.12,180.5,1
4.05,143.2,0
21.10,262.0,1
16.34,204.8,0
22.36,143.5,0
22.96,104.6,0
2.44,113.9,0
26.62,253.5,1
29.65,234.9,0
32.49,223.9,0
36.35,165.9,0
37.53,207.1,1
4.85,288.4,0
16.15,190.7,0
26.04,192.9,1
16.10,291.9,0
32.16,142.7,1
5.61,130.5,0
36.69,297.5,1
26.93,177.6,1
1.00,211.0,0
33.54,144.9,1
37.08,163.8,1
36.41,145.1,0
36.34,103.6,0
37.33,153.6,1
36.85,149.6,1
31.45,186.9,0
23.52,132.1,0
21.72,126.6,1
24.39,107.6,0
4.76,124.1,0
28.56,236.4,0
15.20,283.5,0
22.48,149.3,1
33.12,287.5,1
1.32,202.4,0
27.20,174.8,0
28.31,219.7,1
10.09,290.5,0
22.13,106.3,0
7.95,232.1,0
30.31,155.8,0
35.56,238.2,0
10.87,240.5,0
2.84,244.7,1
36.37,116.5,1
1.04,115.3,0
8.75,126.4,0
27.85,132.1,0
16.96,203.7,0
3.71,276.9,0
2.44,231.8,0
30.16,222.8,0
8.06,112.3,0
22.43,116.6,1
25.56,298.0,0
32.20,270.4,0
8.86,102.4,1
6.53,265.0,0
4.95,236.2,0
30.41,173.2,0
21.14,269.6,0
0.08,154.7,0
10.65,158.1,0
0.88,282.7,0
18.61,148.0,0
22.69,274.3,0
5.34,233.0,0
31.82,136.7,1
24.06,206.8,0
5.15,123.3,0
25.93,208.7,1
25.48,135.4,0
2.50,112.2,0
38.04,180.3,0
21.21,264.0,0
31.00,227.1,0
37.41,121.3,1
17.19,285.9,0
23.90,161.5,1
8.06,102.3,1
5.48,175.5,0
3.68,256.3,0
34.00,194.4,0
20.26,186.3,0
21.23,210.3,1
0.44,292.2,0
6.15,257.2,0
25.69,138.3,1
9.41,298.3,1
15.68,135.6,1
18.42,161.8,0
39.15,262.8,0
4.43,239.0,0
39.08,261.4,0
6.33,221.9,0
32.59,269.6,1
34.00,122.3,1
33.21,138.2,1
26.94,179.6,0
6.52,229.3,0
3.65,229.6,0
32.92,150.4,0
6.49,298.1,0
9.40,267.5,0
38.52,198.5,0
19.08,153.5,0
13.76,280.6,0
13.63,212.8,0
13.79,223.1,0
25.98,112.9,1
5.76,254.3,0
7.03,135.6,0
39.05,248.2,0
15.13,156.6,0
20.63,167.4,0
20.48,143.8,0
27.02,201.0,1
31.20,296.4,0
30.37,122.5,0
37.88,125.5,1
20.43,100.0,0
38.88,200.0,0
23.15,205.0,0
0.65,180.2,1
15.53,145.7,0
4.73,299.5,0
19.31,130.1,0
13.20,297.3,0
37.70,175.8,1
25.45,137.9,0
22.13,135.2,0
10.85,109.9,0
19.98,280.5,0
9.00,271.8,0
13.23,290.9,0
11.99,113.7,0
4.88,293.3,0
9.35,259.0,0
4.77,174.9,0
28.18,119.1,1
8.54,180.0,0
15.21,276.1,0
0.19,159.0,0
8.28,118.2,0
24.89,266.0,0
15.00,237.8,0
2.84,134.4,0
17.83,102.3,1
0.82,270.1,0
15.49,130.3,0
29.88,230.8,0
2.76,113.0,0
1.73,257.8,0
38.19,199.2,1
1.97,262.1,0
27.41,121.0,0
38.48,157.3,1
30.47,257.1,1
7.51,270.6,0
31.39,289.5,0
9.96,198.1,0
18.88,155.1,0
1.71,181.5,0
37.86,199.9,1
15.71,228.0,0
39.43,260.3,0
27.11,257.6,0
7.75,185.8,1
33.78,291.1,1
13.35,102.8,0
25.66,238.6,1
6.71,133.2,0
3.19,159.3,0
25.42,223.4,0
23.36,121.9,1
39.76,179.2,1
10.42,169.0,0
31.26,234.2,1
16.27,269.5,1
29.91,204.1,1
11.29,295.1,0
13.66,270.7,0
27.04,204.0,1
32.84,100.2,1
1.06,213.9,0
3.89,257.6,0
9.39,195.3,0
4.28,265.1,1
31.52,226.4,1
27.83,204.3,0
39.42,142.5,0
14.57,128.3,0
32.77,208.4,0
8.15,268.7,0
21.23,116.1,0
36.11,141.8,0
11.19,166.9,1
26.63,214.7,0
14.50,233.7,0
29.08,299.1,1
28.55,246.2,0
14.70,168.5,0
38.35,122.8,0
1.00,239.3,0
28.67,158.8,0
21.48,281.3,0
36.30,277.7,0
38.90,255.3,0
34.29,235.6,1
17.97,115.5,0
32.13,142.0,0
2.28,234.8,0
18.97,148.0,0
31.90,111.0,0
17.46,179.4,0
19.98,165.2,0
29.09,287.2,0
25.75,230.6,1
13.64,180.3,0
19.13,125.8,1
32.40,104.6,0
11.72,108.3,1
35.75,202.7,1
21.58,217.2,0
32.86,229.5,1
35.44,147.0,0
26.86,153.8,0
23.55,174.7,0
36.18,247.3,0
8.30,289.9,0
9.45,211.6,0
15.63,237.2,0
0.45,121.0,0
4.74,255.1,0
32.30,241.1,0
35.98,189.1,0
12.79,275.1,0
16.95,274.7,0
31.91,223.7,1
13.12,296.5,0
22.22,100.2,0
12.16,170.2,1
6.61,267.0,0
5.80,293.8,0
31.46,239.0,0
28.06,215.7,0
0.53,137.5,0
37.01,114.9,1
14.70,174.2,0
33.58,134.8,1
37.38,122.7,0
13.47,103.3,0
23.49,281.8,0
31.92,186.1,1
32.19,239.2,0
38.07,140.0,0
5.21,287.2,0
25.47,123.0,0
12.32,285.0,0
25.57,173.7,0
13.04,293.3,0
16.14,106.8,0
10.81,140.1,0
34.40,106.3,0
8.44,197.3,0
14.82,144.2,0
0.85,297.5,1
8.02,251.1,0
26.34,122.2,1
31.03,188.7,0
32.32,247.6,0
20.86,230.4,0
20.76,194.1,0
30.72,135.0,1
21.07,123.2,0
36.52,121.5,0
13.11,163.4,0
4.11,140.7,0
12.82,244.0,0
36.09,112.7,1
9.36,290.4,0
28.95,210.6,0
6.48,214.8,0
19.17,144.2,0
10.27,274.8,1
6.19,190.6,0
6.42,114.4,0
36.22,146.4,0
17.34,229.7,0
30.32,290.0,0
36.15,254.8,1
16.47,120.8,0
28.15,209.0,0
6.10,167.5,0
23.36,253.8,0
39.85,269.4,1
37.74,288.5,0
6.90,289.8,0
5.81,218.2,0
6.35,242.0,0
3.12,242.9,1
6.27,163.3,0
30.83,293.3,1
24.16,234.9,1
5.69,112.8,0
26.22,277.9,0
21.04,155.3,0
8.77,286.5,0
21.30,251.2,0
33.96,121.8,0
13.77,209.6,1
0.83,131.8,1
5.88,184.9,1
9.31,207.4,0
3.21,115.7,0
2.96,116.9,0
0.79,139.5,0
31.07,204.7,1
38.43,271.4,1
31.90,151.5,0
29.89,150.0,0
17.86,112.3,0
18.68,196.6,1
38.34,127.5,1
12.14,144.7,0
38.72,165.6,0
27.43,169.2,0
33.28,176.8,0
0.24,216.6,0
2.21,262.9,0
39.01,162.2,0
20.72,296.3,0
25.30,134.6,0
13.27,278.7,0
14.27,195.6,1
13.73,200.3,0
12.37,102.8,0
21.70,222.3,0
9.23,256.2,0
17.27,109.8,0
38.48,114.2,0
22.47,231.9,0
17.24,249.0,1
2.29,110.5,0
25.57,186.2,0
38.31,247.7,0
16.39,279.0,0
10.18,210.5,0
9.34,225.8,1
15.36,143.0,0
0.52,133.4,0
19.62,101.3,0
3.53,129.5,1
0.57,112.2,1
6.35,263.3,0
1.92,156.7,0
11.42,208.7,1
0.23,285.0,0
2.18,249.4,0
10.54,168.9,0
4.50,272.3,0
19.46,126.0,1
24.58,202.1,0
31.22,165.4,0
17.07,113.4,0
11.14,263.1,0
21.62,120.2,0
30.41,204.5,0
37.83,108.6,1
0.52,156.7,0
6.41,287.3,0
26.61,152.4,1
25.85,250.4,1
13.17,186.5,0
12.28,123.8,0
11.48,215.5,0
23.49,277.3,1
14.65,281.9,0
1.57,107.2,0
3.47,247.8,0
16.29,135.8,0
35.68,162.5,0
13.65,236.7,0
6.17,245.6,0
4.18,243.3,0
12.26,197.8,0
35.08,165.9,0
15.29,148.8,1
3.97,274.2,0
11.02,236.1,0
8.66,267.8,0
30.26,241.7,0
25.08,297.3,0
18.76,299.2,0
5.94,182.9,0
12.20,202.9,1
13.57,145.2,0
20.55,141.7,0
27.39,246.7,0
29.66,218.7,0
7.61,144.8,0
32.70,207.2,1
34.13,269.1,0
23.10,274.4,1
1.84,195.5,0
8.40,107.1,0
29.74,285.6,0
1.94,117.0,0
28.40,222.3,1
2.57,121.5,0
6.29,253.6,0
13.98,206.2,0
2.68,195.8,0
37.63,283.9,0
14.84,229.2,1
24.32,208.8,0
20.34,189.2,0
27.01,155.7,0
19.38,128.8,0
5.63,140.4,0
28.06,140.7,0
36.96,190.5,0
3.98,170.6,0
22.60,130.0,0
32.83,135.6,0
23.70,297.1,0
26.83,251.0,0
19.81,167.6,0
34.59,270.1,0
5.82,180.6,1
3.74,122.1,0
22.86,128.8,0
30.22,239.1,1
39.15,257.5,1
33.80,272.9,0
13.13,179.0,0
12.66,235.6,0
34.35,222.3,0
4.71,265.3,0
38.36,283.4,1
19.61,264.5,0
11.00,133.5,0
1.99,122.9,0
30.78,116.7,0
11.69,115.7,1
24.64,197.6,0
7.49,199.9,0
38.49,174.5,0
33.21,114.0,0
27.22,246.4,0
18.27,132.6,0
36.22,169.2,0
7.73,285.9,0
1.78,276.4,0
18.66,239.5,0
16.50,262.4,0
20.17,199.4,0
6.53,148.6,0
6.68,164.6,0
11.66,197.1,0
16.65,258.0,0
2.91,287.7,0
34.14,171.4,0
21.29,137.5,0
19.91,298.6,0
37.00,287.0,1
24.14,249.1,0
17.98,193.1,0
21.42,198.0,0
27.85,240.1,0
8.35,290.9,0
9.26,294.0,0
23.33,274.1,1
29.33,154.3,0
2.15,157.2,0
39.14,266.8,1
15.90,167.7,0
11.77,235.0,0
21.25,171.1,0
24.68,248.3,0
21.08,221.0,0
16.29,126.1,0
22.02,227.2,0
4.96,238.3,0
4.96,267.9,0
23.63,147.9,1
38.80,130.0,1
10.11,120.6,1
36.60,180.5,0
29.14,268.8,1
13.93,151.3,0
1.14,190.8,0
22.75,116.2,0
5.07,155.3,0
35.34,234.6,1
18.62,273.9,0
24.02,273.5,0
9.54,249.6,0
37.90,102.6,1
26.00,193.7,0
17.60,255.7,0
36.00,252.2,0
36.96,281.8,1
35.83,169.6,0
26.31,251.4,0
19.31,158.6,0
0.93,192.3,0
30.05,179.9,0
5.76,247.8,0
22.66,161.2,0
0.00,231.2,0
6.99,268.4,0
7.20,287.8,0
39.20,204.0,1
7.46,153.8,1
35.45,118.9,0
11.43,149.8,1
33.74,218.8,1
18.75,239.0,1
25.47,168.7,0
25.38,135.4,0
13.10,235.8,0
35.16,275.7,0
7.53,101.1,0
27.06,140.7,0
17.60,233.2,0
6.31,113.5,0
37.30,148.6,0
11.61,137.1,1
29.32,108.3,1
17.15,275.3,0
24.29,149.7,0
13.91,175.0,0
22.47,193.6,0
10.92,104.0,0
0.94,187.3,0
3.49,214.7,0
14.36,191.1,0
35.11,299.5,0
4.36,288.8,0
17.53,254.3,0
13.71,287.2,0
23.16,222.3,0
2.98,163.4,0
29.25,240.9,0
8.95,212.5,1
15.72,153.1,0
8.62,268.1,1
37.30,273.7,0
22.81,113.3,1
1.70,210.6,0
29.22,174.4,1
23.82,188.3,0
21.42,238.7,0
22.39,297.4,0
2.63,282.4,0
30.95,268.1,0
4.00,253.2,1
9.46,202.6,0
33.85,172.7,0
21.32,123.7,1
26.99,173.4,1
10.84,285.0,0
24.23,118.7,0
0.67,174.9,1
4.87,181.3,0
4.51,133.2,0
36.44,295.9,0
33.54,205.2,0
38.39,219.5,1
20.91,180.0,0
28.37,295.1,0
14.39,278.8,0
26.16,221.0,0
13.77,106.8,0
21.57,249.5,0
25.44,206.2,1
6.01,102.4,1
5.03,195.7,0
3.64,269.4,0
7.64,127.0,0
5.84,134.4,0
4.92,286.2,1
8.03,280.8,0
17.03,184.2,0
31.62,256.8,1
18.38,178.2,1
2.34,209.1,0
12.04,134.9,1
19.65,162.4,0
18.53,254.1,0
23.80,236.3,0
24.01,183.3,0
34.98,285.7,0
30.88,121.0,0
9.54,291.6,0
21.12,200.2,0
27.61,276.7,0
9.25,202.6,0
21.59,116.2,0
13.05,160.6,1
5.87,224.9,0
11.07,101.2,0
22.28,139.7,0
24.44,207.2,0
1.70,267.3,0
13.31,263.7,1
21.52,268.3,0
12.64,104.8,0
1.55,207.2,0
2.62,275.4,0
34.08,268.6,0
31.33,160.6,1
7.54,141.7,0
22.54,115.0,0
36.47,276.5,0
3.79,190.7,0
23.82,131.0,0
18.79,188.2,0
22.93,270.8,0
31.93,143.4,0
17.79,111.5,0
36.90,227.2,1
17.19,259.4,0
29.68,146.5,0
35.68,278.8,0
5.84,228.0,0
9.09,287.5,0
17.91,258.2,1
30.88,279.7,1
6.47,259.7,1
7.24,192.9,0
10.56,202.5,0
22.21,251.4,1
23.71,127.5,0
19.54,146.0,1
0.98,153.5,1
15.00,219.0,0
36.74,125.0,0
19.00,184.4,0
27.45,139.6,0
33.38,266.9,1
19.88,197.0,0
23.15,282.8,1
38.55,294.9,0
39.86,229.6,0
27.39,237.8,1
28.22,231.3,0
24.72,267.7,0
18.75,236.6,0
4.59,181.4,0
0.18,290.8,0
32.98,248.6,0
8.44,149.2,0
21.29,297.0,0
33.86,109.2,0
36.77,138.1,0
14.92,185.4,0
20.41,120.8,0
11.97,215.9,1
30.81,249.7,0
35.88,129.1,1
7.27,290.6,0
